timestamp,machine_id,status,steam_pressure_bar,water_level_pct,flue_gas_temp_c,fuel_pressure_mbar,feedwater_temp_c,error_code,cycle_time_s,oee_pct
2026-03-17 11:37:54,BLR-004,Fault,7.16,7.59,227.06,186.62,89.52,E35,0,0
2026-03-17 11:47:54,BLR-004,Fault,10.32,66.63,240.73,42.32,91.5,E32,0,0
2026-03-17 11:57:54,BLR-004,Running,9.33,71.47,183.37,142.23,103.08,,34.7,88.0
2026-03-17 12:07:54,BLR-004,Running,7.24,48.36,243.18,171.93,89.23,,31.8,90.6
2026-03-17 12:17:54,BLR-004,Running,8.43,68.96,239.23,127.52,102.63,,35.1,61.0
2026-03-17 12:27:54,BLR-004,Running,7.7,44.15,239.89,144.53,85.9,,41.8,83.1
2026-03-17 12:37:54,BLR-004,Running,10.89,13.21,213.94,107.67,93.79,,30.7,85.4
2026-03-17 12:47:54,BLR-004,Running,7.05,1.55,200.08,159.36,81.33,,29.4,93.3
2026-03-17 12:57:54,BLR-004,Running,8.63,25.53,183.85,185.34,80.81,,28.9,91.3
2026-03-17 13:07:54,BLR-004,Running,9.77,62.89,238.02,192.1,81.45,,36.2,81.0
2026-03-17 13:17:54,BLR-004,Running,9.67,71.87,209.66,143.7,69.91,,42.3,71.6
2026-03-17 13:27:54,BLR-004,Running,8.42,5.47,204.04,105.69,86.59,,40.9,87.3
2026-03-17 13:37:54,BLR-004,Running,8.01,44.24,209.92,179.33,93.95,,34.5,72.9
2026-03-17 13:47:54,BLR-004,Running,9.84,66.85,201.25,155.67,98.45,,44.3,91.1
2026-03-17 13:57:54,BLR-004,Running,9.2,25.98,224.8,192.44,98.72,,38.7,78.6
2026-03-17 14:07:54,BLR-004,Running,10.35,26.57,206.3,141.51,84.42,,42.9,93.2
2026-03-17 14:17:54,BLR-004,Running,7.88,56.44,210.29,187.41,91.13,,37.2,75.4
2026-03-17 14:27:54,BLR-004,Fault,11.86,25.29,214.61,193.19,96.26,E37,0,0
2026-03-17 14:37:54,BLR-004,Running,9.05,44.86,185.01,63.9,82.01,,40.9,63.9
2026-03-17 14:47:54,BLR-004,Fault,9.64,8.98,195.03,197.39,90.92,E37,0,0
2026-03-17 14:57:54,BLR-004,Running,8.45,28.56,185.54,179.84,98.99,,42.7,69.1
2026-03-17 15:07:54,BLR-004,Running,12.27,44.43,237.12,162.22,84.91,,44.5,87.5
2026-03-17 15:17:54,BLR-004,Running,10.52,46.82,200.72,126.76,91.63,,34.6,85.7
2026-03-17 15:27:54,BLR-004,Running,9.58,3.53,200.53,112.91,90.37,,37.2,65.2
2026-03-17 15:37:54,BLR-004,Running,8.97,74.0,190.1,89.61,91.44,,34.3,71.8
2026-03-17 15:47:54,BLR-004,Running,9.65,22.46,202.73,91.16,94.31,,44.5,79.0
2026-03-17 15:57:54,BLR-004,Running,9.62,74.24,271.22,186.17,84.7,,29.0,65.2
2026-03-17 16:07:54,BLR-004,Running,7.83,30.99,181.18,101.83,100.02,,31.5,93.6
2026-03-17 16:17:54,BLR-004,Running,8.68,72.69,192.01,189.2,104.56,,35.4,71.3
2026-03-17 16:27:54,BLR-004,Fault,7.86,78.49,225.31,123.14,50.09,E34,0,0
2026-03-17 16:37:54,BLR-004,Running,7.94,56.56,216.55,162.87,89.6,,42.4,68.6
2026-03-17 16:47:54,BLR-004,Running,9.39,58.7,183.06,131.49,86.06,,28.3,77.1
2026-03-17 16:57:54,BLR-004,Running,7.07,57.02,239.87,68.32,78.82,,30.0,81.8
2026-03-17 17:07:54,BLR-004,Running,7.98,51.95,212.53,154.19,87.69,,36.7,77.5
2026-03-17 17:17:54,BLR-004,Fault,8.33,48.95,307.74,136.07,89.24,E34,0,0
2026-03-17 17:27:54,BLR-004,Fault,7.76,36.02,208.44,177.47,55.42,E40,0,0
2026-03-17 17:37:54,BLR-004,Running,7.36,50.69,201.53,78.68,104.19,,28.1,69.0
2026-03-17 17:47:54,BLR-004,Running,9.93,54.95,214.83,121.28,83.85,,38.6,87.5
2026-03-17 17:57:54,BLR-004,Running,8.72,50.61,207.93,104.2,96.86,,31.5,61.7
2026-03-17 18:07:54,BLR-004,Running,8.1,72.45,188.92,184.77,85.13,,38.5,64.8
2026-03-17 18:17:54,BLR-004,Running,9.97,24.44,214.72,143.07,90.69,,31.3,83.0
2026-03-17 18:27:54,BLR-004,Running,9.91,63.85,202.37,176.06,98.85,,44.9,92.1
2026-03-17 18:37:54,BLR-004,Running,7.7,79.15,217.04,187.74,86.0,,28.8,66.9
2026-03-17 18:47:54,BLR-004,Running,9.43,72.52,211.51,110.36,80.1,,28.5,85.4
2026-03-17 18:57:54,BLR-004,Running,8.49,40.97,226.49,143.55,92.88,,41.8,82.8
2026-03-17 19:07:54,BLR-004,Running,9.21,59.07,205.11,141.33,53.08,,29.0,79.4
2026-03-17 19:17:54,BLR-004,Running,9.88,75.32,258.42,93.91,84.24,,28.9,84.1
2026-03-17 19:27:54,BLR-004,Fault,8.57,45.54,300.28,179.61,90.35,E38,0,0
2026-03-17 19:37:54,BLR-004,Running,9.96,65.96,256.94,138.72,61.63,,36.6,91.8
2026-03-17 19:47:54,BLR-004,Idle,10.91,41.88,189.81,167.2,92.59,,0,0
2026-03-17 19:57:54,BLR-004,Running,7.23,45.37,186.05,178.62,91.07,,28.7,62.2
2026-03-17 20:07:54,BLR-004,Fault,8.68,10.92,233.1,190.83,93.77,E35,0,0
2026-03-17 20:17:54,BLR-004,Running,8.6,56.66,212.35,145.79,83.39,,29.7,62.5
2026-03-17 20:27:54,BLR-004,Running,9.06,56.9,197.86,164.0,91.91,,31.8,60.9
2026-03-17 20:37:54,BLR-004,Running,8.67,48.47,235.34,133.44,86.03,,35.1,90.7
2026-03-17 20:47:54,BLR-004,Running,8.49,75.81,237.28,195.05,74.48,,40.1,69.9
2026-03-17 20:57:54,BLR-004,Running,9.91,66.75,188.25,160.23,86.3,,29.9,94.2
2026-03-17 21:07:54,BLR-004,Running,7.68,54.07,208.66,103.2,80.35,,36.9,85.0
2026-03-17 21:17:54,BLR-004,Running,9.69,53.28,204.38,111.68,92.14,,42.3,72.0
2026-03-17 21:27:54,BLR-004,Running,9.71,52.03,213.73,145.44,94.31,,35.9,64.7
2026-03-17 21:37:54,BLR-004,Running,8.42,57.34,292.58,110.42,90.96,,34.9,78.8
2026-03-17 21:47:54,BLR-004,Running,7.71,48.12,225.04,113.78,102.03,,36.5,74.7
2026-03-17 21:57:54,BLR-004,Running,9.68,42.42,202.38,155.46,87.8,,43.7,84.7
2026-03-17 22:07:54,BLR-004,Running,8.74,59.24,180.24,105.23,77.33,,32.9,73.7
2026-03-17 22:17:54,BLR-004,Running,8.76,51.39,213.99,100.64,90.74,,39.3,90.6
2026-03-17 22:27:54,BLR-004,Running,9.83,49.94,258.98,126.88,96.36,,40.4,90.2
2026-03-17 22:37:54,BLR-004,Running,7.47,76.45,229.28,166.52,92.66,,39.7,88.9
2026-03-17 22:47:54,BLR-004,Running,10.77,44.36,202.41,139.99,81.15,,38.7,83.8
2026-03-17 22:57:54,BLR-004,Running,9.72,72.55,266.76,163.93,103.76,,31.0,94.3
2026-03-17 23:07:54,BLR-004,Running,9.72,52.4,198.4,133.84,96.84,,29.0,71.2
2026-03-17 23:17:54,BLR-004,Fault,8.5,73.99,279.84,55.25,101.93,E39,0,0
2026-03-17 23:27:54,BLR-004,Running,8.5,65.57,235.38,173.88,75.85,,43.0,65.7
2026-03-17 23:37:54,BLR-004,Idle,8.59,76.68,182.98,139.94,98.21,,0,0
2026-03-17 23:47:54,BLR-004,Running,8.88,64.12,222.29,177.45,99.39,,38.1,70.8
2026-03-17 23:57:54,BLR-004,Running,8.58,76.61,223.89,105.38,102.45,,30.2,82.3
2026-03-18 00:07:54,BLR-004,Running,9.16,59.23,227.35,121.11,82.57,,35.0,82.0
2026-03-18 00:17:54,BLR-004,Fault,9.61,11.93,197.49,161.36,94.25,E35,0,0
2026-03-18 00:27:54,BLR-004,Running,7.39,54.22,216.27,105.03,99.16,,38.1,60.1
2026-03-18 00:37:54,BLR-004,Running,8.41,43.54,229.74,122.86,88.77,,44.3,82.8
2026-03-18 00:47:54,BLR-004,Fault,7.67,50.61,274.77,151.41,62.8,E34,0,0
2026-03-18 00:57:54,BLR-004,Running,8.83,52.91,224.97,126.95,80.51,,44.9,85.5
2026-03-18 01:07:54,BLR-004,Running,8.57,22.02,255.74,109.47,81.97,,41.1,94.1
2026-03-18 01:17:54,BLR-004,Running,7.65,78.86,242.33,144.39,103.68,,38.9,92.6
2026-03-18 01:27:54,BLR-004,Running,7.65,47.17,219.41,198.81,88.37,,44.3,77.4
2026-03-18 01:37:54,BLR-004,Running,7.77,59.25,227.47,124.16,92.93,,33.6,84.5
2026-03-18 01:47:54,BLR-004,Running,8.86,73.43,213.94,85.58,86.69,,41.7,79.1
2026-03-18 01:57:54,BLR-004,Running,8.52,78.92,189.22,180.86,80.45,,43.6,63.7
2026-03-18 02:07:54,BLR-004,Running,8.73,77.14,228.06,199.39,89.03,,31.8,93.6
2026-03-18 02:17:54,BLR-004,Running,10.65,70.96,266.61,181.73,89.57,,42.1,86.2
2026-03-18 02:27:54,BLR-004,Running,8.14,45.7,228.11,117.15,87.69,,37.6,91.1
2026-03-18 02:37:54,BLR-004,Running,9.01,75.12,240.2,112.52,92.82,,42.9,87.5
2026-03-18 02:47:54,BLR-004,Fault,8.84,18.01,230.08,159.81,93.91,E33,0,0
2026-03-18 02:57:54,BLR-004,Running,9.78,67.02,226.48,191.08,91.89,,29.3,90.9
2026-03-18 03:07:54,BLR-004,Running,7.78,61.56,219.38,144.61,82.43,,33.1,82.9
2026-03-18 03:17:54,BLR-004,Running,9.35,34.13,196.21,157.47,99.07,,38.8,83.4
2026-03-18 03:27:54,BLR-004,Running,7.02,77.29,226.01,166.48,91.26,,39.3,74.5
2026-03-18 03:37:54,BLR-004,Running,8.94,33.48,189.36,97.24,103.44,,37.0,75.9
2026-03-18 03:47:54,BLR-004,Running,8.43,50.96,202.4,191.18,100.15,,39.7,87.9
2026-03-18 03:57:54,BLR-004,Running,9.16,25.41,180.09,99.62,89.3,,39.8,76.2
2026-03-18 04:07:54,BLR-004,Running,8.93,77.12,207.48,113.93,91.99,,41.0,71.8
2026-03-18 04:17:54,BLR-004,Running,7.97,15.05,194.48,93.5,90.66,,40.0,82.3
2026-03-18 04:27:54,BLR-004,Running,9.51,78.03,230.99,121.97,80.32,,42.9,70.4
2026-03-18 04:37:54,BLR-004,Running,7.0,61.13,229.93,120.24,100.08,,34.0,62.0
2026-03-18 04:47:54,BLR-004,Running,10.84,44.87,193.22,145.96,81.47,,35.8,89.4
2026-03-18 04:57:54,BLR-004,Fault,9.04,57.23,215.67,141.24,63.95,E31,0,0
2026-03-18 05:07:54,BLR-004,Running,7.81,42.77,216.31,121.9,98.77,,33.3,76.4
2026-03-18 05:17:54,BLR-004,Running,8.62,46.13,207.32,198.62,93.45,,31.0,94.5
2026-03-18 05:27:54,BLR-004,Running,7.56,40.49,182.15,106.48,92.2,,44.8,60.6
2026-03-18 05:37:54,BLR-004,Running,7.58,77.64,231.47,108.78,89.55,,36.9,62.3
2026-03-18 05:47:54,BLR-004,Fault,11.32,77.9,204.34,164.26,100.28,E34,0,0
2026-03-18 05:57:54,BLR-004,Running,8.26,62.72,190.06,121.66,78.59,,32.0,94.4
2026-03-18 06:07:54,BLR-004,Idle,10.22,73.19,244.25,170.92,94.51,,0,0
2026-03-18 06:17:54,BLR-004,Running,8.32,28.64,215.91,80.41,81.62,,40.9,81.6
2026-03-18 06:27:54,BLR-004,Running,8.48,43.72,217.56,99.32,99.74,,28.9,81.8
2026-03-18 06:37:54,BLR-004,Running,8.28,65.62,211.36,183.26,82.02,,35.3,85.3
2026-03-18 06:47:54,BLR-004,Fault,10.48,46.08,189.79,66.66,93.93,E39,0,0
2026-03-18 06:57:54,BLR-004,Running,8.03,79.96,304.92,171.17,97.56,,45.0,61.2
2026-03-18 07:07:54,BLR-004,Running,10.08,35.73,185.54,155.84,99.33,,38.4,82.2
2026-03-18 07:17:54,BLR-004,Running,7.79,64.4,230.57,193.22,89.07,,28.6,60.4
2026-03-18 07:27:54,BLR-004,Running,9.43,50.49,188.03,191.93,98.99,,33.6,70.7
2026-03-18 07:37:54,BLR-004,Running,8.27,64.68,224.48,169.41,99.7,,36.9,60.1
2026-03-18 07:47:54,BLR-004,Running,8.94,56.22,185.98,187.01,74.34,,34.2,72.9
2026-03-18 07:57:54,BLR-004,Running,7.47,58.82,310.32,124.22,102.43,,44.7,67.7
2026-03-18 08:07:54,BLR-004,Running,7.75,69.55,227.86,157.61,103.58,,28.1,66.9
2026-03-18 08:17:54,BLR-004,Running,7.06,50.36,226.28,104.43,99.55,,43.2,61.5
2026-03-18 08:27:54,BLR-004,Idle,8.62,47.49,211.29,157.65,98.73,,0,0
2026-03-18 08:37:54,BLR-004,Running,9.26,54.45,207.78,101.95,70.28,,39.5,74.6
2026-03-18 08:47:54,BLR-004,Running,9.81,78.88,202.4,42.53,83.39,,44.8,67.5
2026-03-18 08:57:54,BLR-004,Running,7.29,51.42,208.61,137.97,92.73,,31.6,77.1
2026-03-18 09:07:54,BLR-004,Fault,8.32,61.49,281.24,197.11,92.65,E40,0,0
2026-03-18 09:17:54,BLR-004,Running,9.99,68.18,226.6,186.89,100.69,,40.7,89.6
2026-03-18 09:27:54,BLR-004,Idle,8.46,50.79,186.83,192.68,84.23,,0,0
2026-03-18 09:37:54,BLR-004,Running,8.97,70.86,220.6,113.15,98.34,,36.8,75.7
2026-03-18 09:47:54,BLR-004,Running,9.65,76.63,215.56,160.52,81.86,,39.2,78.5
2026-03-18 09:57:54,BLR-004,Running,7.46,55.25,210.98,101.47,92.12,,36.4,88.0
2026-03-18 10:07:54,BLR-004,Running,7.74,65.36,215.91,165.05,84.41,,39.7,73.4
2026-03-18 10:17:54,BLR-004,Running,7.42,61.88,214.95,100.17,93.71,,41.0,92.8
2026-03-18 10:27:54,BLR-004,Running,8.58,37.92,196.94,191.41,90.01,,44.5,77.9
2026-03-18 10:37:54,BLR-004,Running,8.0,60.22,226.19,183.27,82.82,,35.3,87.7
2026-03-18 10:47:54,BLR-004,Running,9.98,48.5,237.17,107.27,97.1,,41.6,68.2
2026-03-18 10:57:54,BLR-004,Running,9.1,31.83,238.11,177.14,99.68,,37.4,79.5
2026-03-18 11:07:54,BLR-004,Running,7.2,69.87,189.97,98.61,82.62,,34.6,81.7
2026-03-18 11:17:54,BLR-004,Running,8.16,45.25,187.98,111.33,80.42,,32.2,64.9
2026-03-18 11:27:54,BLR-004,Fault,8.58,74.92,216.66,141.45,53.93,E33,0,0
2026-03-18 11:37:54,BLR-004,Running,7.5,62.13,180.58,109.69,79.6,,35.8,83.1
2026-03-18 11:47:54,BLR-004,Running,7.97,74.7,191.7,107.52,103.87,,42.5,82.8
2026-03-18 11:57:54,BLR-004,Running,9.54,52.47,276.64,161.61,75.57,,28.6,76.3
2026-03-18 12:07:54,BLR-004,Fault,8.47,14.86,221.77,155.14,101.06,E36,0,0
2026-03-18 12:17:54,BLR-004,Fault,9.88,44.48,191.25,197.41,62.65,E37,0,0
2026-03-18 12:27:54,BLR-004,Fault,8.46,17.89,228.61,110.05,83.14,E38,0,0
2026-03-18 12:37:54,BLR-004,Running,9.59,73.4,188.99,147.78,77.64,,38.7,74.7
2026-03-18 12:47:54,BLR-004,Running,7.71,35.91,238.82,136.19,85.53,,33.4,77.7
2026-03-18 12:57:54,BLR-004,Running,7.08,44.08,202.63,109.25,92.99,,32.6,72.7
2026-03-18 13:07:54,BLR-004,Running,9.34,50.23,239.12,136.08,98.16,,34.6,86.0
2026-03-18 13:17:54,BLR-004,Running,7.18,70.51,181.28,100.22,88.7,,37.3,81.1
2026-03-18 13:27:54,BLR-004,Running,7.05,74.07,181.94,112.0,94.46,,41.9,76.2
2026-03-18 13:37:54,BLR-004,Running,9.41,43.77,189.57,163.74,103.65,,40.5,83.6
2026-03-18 13:47:54,BLR-004,Running,8.61,65.46,218.34,116.47,80.09,,44.1,94.3
2026-03-18 13:57:54,BLR-004,Running,10.03,71.32,197.06,129.54,99.63,,40.1,86.1
2026-03-18 14:07:54,BLR-004,Running,10.91,77.51,183.87,158.05,103.93,,28.8,82.0
2026-03-18 14:17:54,BLR-004,Running,9.94,54.0,238.43,191.74,91.23,,32.3,74.4
2026-03-18 14:27:54,BLR-004,Running,10.95,62.62,195.66,85.65,90.77,,28.7,89.3
2026-03-18 14:37:54,BLR-004,Running,8.32,21.18,190.04,133.56,85.05,,31.2,86.0
2026-03-18 14:47:54,BLR-004,Running,7.56,41.13,197.95,81.1,82.41,,44.6,81.5
2026-03-18 14:57:54,BLR-004,Running,8.65,62.15,216.81,184.78,95.46,,28.4,92.1
2026-03-18 15:07:54,BLR-004,Running,9.86,63.4,238.54,110.91,99.54,,32.8,69.7
2026-03-18 15:17:54,BLR-004,Running,9.83,50.39,201.34,189.9,103.04,,39.6,82.7
2026-03-18 15:27:54,BLR-004,Running,9.83,79.37,214.82,146.85,58.7,,30.0,65.0
2026-03-18 15:37:54,BLR-004,Running,8.0,50.04,231.5,133.36,52.78,,37.2,74.3
2026-03-18 15:47:54,BLR-004,Running,7.35,44.89,227.5,177.9,101.41,,41.1,90.9
2026-03-18 15:57:54,BLR-004,Fault,8.02,8.66,180.9,122.5,73.43,E31,0,0
2026-03-18 16:07:54,BLR-004,Running,10.43,71.67,221.76,158.17,98.36,,42.4,90.8
2026-03-18 16:17:54,BLR-004,Running,7.11,59.4,225.57,170.67,56.55,,43.1,68.7
2026-03-18 16:27:54,BLR-004,Running,8.3,65.74,226.3,131.74,90.33,,33.3,92.0
2026-03-18 16:37:54,BLR-004,Running,8.69,56.36,208.55,126.45,98.9,,42.6,81.6
2026-03-18 16:47:54,BLR-004,Running,9.96,56.22,228.35,98.09,68.5,,43.2,73.9
2026-03-18 16:57:54,BLR-004,Running,7.69,71.21,228.64,164.09,80.83,,40.3,63.0
2026-03-18 17:07:54,BLR-004,Running,10.79,50.72,205.67,125.04,91.56,,29.1,93.9
2026-03-18 17:17:54,BLR-004,Running,7.79,47.54,208.89,83.12,90.35,,40.6,70.0
2026-03-18 17:27:54,BLR-004,Running,9.69,4.1,208.89,122.9,83.03,,33.9,92.7
2026-03-18 17:37:54,BLR-004,Running,8.36,47.76,226.71,132.68,90.06,,40.3,60.5
2026-03-18 17:47:54,BLR-004,Running,8.57,48.94,187.47,136.59,104.89,,34.3,75.2
2026-03-18 17:57:54,BLR-004,Running,9.9,71.69,184.11,103.77,83.25,,34.8,85.0
2026-03-18 18:07:54,BLR-004,Running,9.35,58.69,202.65,181.15,99.1,,31.4,69.2
2026-03-18 18:17:54,BLR-004,Idle,7.28,29.03,189.1,152.01,87.64,,0,0
2026-03-18 18:27:54,BLR-004,Running,9.33,71.48,214.06,140.18,86.38,,36.1,79.6
2026-03-18 18:37:54,BLR-004,Running,8.66,37.56,208.5,169.87,100.25,,29.8,62.6
2026-03-18 18:47:54,BLR-004,Running,7.62,54.6,194.94,108.84,81.59,,32.1,77.6
2026-03-18 18:57:54,BLR-004,Fault,10.73,58.2,300.44,199.41,90.34,E35,0,0
2026-03-18 19:07:54,BLR-004,Running,7.21,41.21,205.05,117.36,86.08,,31.8,82.7
2026-03-18 19:17:54,BLR-004,Running,8.9,70.27,262.25,196.01,91.2,,29.6,74.9
2026-03-18 19:27:54,BLR-004,Running,8.78,70.96,223.75,196.65,90.97,,41.8,74.5
2026-03-18 19:37:54,BLR-004,Running,7.26,75.58,226.87,199.34,89.72,,29.1,80.2
2026-03-18 19:47:54,BLR-004,Running,7.11,34.08,246.02,100.09,82.63,,42.7,61.3
2026-03-18 19:57:54,BLR-004,Running,9.27,61.94,199.78,181.63,104.38,,29.2,92.4
2026-03-18 20:07:54,BLR-004,Fault,7.39,78.75,296.64,161.12,88.3,E34,0,0
2026-03-18 20:17:54,BLR-004,Running,8.71,57.07,197.51,159.37,85.48,,34.9,84.8
2026-03-18 20:27:54,BLR-004,Running,8.43,54.86,234.37,135.35,91.32,,43.1,72.7
2026-03-18 20:37:54,BLR-004,Running,8.83,60.2,212.14,180.47,84.8,,37.2,79.8
2026-03-18 20:47:54,BLR-004,Running,9.28,55.09,196.12,118.24,89.75,,30.6,94.5
2026-03-18 20:57:54,BLR-004,Running,7.52,78.38,234.78,175.9,104.06,,35.0,86.7
2026-03-18 21:07:54,BLR-004,Running,7.01,60.32,237.41,149.08,67.35,,42.0,92.8
2026-03-18 21:17:54,BLR-004,Running,8.13,44.8,226.6,94.77,104.52,,42.4,86.1
2026-03-18 21:27:54,BLR-004,Running,9.37,49.4,181.94,179.43,84.54,,29.1,92.9
2026-03-18 21:37:54,BLR-004,Running,8.09,52.05,218.08,197.25,96.66,,40.8,87.4
2026-03-18 21:47:54,BLR-004,Idle,9.61,52.58,223.02,183.81,73.58,,0,0
2026-03-18 21:57:54,BLR-004,Fault,11.86,44.66,228.25,166.0,81.98,E31,0,0
2026-03-18 22:07:54,BLR-004,Running,7.49,54.98,222.14,72.54,98.98,,41.9,90.3
2026-03-18 22:17:54,BLR-004,Idle,7.98,71.68,227.12,119.05,84.52,,0,0
2026-03-18 22:27:54,BLR-004,Running,9.61,72.51,222.27,158.84,81.25,,42.5,85.4
2026-03-18 22:37:54,BLR-004,Fault,8.54,60.7,284.32,119.3,103.44,E35,0,0
2026-03-18 22:47:54,BLR-004,Running,7.41,44.84,194.47,105.65,96.37,,31.5,60.8
2026-03-18 22:57:54,BLR-004,Running,7.87,77.58,185.09,199.36,88.26,,38.4,61.1
2026-03-18 23:07:54,BLR-004,Running,10.19,71.27,213.42,124.95,85.24,,35.6,78.4
2026-03-18 23:17:54,BLR-004,Running,9.09,54.81,183.16,81.97,103.86,,38.3,88.2
2026-03-18 23:27:54,BLR-004,Running,8.93,68.78,232.22,121.81,71.33,,41.3,80.4
2026-03-18 23:37:54,BLR-004,Running,10.13,52.23,181.43,170.49,86.95,,37.5,85.8
2026-03-18 23:47:54,BLR-004,Running,9.52,62.86,194.13,148.69,93.02,,38.3,80.4
2026-03-18 23:57:54,BLR-004,Running,7.02,60.73,234.77,129.7,85.98,,40.7,91.5
2026-03-19 00:07:54,BLR-004,Running,7.16,51.64,191.18,74.13,88.59,,37.5,62.2
2026-03-19 00:17:54,BLR-004,Running,7.76,46.52,234.29,198.01,86.14,,32.3,87.9
2026-03-19 00:27:54,BLR-004,Fault,8.64,77.63,292.57,159.83,96.9,E36,0,0
2026-03-19 00:37:54,BLR-004,Fault,8.44,14.39,186.38,167.23,100.07,E36,0,0
2026-03-19 00:47:54,BLR-004,Running,9.85,77.21,208.69,177.32,100.36,,44.7,87.2
2026-03-19 00:57:54,BLR-004,Running,10.4,69.24,231.05,140.38,85.66,,31.5,78.7
2026-03-19 01:07:54,BLR-004,Fault,9.82,71.97,221.09,142.14,53.79,E35,0,0
2026-03-19 01:17:54,BLR-004,Running,8.36,49.0,237.83,181.71,96.25,,30.2,82.8
2026-03-19 01:27:54,BLR-004,Running,7.15,41.26,247.07,124.95,92.69,,43.6,87.6
2026-03-19 01:37:54,BLR-004,Idle,9.47,74.34,197.33,152.46,94.97,,0,0
2026-03-19 01:47:54,BLR-004,Running,10.17,43.58,187.98,194.96,83.07,,35.8,78.0
2026-03-19 01:57:54,BLR-004,Running,9.4,60.69,185.59,148.04,98.21,,40.6,66.9
2026-03-19 02:07:54,BLR-004,Fault,7.72,77.55,234.27,56.54,88.01,E37,0,0
2026-03-19 02:17:54,BLR-004,Running,10.87,77.79,230.47,177.13,71.22,,31.6,78.7
2026-03-19 02:27:54,BLR-004,Running,10.65,59.47,190.84,182.64,95.86,,39.9,91.4
2026-03-19 02:37:54,BLR-004,Running,9.24,66.36,270.43,173.74,96.89,,33.1,61.8
2026-03-19 02:47:54,BLR-004,Running,9.83,64.71,210.61,189.26,100.68,,33.8,88.5
2026-03-19 02:57:54,BLR-004,Running,7.54,78.56,229.76,186.35,96.16,,44.8,63.0
2026-03-19 03:07:54,BLR-004,Running,9.35,51.35,227.71,124.49,99.37,,32.6,63.1
2026-03-19 03:17:54,BLR-004,Running,7.95,75.08,188.31,175.82,87.88,,40.1,62.7
2026-03-19 03:27:54,BLR-004,Running,10.62,65.79,264.97,134.88,85.46,,33.6,87.7
2026-03-19 03:37:54,BLR-004,Running,7.95,52.38,215.76,189.2,93.68,,32.3,60.6
2026-03-19 03:47:54,BLR-004,Running,7.49,70.17,254.2,195.58,86.07,,33.8,66.6
2026-03-19 03:57:54,BLR-004,Running,11.08,65.36,192.55,162.28,83.55,,41.1,72.9
2026-03-19 04:07:54,BLR-004,Running,9.79,72.76,198.09,138.46,103.1,,31.7,94.4
2026-03-19 04:17:54,BLR-004,Running,7.73,51.57,263.13,197.11,88.84,,35.5,92.2
2026-03-19 04:27:54,BLR-004,Running,8.59,67.15,208.94,183.04,91.14,,39.6,62.5
2026-03-19 04:37:54,BLR-004,Running,8.3,65.74,220.82,175.59,98.28,,40.8,72.0
2026-03-19 04:47:54,BLR-004,Running,9.01,55.09,233.76,144.75,100.18,,34.1,75.8
2026-03-19 04:57:54,BLR-004,Running,9.38,41.27,209.14,166.3,86.3,,38.0,61.6
2026-03-19 05:07:54,BLR-004,Running,7.86,65.31,235.18,199.56,84.19,,38.7,68.9
2026-03-19 05:17:54,BLR-004,Running,7.81,49.42,259.35,165.27,80.01,,29.0,66.9
2026-03-19 05:27:54,BLR-004,Running,9.73,78.82,255.79,125.27,90.84,,41.2,73.7
2026-03-19 05:37:54,BLR-004,Running,7.82,20.58,193.19,134.17,104.72,,37.2,63.7
2026-03-19 05:47:54,BLR-004,Fault,9.69,40.46,309.46,95.97,82.26,E40,0,0
2026-03-19 05:57:54,BLR-004,Running,7.18,51.81,202.99,169.57,80.94,,41.6,65.2
2026-03-19 06:07:54,BLR-004,Idle,7.71,45.61,239.48,173.95,91.85,,0,0
2026-03-19 06:17:54,BLR-004,Running,10.39,78.38,234.47,188.55,86.39,,28.7,76.1
2026-03-19 06:27:54,BLR-004,Running,7.08,58.84,229.9,172.64,91.4,,41.0,69.5
2026-03-19 06:37:54,BLR-004,Running,9.03,61.57,225.38,102.13,98.29,,35.8,85.5
2026-03-19 06:47:54,BLR-004,Running,9.25,70.73,238.63,102.07,95.45,,42.3,67.6
2026-03-19 06:57:54,BLR-004,Running,8.45,68.65,189.73,153.8,100.99,,42.9,60.9
2026-03-19 07:07:54,BLR-004,Fault,8.63,9.26,280.94,176.93,86.55,E40,0,0
2026-03-19 07:17:54,BLR-004,Running,7.87,77.94,188.37,84.13,100.5,,28.9,89.5
2026-03-19 07:27:54,BLR-004,Running,7.49,78.31,237.4,186.56,102.67,,40.7,69.0
2026-03-19 07:37:54,BLR-004,Running,9.53,65.51,221.48,188.05,67.49,,28.4,70.7
2026-03-19 07:47:54,BLR-004,Running,7.18,67.26,235.36,109.99,97.56,,28.0,78.6
2026-03-19 07:57:54,BLR-004,Running,10.98,58.16,205.73,136.75,67.28,,31.4,82.9
2026-03-19 08:07:54,BLR-004,Running,10.01,77.44,211.56,141.92,87.68,,43.1,72.2
2026-03-19 08:17:54,BLR-004,Running,7.93,53.43,197.51,117.24,103.13,,42.2,82.4
2026-03-19 08:27:54,BLR-004,Running,8.45,67.22,185.31,138.57,84.03,,32.2,76.8
2026-03-19 08:37:54,BLR-004,Running,7.3,40.68,222.75,167.89,100.27,,44.9,63.4
2026-03-19 08:47:54,BLR-004,Running,8.14,69.5,183.48,191.09,97.94,,39.9,72.6
2026-03-19 08:57:54,BLR-004,Running,8.83,67.47,193.8,150.51,89.84,,44.8,88.6
2026-03-19 09:07:54,BLR-004,Running,9.73,57.38,225.84,91.59,89.94,,41.5,66.8
2026-03-19 09:17:54,BLR-004,Running,8.73,38.83,192.93,127.41,90.19,,37.0,84.2
2026-03-19 09:27:54,BLR-004,Running,8.5,76.77,194.93,129.48,82.35,,34.6,63.3
2026-03-19 09:37:54,BLR-004,Running,9.24,64.69,198.09,120.1,85.91,,36.2,81.1
2026-03-19 09:47:54,BLR-004,Running,7.52,44.17,213.61,155.65,93.16,,30.4,76.7
2026-03-19 09:57:54,BLR-004,Running,7.31,53.5,266.82,156.04,104.57,,28.1,87.9
2026-03-19 10:07:54,BLR-004,Running,9.92,50.45,205.52,184.98,90.02,,36.8,71.6
2026-03-19 10:17:54,BLR-004,Running,8.24,59.07,244.17,165.71,87.43,,35.7,84.9
2026-03-19 10:27:54,BLR-004,Fault,7.02,16.11,220.98,195.5,90.49,E39,0,0
2026-03-19 10:37:54,BLR-004,Running,7.68,44.76,182.79,123.49,87.15,,43.6,87.3
2026-03-19 10:47:54,BLR-004,Running,8.09,78.14,212.21,101.55,89.11,,29.8,74.8
2026-03-19 10:57:54,BLR-004,Running,7.93,25.24,270.63,103.26,75.1,,31.8,82.4
2026-03-19 11:07:54,BLR-004,Running,7.24,63.08,194.12,151.98,104.58,,39.5,64.7
2026-03-19 11:17:54,BLR-004,Idle,7.41,59.59,252.87,199.56,100.85,,0,0
2026-03-19 11:27:54,BLR-004,Running,9.04,59.5,195.14,100.2,99.83,,40.9,80.8
2026-03-19 11:37:54,BLR-004,Running,8.7,28.05,216.3,132.58,80.82,,32.2,74.7
2026-03-19 11:47:54,BLR-004,Running,9.46,62.2,211.48,123.8,88.01,,35.0,94.6
2026-03-19 11:57:54,BLR-004,Running,8.1,66.77,211.54,101.35,80.0,,31.3,78.8
2026-03-19 12:07:54,BLR-004,Idle,8.19,59.16,223.47,115.46,104.96,,0,0
2026-03-19 12:17:54,BLR-004,Running,10.99,75.99,224.28,120.51,91.68,,34.7,63.9
2026-03-19 12:27:54,BLR-004,Running,8.05,42.71,213.68,183.84,83.17,,38.5,65.8
2026-03-19 12:37:54,BLR-004,Running,8.78,77.29,204.53,176.89,94.59,,34.6,79.6
2026-03-19 12:47:54,BLR-004,Running,8.91,65.79,199.43,105.3,99.35,,32.1,72.7
2026-03-19 12:57:54,BLR-004,Running,8.05,45.94,193.26,121.55,95.22,,29.4,81.0
2026-03-19 13:07:54,BLR-004,Running,9.88,54.63,305.45,108.63,95.04,,42.9,90.0
2026-03-19 13:17:54,BLR-004,Running,7.89,62.65,189.41,83.93,92.7,,39.7,69.6
2026-03-19 13:27:54,BLR-004,Running,9.77,21.42,237.5,116.17,99.58,,40.6,69.5
2026-03-19 13:37:54,BLR-004,Running,9.53,46.97,234.68,139.78,101.01,,36.4,66.5
2026-03-19 13:47:54,BLR-004,Fault,11.11,40.9,181.24,149.77,104.11,E36,0,0
2026-03-19 13:57:54,BLR-004,Idle,9.06,64.68,239.67,175.94,90.54,,0,0
2026-03-19 14:07:54,BLR-004,Fault,7.81,69.16,293.58,111.12,89.5,E33,0,0
2026-03-19 14:17:54,BLR-004,Running,8.94,71.39,180.28,134.5,80.99,,35.6,64.9
2026-03-19 14:27:54,BLR-004,Running,9.34,38.78,208.38,115.93,91.98,,34.6,93.3
2026-03-19 14:37:54,BLR-004,Fault,9.83,53.33,212.2,58.54,96.86,E37,0,0
2026-03-19 14:47:54,BLR-004,Running,8.92,70.81,240.57,177.49,67.31,,33.4,90.4
2026-03-19 14:57:54,BLR-004,Running,8.03,79.36,239.56,175.09,101.22,,44.3,72.6
2026-03-19 15:07:54,BLR-004,Running,7.42,62.3,232.61,172.47,89.61,,36.5,78.4
2026-03-19 15:17:54,BLR-004,Running,7.93,58.92,183.08,135.24,86.63,,32.1,75.6
2026-03-19 15:27:54,BLR-004,Fault,7.41,65.07,197.27,64.55,87.78,E37,0,0
2026-03-19 15:37:54,BLR-004,Running,7.59,32.07,186.35,73.13,83.02,,35.5,90.6
2026-03-19 15:47:54,BLR-004,Running,8.04,46.54,236.35,124.62,83.79,,39.4,76.1
2026-03-19 15:57:54,BLR-004,Running,8.39,30.4,222.83,169.71,103.52,,28.9,69.2
2026-03-19 16:07:54,BLR-004,Running,7.01,53.27,185.96,168.45,86.78,,38.3,93.9
2026-03-19 16:17:54,BLR-004,Running,8.44,60.67,222.92,139.1,97.52,,36.2,76.1
2026-03-19 16:27:54,BLR-004,Running,9.18,42.23,184.88,163.45,81.68,,42.2,85.8
2026-03-19 16:37:54,BLR-004,Running,7.08,66.53,205.2,169.69,81.55,,44.9,78.6
2026-03-19 16:47:54,BLR-004,Running,9.78,61.51,206.51,137.43,82.35,,36.8,68.0
2026-03-19 16:57:54,BLR-004,Running,7.73,44.37,221.39,191.87,76.05,,44.8,71.5
2026-03-19 17:07:54,BLR-004,Running,7.61,67.72,269.97,131.93,102.93,,44.9,88.4
2026-03-19 17:17:54,BLR-004,Running,9.31,76.42,187.53,120.12,81.37,,35.9,82.2
2026-03-19 17:27:54,BLR-004,Running,7.39,41.78,226.87,138.79,86.84,,39.6,60.1
2026-03-19 17:37:54,BLR-004,Running,9.9,78.82,223.47,107.38,84.48,,39.3,77.3
2026-03-19 17:47:54,BLR-004,Running,7.99,34.42,196.14,172.75,101.36,,30.2,66.9
2026-03-19 17:57:54,BLR-004,Running,8.52,34.6,198.72,138.85,98.78,,44.9,71.7
2026-03-19 18:07:54,BLR-004,Running,7.46,41.42,223.46,181.33,99.1,,44.3,94.8
2026-03-19 18:17:54,BLR-004,Idle,7.01,61.23,208.4,116.51,92.66,,0,0
2026-03-19 18:27:54,BLR-004,Running,8.69,79.71,200.07,140.18,94.75,,41.1,79.5
2026-03-19 18:37:54,BLR-004,Running,8.84,51.88,214.79,96.23,92.21,,42.0,89.4
2026-03-19 18:47:54,BLR-004,Running,7.01,69.38,217.78,60.21,53.78,,29.7,88.3
2026-03-19 18:57:54,BLR-004,Fault,11.82,53.88,215.72,196.64,55.97,E37,0,0
2026-03-19 19:07:54,BLR-004,Running,8.49,68.47,192.12,104.21,81.53,,29.1,63.7
2026-03-19 19:17:54,BLR-004,Running,11.86,73.53,273.91,124.22,99.04,,33.1,85.2
2026-03-19 19:27:54,BLR-004,Running,9.93,55.92,188.66,141.12,104.3,,28.0,87.0
2026-03-19 19:37:54,BLR-004,Running,9.79,45.83,189.37,102.24,83.29,,28.3,63.4
2026-03-19 19:47:54,BLR-004,Running,8.58,61.78,195.89,106.14,92.21,,43.8,71.7
2026-03-19 19:57:54,BLR-004,Running,8.81,44.66,239.85,128.07,92.99,,36.3,73.2
2026-03-19 20:07:54,BLR-004,Idle,10.77,75.93,207.26,136.29,102.63,,0,0
2026-03-19 20:17:54,BLR-004,Running,8.93,1.08,235.79,112.89,102.75,,36.0,85.3
2026-03-19 20:27:54,BLR-004,Running,8.47,71.23,215.26,181.17,94.3,,42.7,66.8
2026-03-19 20:37:54,BLR-004,Running,7.55,77.85,196.76,116.0,84.02,,31.8,78.3
2026-03-19 20:47:54,BLR-004,Running,7.59,53.02,193.05,102.79,97.04,,42.7,70.2
2026-03-19 20:57:54,BLR-004,Running,9.55,67.5,197.96,133.84,94.76,,41.8,73.6
2026-03-19 21:07:54,BLR-004,Fault,8.57,62.69,193.6,164.41,56.22,E40,0,0
2026-03-19 21:17:54,BLR-004,Running,7.59,51.13,191.81,181.9,103.23,,40.2,75.6
2026-03-19 21:27:54,BLR-004,Fault,8.75,43.19,235.57,47.27,59.59,E39,0,0
2026-03-19 21:37:54,BLR-004,Idle,8.71,33.99,228.52,122.5,97.02,,0,0
2026-03-19 21:47:54,BLR-004,Running,8.68,42.8,228.8,129.8,87.13,,40.8,65.9
2026-03-19 21:57:54,BLR-004,Running,7.81,54.67,232.17,89.14,83.41,,35.8,92.9
2026-03-19 22:07:54,BLR-004,Running,7.0,72.75,202.14,166.8,95.65,,40.7,62.2
2026-03-19 22:17:54,BLR-004,Idle,8.1,47.12,184.3,140.82,96.12,,0,0
2026-03-19 22:27:54,BLR-004,Running,8.71,41.97,204.14,124.84,86.67,,42.3,71.4
2026-03-19 22:37:54,BLR-004,Fault,9.15,6.4,223.95,140.8,79.83,E31,0,0
2026-03-19 22:47:54,BLR-004,Idle,9.72,79.8,184.27,184.19,99.87,,0,0
2026-03-19 22:57:54,BLR-004,Running,10.68,61.34,181.81,173.72,104.2,,44.8,65.7
2026-03-19 23:07:54,BLR-004,Running,9.21,51.03,206.28,143.49,96.7,,30.8,74.5
2026-03-19 23:17:54,BLR-004,Fault,7.7,66.36,300.97,173.17,82.73,E35,0,0
2026-03-19 23:27:54,BLR-004,Idle,7.03,65.61,186.29,148.24,96.32,,0,0
2026-03-19 23:37:54,BLR-004,Running,7.21,39.38,206.36,168.77,100.14,,30.9,61.1
2026-03-19 23:47:54,BLR-004,Running,7.62,56.57,250.6,105.9,77.71,,31.5,61.0
2026-03-19 23:57:54,BLR-004,Running,9.36,54.58,207.34,138.7,56.46,,30.0,64.1
2026-03-20 00:07:54,BLR-004,Running,8.04,28.06,187.23,193.13,97.13,,41.2,78.9
2026-03-20 00:17:54,BLR-004,Running,10.96,43.17,190.45,184.61,98.79,,32.5,61.3
2026-03-20 00:27:54,BLR-004,Running,10.86,40.42,221.85,194.7,83.04,,36.4,77.5
2026-03-20 00:37:54,BLR-004,Fault,10.15,52.88,305.92,181.37,87.52,E39,0,0
2026-03-20 00:47:54,BLR-004,Idle,9.37,57.14,199.06,181.26,82.48,,0,0
2026-03-20 00:57:54,BLR-004,Running,9.21,49.5,274.86,194.39,86.72,,41.8,81.4
2026-03-20 01:07:54,BLR-004,Running,7.49,64.97,186.64,113.57,99.81,,36.9,90.0
2026-03-20 01:17:54,BLR-004,Idle,7.23,74.54,189.0,163.59,88.27,,0,0
2026-03-20 01:27:54,BLR-004,Running,7.78,49.71,206.01,139.37,86.96,,29.4,71.7
2026-03-20 01:37:54,BLR-004,Running,7.51,45.43,188.9,101.92,91.77,,32.0,73.5
2026-03-20 01:47:54,BLR-004,Running,7.2,60.43,195.09,88.29,88.96,,42.6,67.7
2026-03-20 01:57:54,BLR-004,Running,7.29,63.05,247.21,143.23,75.66,,28.3,75.6
2026-03-20 02:07:54,BLR-004,Running,7.45,53.02,245.62,187.39,75.23,,35.1,80.5
2026-03-20 02:17:54,BLR-004,Running,9.93,40.8,220.4,174.23,96.38,,36.1,91.4
2026-03-20 02:27:54,BLR-004,Running,8.24,56.7,192.41,159.55,81.1,,34.9,94.9
2026-03-20 02:37:54,BLR-004,Running,9.38,40.79,218.92,192.15,81.33,,35.1,81.8
2026-03-20 02:47:54,BLR-004,Fault,9.08,60.2,319.34,189.11,87.79,E40,0,0
2026-03-20 02:57:54,BLR-004,Running,9.32,50.45,203.55,169.92,98.79,,44.5,75.4
2026-03-20 03:07:54,BLR-004,Idle,10.12,44.38,198.63,121.05,86.59,,0,0
2026-03-20 03:17:54,BLR-004,Idle,9.84,51.16,221.73,176.68,88.32,,0,0
2026-03-20 03:27:54,BLR-004,Running,9.0,23.77,218.5,187.45,91.14,,39.3,64.6
2026-03-20 03:37:54,BLR-004,Running,7.97,49.91,182.15,158.32,92.39,,35.5,72.6
2026-03-20 03:47:54,BLR-004,Running,9.85,70.88,184.5,125.87,104.47,,38.2,64.8
2026-03-20 03:57:54,BLR-004,Fault,11.21,30.91,222.91,153.98,82.89,E33,0,0
2026-03-20 04:07:54,BLR-004,Running,7.02,49.57,228.76,159.73,94.42,,40.0,78.7
2026-03-20 04:17:54,BLR-004,Running,7.34,43.37,315.2,126.59,87.02,,39.4,91.2
2026-03-20 04:27:54,BLR-004,Running,7.22,45.65,239.11,188.15,82.62,,41.3,87.7
2026-03-20 04:37:54,BLR-004,Running,7.51,69.83,218.98,141.23,94.62,,40.0,80.6
2026-03-20 04:47:54,BLR-004,Running,8.52,50.01,214.57,119.2,104.48,,42.9,93.7
2026-03-20 04:57:54,BLR-004,Running,7.53,62.26,227.09,125.5,101.18,,41.1,91.6
2026-03-20 05:07:54,BLR-004,Fault,8.93,19.38,253.17,177.79,87.65,E34,0,0
2026-03-20 05:17:54,BLR-004,Running,10.72,47.19,180.78,159.36,93.43,,30.7,67.1
2026-03-20 05:27:54,BLR-004,Running,9.85,21.39,237.59,94.43,98.38,,43.8,74.3
2026-03-20 05:37:54,BLR-004,Running,10.38,74.95,217.3,116.01,98.38,,34.1,64.6
2026-03-20 05:47:54,BLR-004,Running,8.67,68.1,217.68,129.46,97.24,,37.4,66.8
2026-03-20 05:57:54,BLR-004,Fault,7.6,79.2,216.16,43.59,95.18,E31,0,0
2026-03-20 06:07:54,BLR-004,Idle,9.13,79.53,213.35,186.58,103.39,,0,0
2026-03-20 06:17:54,BLR-004,Fault,12.78,44.18,251.66,149.62,80.57,E39,0,0
2026-03-20 06:27:54,BLR-004,Running,8.91,78.46,196.63,117.93,95.07,,32.3,69.6
2026-03-20 06:37:54,BLR-004,Running,10.21,62.4,266.02,170.85,88.75,,43.6,67.8
2026-03-20 06:47:54,BLR-004,Running,7.14,54.22,219.02,144.33,91.16,,28.0,87.2
2026-03-20 06:57:54,BLR-004,Running,9.25,76.31,233.56,105.96,101.47,,45.0,62.4
2026-03-20 07:07:54,BLR-004,Running,7.76,79.8,185.59,122.39,90.92,,38.9,77.8
2026-03-20 07:17:54,BLR-004,Running,9.39,67.98,204.99,107.52,97.38,,40.7,76.6
2026-03-20 07:27:54,BLR-004,Running,10.39,76.5,299.7,108.6,80.64,,40.4,65.4
2026-03-20 07:37:54,BLR-004,Running,8.53,73.96,216.03,182.9,86.24,,37.5,76.7
2026-03-20 07:47:54,BLR-004,Running,7.78,51.91,225.71,111.45,86.81,,41.3,78.6
2026-03-20 07:57:54,BLR-004,Running,8.25,72.52,237.85,122.28,91.97,,35.7,86.7
2026-03-20 08:07:54,BLR-004,Fault,9.47,15.58,238.12,197.04,91.22,E36,0,0
2026-03-20 08:17:54,BLR-004,Running,8.97,46.78,231.36,103.36,86.5,,34.1,90.7
2026-03-20 08:27:54,BLR-004,Running,8.83,68.32,184.08,165.51,97.28,,42.2,62.2
2026-03-20 08:37:54,BLR-004,Running,8.53,68.91,211.17,96.28,92.94,,44.5,87.2
2026-03-20 08:47:54,BLR-004,Running,7.39,67.57,223.01,131.07,84.42,,30.6,91.4
2026-03-20 08:57:54,BLR-004,Running,9.46,40.3,210.93,172.4,97.78,,38.6,78.9
2026-03-20 09:07:54,BLR-004,Running,7.6,50.2,209.26,180.52,70.26,,31.3,87.4
2026-03-20 09:17:54,BLR-004,Running,8.02,73.56,183.9,137.81,82.15,,40.3,66.9
2026-03-20 09:27:54,BLR-004,Running,9.1,76.23,230.61,141.54,83.01,,40.7,83.1
2026-03-20 09:37:54,BLR-004,Running,8.64,65.72,232.79,193.57,67.08,,37.7,82.0
2026-03-20 09:47:54,BLR-004,Running,7.77,79.01,205.42,90.61,77.63,,32.6,83.3
2026-03-20 09:57:54,BLR-004,Idle,8.83,61.47,191.54,115.13,104.53,,0,0
2026-03-20 10:07:54,BLR-004,Running,7.88,35.55,200.47,128.6,100.46,,29.1,90.7
2026-03-20 10:17:54,BLR-004,Running,7.56,42.65,262.63,72.76,80.05,,35.4,76.5
2026-03-20 10:27:54,BLR-004,Running,9.0,74.82,227.6,186.36,93.84,,43.1,65.6
2026-03-20 10:37:54,BLR-004,Running,7.02,54.43,235.1,196.66,82.21,,33.7,70.5
2026-03-20 10:47:54,BLR-004,Idle,7.98,42.76,220.11,157.08,91.23,,0,0
2026-03-20 10:57:54,BLR-004,Running,10.8,8.57,187.56,118.66,68.99,,34.3,88.2
2026-03-20 11:07:54,BLR-004,Running,9.36,64.64,228.21,143.69,90.48,,33.1,83.4
2026-03-20 11:17:54,BLR-004,Running,9.69,44.68,235.85,113.23,91.21,,30.4,60.9
2026-03-20 11:27:54,BLR-004,Running,9.35,74.7,188.81,114.01,74.21,,35.6,93.5
2026-03-20 11:37:54,BLR-004,Fault,10.79,8.62,261.66,57.28,72.54,E32,0,0
2026-03-20 11:47:54,BLR-004,Fault,12.86,3.02,300.21,64.62,62.51,E36,0,0
2026-03-20 11:57:54,BLR-004,Running,10.78,33.55,293.98,69.53,58.38,,44.6,78.0
2026-03-20 12:07:54,BLR-004,Fault,10.04,37.1,318.9,90.91,72.81,E34,0,0
2026-03-20 12:17:54,BLR-004,Fault,12.74,18.35,316.63,45.88,63.24,E36,0,0
2026-03-20 12:27:54,BLR-004,Fault,11.66,33.11,263.12,84.22,66.62,E40,0,0
2026-03-20 12:37:54,BLR-004,Running,10.05,24.7,299.6,68.63,50.27,,37.8,79.0
2026-03-20 12:47:54,BLR-004,Running,11.8,39.8,279.48,55.6,51.23,,31.7,86.0
2026-03-20 12:57:54,BLR-004,Fault,11.77,5.99,279.32,96.85,51.89,E40,0,0
2026-03-20 13:07:54,BLR-004,Running,12.89,6.7,279.38,80.76,61.57,,43.8,83.7
2026-03-20 13:17:54,BLR-004,Fault,10.55,32.94,278.76,63.98,72.43,E35,0,0
2026-03-20 13:27:54,BLR-004,Running,12.4,19.63,296.18,74.89,62.65,,35.7,87.7
2026-03-20 13:37:54,BLR-004,Fault,10.29,12.8,287.96,40.04,61.64,E37,0,0
2026-03-20 13:47:54,BLR-004,Fault,10.4,0.53,279.36,69.47,69.98,E37,0,0
2026-03-20 13:57:54,BLR-004,Fault,12.43,19.91,245.78,69.9,59.9,E33,0,0
2026-03-20 14:07:54,BLR-004,Fault,12.82,12.69,311.63,94.57,52.88,E38,0,0
2026-03-20 14:17:54,BLR-004,Fault,12.5,7.36,302.2,60.63,53.08,E35,0,0
2026-03-20 14:27:54,BLR-004,Fault,12.89,3.78,268.91,59.61,65.21,E32,0,0
2026-03-20 14:37:54,BLR-004,Fault,11.49,27.73,281.34,48.28,69.57,E33,0,0
2026-03-20 14:47:54,BLR-004,Fault,10.67,2.07,263.31,74.96,53.74,E33,0,0
2026-03-20 14:57:54,BLR-004,Fault,11.72,5.38,266.53,90.77,73.46,E32,0,0
2026-03-20 15:07:54,BLR-004,Running,10.06,2.58,303.55,64.19,51.44,,32.0,68.8
2026-03-20 15:17:54,BLR-004,Running,10.6,38.56,307.07,73.95,61.82,,36.8,92.1
2026-03-20 15:27:54,BLR-004,Running,10.06,3.29,319.09,52.59,55.72,,34.6,76.3
2026-03-20 15:37:54,BLR-004,Fault,11.44,35.98,255.53,48.8,55.9,E39,0,0
2026-03-20 15:47:54,BLR-004,Fault,11.97,32.86,287.99,95.79,59.61,E40,0,0
2026-03-20 15:57:54,BLR-004,Fault,12.23,34.59,300.99,56.3,54.97,E33,0,0
2026-03-20 16:07:54,BLR-004,Running,12.4,9.34,244.89,68.14,63.75,,43.4,80.0
2026-03-20 16:17:54,BLR-004,Fault,10.75,6.79,292.48,69.24,59.34,E36,0,0
2026-03-20 16:27:54,BLR-004,Fault,11.19,11.03,311.08,59.29,58.02,E31,0,0
2026-03-20 16:37:54,BLR-004,Fault,10.62,29.18,292.57,59.44,67.18,E36,0,0
2026-03-20 16:47:54,BLR-004,Fault,10.52,19.77,294.52,81.39,68.41,E33,0,0
2026-03-20 16:57:54,BLR-004,Fault,11.13,2.31,291.27,49.22,53.73,E39,0,0
2026-03-20 17:07:54,BLR-004,Running,10.68,27.43,264.69,96.75,65.35,,35.3,85.9
2026-03-20 17:17:54,BLR-004,Fault,11.8,29.46,318.65,90.87,60.08,E35,0,0
2026-03-20 17:27:54,BLR-004,Fault,11.42,8.96,291.6,83.55,75.6,E40,0,0
2026-03-20 17:37:54,BLR-004,Fault,11.05,2.26,314.54,41.43,70.34,E31,0,0
2026-03-20 17:47:54,BLR-004,Fault,11.29,36.63,278.92,74.27,70.54,E34,0,0
2026-03-20 17:57:54,BLR-004,Running,12.44,15.28,292.18,52.19,66.12,,38.6,83.3
2026-03-20 18:07:54,BLR-004,Fault,11.61,31.64,284.58,85.81,69.96,E32,0,0
2026-03-20 18:17:54,BLR-004,Fault,11.99,22.57,316.54,49.66,63.84,E33,0,0
2026-03-20 18:27:54,BLR-004,Fault,11.26,3.55,253.56,61.64,55.64,E34,0,0
2026-03-20 18:37:54,BLR-004,Fault,12.62,11.03,281.03,80.71,74.41,E38,0,0
2026-03-20 18:47:54,BLR-004,Fault,12.26,1.21,273.01,88.07,54.6,E40,0,0
2026-03-20 18:57:54,BLR-004,Fault,10.41,1.04,310.23,92.04,58.08,E32,0,0
2026-03-20 19:07:54,BLR-004,Fault,12.48,32.89,297.82,52.53,76.11,E33,0,0
2026-03-20 19:17:54,BLR-004,Fault,11.47,32.84,265.62,97.11,56.23,E35,0,0
2026-03-20 19:27:54,BLR-004,Fault,11.43,12.56,254.08,87.92,65.45,E31,0,0
2026-03-20 19:37:54,BLR-004,Running,11.88,6.17,253.5,69.73,52.94,,30.6,66.0
2026-03-20 19:47:54,BLR-004,Running,7.53,62.99,202.91,125.83,88.55,,38.7,71.4
2026-03-20 19:57:54,BLR-004,Running,8.49,61.27,189.36,130.8,101.98,,35.4,65.4
2026-03-20 20:07:54,BLR-004,Fault,9.35,2.54,180.21,157.08,67.43,E31,0,0
2026-03-20 20:17:54,BLR-004,Running,9.63,25.57,182.83,195.06,89.35,,32.1,65.6
2026-03-20 20:27:54,BLR-004,Running,10.57,73.58,227.35,91.97,88.68,,37.7,91.9
2026-03-20 20:37:54,BLR-004,Running,10.72,76.61,196.35,121.74,102.67,,43.4,61.0
2026-03-20 20:47:54,BLR-004,Running,12.78,61.51,204.23,41.75,83.59,,34.2,84.4
2026-03-20 20:57:54,BLR-004,Running,7.95,58.91,233.43,133.73,85.86,,39.5,67.4
2026-03-20 21:07:54,BLR-004,Running,7.54,41.87,184.72,193.18,84.15,,32.3,92.6
2026-03-20 21:17:54,BLR-004,Fault,8.0,47.7,235.94,172.76,57.29,E38,0,0
2026-03-20 21:27:54,BLR-004,Running,8.59,76.22,210.96,71.91,96.32,,43.9,65.3
2026-03-20 21:37:54,BLR-004,Running,7.67,46.58,209.63,78.6,80.75,,38.7,69.2
2026-03-20 21:47:54,BLR-004,Running,8.83,56.39,186.58,116.93,75.86,,38.7,64.5
2026-03-20 21:57:54,BLR-004,Running,7.59,58.75,233.28,138.09,95.32,,28.6,76.6
2026-03-20 22:07:54,BLR-004,Running,7.15,74.29,218.91,126.35,76.22,,32.5,77.1
2026-03-20 22:17:54,BLR-004,Running,7.5,58.34,199.81,141.36,84.21,,41.9,94.3
2026-03-20 22:27:54,BLR-004,Running,9.0,79.29,180.58,189.72,82.16,,28.5,74.2
2026-03-20 22:37:54,BLR-004,Running,9.2,47.45,216.31,107.69,88.42,,38.2,66.0
2026-03-20 22:47:54,BLR-004,Running,9.39,56.22,188.38,188.03,103.1,,32.4,79.3
2026-03-20 22:57:54,BLR-004,Running,9.58,55.61,202.46,115.99,102.84,,36.9,88.6
2026-03-20 23:07:54,BLR-004,Running,9.63,40.56,192.98,128.26,98.33,,36.0,67.6
2026-03-20 23:17:54,BLR-004,Fault,7.34,63.05,204.88,164.44,64.17,E36,0,0
2026-03-20 23:27:54,BLR-004,Fault,7.72,3.73,239.93,46.05,100.36,E31,0,0
2026-03-20 23:37:54,BLR-004,Running,8.68,48.88,195.89,121.59,91.24,,42.1,68.0
2026-03-20 23:47:54,BLR-004,Running,7.43,68.95,196.7,126.0,90.41,,38.4,85.5
2026-03-20 23:57:54,BLR-004,Running,9.82,74.89,188.48,167.9,102.91,,44.9,89.0
2026-03-21 00:07:54,BLR-004,Running,7.31,56.66,260.05,150.62,94.99,,29.1,60.7
2026-03-21 00:17:54,BLR-004,Running,8.18,45.86,198.13,118.57,86.47,,32.0,64.7
2026-03-21 00:27:54,BLR-004,Running,9.12,75.83,252.61,114.6,66.45,,37.8,87.2
2026-03-21 00:37:54,BLR-004,Idle,9.8,54.46,266.6,170.23,81.71,,0,0
2026-03-21 00:47:54,BLR-004,Running,9.32,63.72,186.37,142.52,80.12,,33.8,76.3
2026-03-21 00:57:54,BLR-004,Running,8.92,69.75,208.73,109.35,78.69,,28.1,65.4
2026-03-21 01:07:54,BLR-004,Running,7.36,61.49,199.78,105.42,85.43,,39.3,77.8
2026-03-21 01:17:54,BLR-004,Running,9.36,58.33,205.23,135.52,98.81,,44.3,73.3
2026-03-21 01:27:54,BLR-004,Running,8.76,69.63,202.69,157.21,99.97,,42.4,68.2
2026-03-21 01:37:54,BLR-004,Running,9.21,67.19,197.81,82.54,82.99,,41.0,84.8
2026-03-21 01:47:54,BLR-004,Running,7.54,23.72,238.02,91.5,91.99,,29.6,85.6
2026-03-21 01:57:54,BLR-004,Running,8.73,50.29,207.22,89.85,89.13,,37.5,60.5
2026-03-21 02:07:54,BLR-004,Running,7.71,40.98,224.16,196.53,90.66,,39.4,70.3
2026-03-21 02:17:54,BLR-004,Running,9.09,64.22,237.98,138.07,84.89,,35.6,63.0
2026-03-21 02:27:54,BLR-004,Running,7.78,49.72,210.35,132.36,77.01,,44.4,84.1
2026-03-21 02:37:54,BLR-004,Running,8.19,62.78,234.14,177.25,84.34,,33.2,76.1
2026-03-21 02:47:54,BLR-004,Running,8.25,79.2,219.83,108.53,89.23,,38.3,63.7
2026-03-21 02:57:54,BLR-004,Running,7.75,43.99,211.04,178.67,97.31,,29.4,63.5
2026-03-21 03:07:54,BLR-004,Fault,7.96,58.11,310.09,183.12,81.96,E35,0,0
2026-03-21 03:17:54,BLR-004,Running,8.25,74.18,228.28,145.34,99.15,,28.0,84.1
2026-03-21 03:27:54,BLR-004,Running,8.35,57.05,231.24,155.46,84.88,,44.6,82.6
2026-03-21 03:37:54,BLR-004,Running,8.66,58.09,236.16,125.78,80.36,,30.0,88.7
2026-03-21 03:47:54,BLR-004,Running,8.03,58.12,227.96,183.79,87.37,,42.4,91.6
2026-03-21 03:57:54,BLR-004,Running,7.68,45.03,200.18,141.82,81.44,,32.4,72.5
2026-03-21 04:07:54,BLR-004,Running,7.19,47.86,183.37,164.63,98.89,,30.0,67.4
2026-03-21 04:17:54,BLR-004,Running,9.98,48.65,198.52,153.58,89.12,,42.8,76.2
2026-03-21 04:27:54,BLR-004,Running,8.23,60.47,228.05,114.18,97.44,,36.3,74.2
2026-03-21 04:37:54,BLR-004,Running,7.53,43.07,237.9,186.12,88.56,,33.9,66.8
2026-03-21 04:47:54,BLR-004,Running,8.11,33.31,200.21,112.85,90.33,,29.0,80.1
2026-03-21 04:57:54,BLR-004,Running,7.45,67.78,206.8,183.28,102.81,,43.3,84.7
2026-03-21 05:07:54,BLR-004,Running,9.73,52.4,232.45,146.26,87.78,,44.2,72.6
2026-03-21 05:17:54,BLR-004,Running,7.93,54.8,221.51,146.52,80.49,,43.7,75.1
2026-03-21 05:27:54,BLR-004,Running,9.4,78.59,219.53,181.19,81.92,,37.9,73.8
2026-03-21 05:37:54,BLR-004,Running,9.3,43.94,181.39,180.0,103.77,,34.2,61.5
2026-03-21 05:47:54,BLR-004,Running,10.74,60.53,188.35,182.29,75.5,,28.1,80.5
2026-03-21 05:57:54,BLR-004,Running,7.19,52.15,220.47,117.65,97.71,,33.5,68.4
2026-03-21 06:07:54,BLR-004,Fault,9.08,12.26,200.7,129.3,93.6,E37,0,0
2026-03-21 06:17:54,BLR-004,Running,7.63,71.07,213.49,188.43,88.57,,28.7,85.0
2026-03-21 06:27:54,BLR-004,Running,9.38,51.78,187.05,140.56,86.37,,32.5,80.4
2026-03-21 06:37:54,BLR-004,Running,8.92,74.98,235.96,168.28,95.63,,32.8,84.1
2026-03-21 06:47:54,BLR-004,Running,9.25,78.28,234.99,154.7,100.8,,42.5,65.6
2026-03-21 06:57:54,BLR-004,Running,9.01,66.61,237.69,97.86,95.87,,39.5,83.1
2026-03-21 07:07:54,BLR-004,Running,8.63,42.43,194.13,124.1,94.43,,28.1,83.7
2026-03-21 07:17:54,BLR-004,Running,9.01,64.33,226.94,127.04,66.04,,31.2,70.2
2026-03-21 07:27:54,BLR-004,Running,9.08,49.96,222.08,180.73,85.79,,44.5,65.0
2026-03-21 07:37:54,BLR-004,Running,8.42,43.01,216.43,102.36,96.87,,30.4,91.3
2026-03-21 07:47:54,BLR-004,Running,8.84,78.03,232.65,81.49,85.66,,36.8,75.6
2026-03-21 07:57:54,BLR-004,Running,7.96,70.44,183.15,129.99,93.03,,30.9,93.7
2026-03-21 08:07:54,BLR-004,Running,8.04,47.3,267.2,89.03,97.31,,34.2,70.9
2026-03-21 08:17:54,BLR-004,Idle,8.65,63.79,290.84,179.85,93.73,,0,0
2026-03-21 08:27:54,BLR-004,Running,7.4,33.03,216.92,80.33,102.42,,44.9,68.4
2026-03-21 08:37:54,BLR-004,Running,10.96,40.25,223.39,148.68,81.69,,43.5,90.8
2026-03-21 08:47:54,BLR-004,Running,8.79,57.92,233.08,82.94,96.09,,38.3,87.0
2026-03-21 08:57:54,BLR-004,Running,9.23,40.92,200.94,142.94,95.57,,43.4,77.1
2026-03-21 09:07:54,BLR-004,Running,7.3,52.12,223.02,163.9,104.05,,34.8,62.2
2026-03-21 09:17:54,BLR-004,Fault,8.79,73.8,315.85,187.48,69.48,E34,0,0
2026-03-21 09:27:54,BLR-004,Running,8.28,58.07,222.6,134.89,87.3,,37.2,91.8
2026-03-21 09:37:54,BLR-004,Running,8.31,75.95,209.8,132.16,101.54,,28.9,76.2
2026-03-21 09:47:54,BLR-004,Running,8.74,74.57,254.96,131.3,104.94,,36.6,60.1
2026-03-21 09:57:54,BLR-004,Running,8.27,64.41,182.78,104.71,97.22,,28.1,93.3
2026-03-21 10:07:54,BLR-004,Running,8.52,73.15,181.9,141.75,88.26,,38.7,65.7
2026-03-21 10:17:54,BLR-004,Running,7.47,44.4,228.81,117.46,98.03,,41.9,94.3
2026-03-21 10:27:54,BLR-004,Running,7.4,49.74,185.76,151.15,101.32,,33.4,63.4
2026-03-21 10:37:54,BLR-004,Running,9.84,70.15,194.42,131.31,104.75,,36.5,83.1
2026-03-21 10:47:54,BLR-004,Running,8.88,64.57,206.0,194.4,96.13,,33.8,64.7
2026-03-21 10:57:54,BLR-004,Fault,8.96,45.19,307.72,72.69,98.85,E32,0,0
2026-03-21 11:07:54,BLR-004,Running,7.86,49.55,181.53,171.8,81.34,,32.8,94.8
2026-03-21 11:17:54,BLR-004,Running,9.26,44.08,233.99,106.16,89.05,,41.2,67.3
2026-03-21 11:27:54,BLR-004,Running,9.98,69.42,180.99,101.67,87.36,,36.7,79.1
2026-03-21 11:37:54,BLR-004,Running,8.22,41.44,206.58,103.48,82.99,,30.1,61.7
2026-03-21 11:47:54,BLR-004,Fault,8.11,58.64,313.44,178.4,96.43,E37,0,0
2026-03-21 11:57:54,BLR-004,Running,10.67,44.51,228.98,154.2,93.92,,38.2,94.2
2026-03-21 12:07:54,BLR-004,Running,8.76,78.78,224.22,158.3,102.15,,42.3,63.9
2026-03-21 12:17:54,BLR-004,Fault,8.69,50.07,315.46,164.5,83.11,E34,0,0
2026-03-21 12:27:54,BLR-004,Running,7.23,76.92,195.53,170.85,82.74,,36.0,84.6
2026-03-21 12:37:54,BLR-004,Running,9.64,77.09,192.03,156.71,98.03,,29.4,85.6
2026-03-21 12:47:54,BLR-004,Running,9.67,74.83,260.63,166.23,97.02,,31.9,87.9
2026-03-21 12:57:54,BLR-004,Running,9.63,48.34,249.41,162.95,96.73,,41.0,65.1
2026-03-21 13:07:54,BLR-004,Running,9.32,49.83,225.57,104.09,81.71,,30.9,85.8
2026-03-21 13:17:54,BLR-004,Running,9.81,42.17,197.62,123.92,95.09,,42.9,79.7
2026-03-21 13:27:54,BLR-004,Idle,7.77,44.46,228.07,166.86,95.55,,0,0
2026-03-21 13:37:54,BLR-004,Running,9.6,51.79,225.89,170.65,99.53,,44.7,89.8
2026-03-21 13:47:54,BLR-004,Running,7.72,51.03,193.45,105.93,96.69,,33.6,88.2
2026-03-21 13:57:54,BLR-004,Running,10.22,53.9,256.34,116.23,78.18,,38.4,92.5
2026-03-21 14:07:54,BLR-004,Running,8.26,51.51,185.54,100.87,67.46,,44.1,88.8
2026-03-21 14:17:54,BLR-004,Running,8.37,55.1,218.2,181.72,100.7,,40.9,68.6
2026-03-21 14:27:54,BLR-004,Running,7.13,44.19,235.44,191.91,102.05,,28.5,64.6
2026-03-21 14:37:54,BLR-004,Running,9.53,60.35,215.61,166.86,86.95,,30.4,70.3
2026-03-21 14:47:54,BLR-004,Running,8.98,51.55,230.06,167.89,89.02,,32.4,60.1
2026-03-21 14:57:54,BLR-004,Running,8.15,25.67,205.24,148.5,99.96,,30.7,64.7
2026-03-21 15:07:54,BLR-004,Fault,9.27,71.89,199.08,56.81,80.62,E32,0,0
2026-03-21 15:17:54,BLR-004,Running,8.67,49.5,193.43,160.94,88.51,,38.5,77.1
2026-03-21 15:27:54,BLR-004,Running,10.0,79.86,239.92,115.16,84.1,,41.0,87.9
2026-03-21 15:37:54,BLR-004,Running,9.56,51.0,251.52,122.96,91.38,,35.6,92.0
2026-03-21 15:47:54,BLR-004,Running,8.04,41.97,231.35,123.47,95.1,,37.4,77.1
2026-03-21 15:57:54,BLR-004,Running,7.68,43.88,293.66,196.77,88.91,,41.4,93.9
2026-03-21 16:07:54,BLR-004,Running,7.48,32.07,226.26,110.01,72.85,,37.6,84.1
2026-03-21 16:17:54,BLR-004,Running,9.13,22.45,278.17,118.13,100.45,,32.0,64.7
2026-03-21 16:27:54,BLR-004,Running,8.24,66.32,219.35,133.94,84.89,,39.5,84.9
2026-03-21 16:37:54,BLR-004,Running,8.33,50.82,232.3,121.57,86.93,,38.7,87.0
2026-03-21 16:47:54,BLR-004,Running,9.6,43.24,225.77,137.62,87.33,,39.2,82.9
2026-03-21 16:57:54,BLR-004,Running,9.29,50.18,230.34,192.28,67.03,,30.8,77.4
2026-03-21 17:07:54,BLR-004,Running,9.83,64.01,245.86,156.89,100.38,,41.0,94.9
2026-03-21 17:17:54,BLR-004,Running,8.87,41.49,214.97,135.57,93.51,,43.9,79.8
2026-03-21 17:27:54,BLR-004,Running,8.73,28.11,183.38,86.05,69.14,,40.8,76.3
2026-03-21 17:37:54,BLR-004,Running,7.35,48.89,200.37,109.21,80.48,,35.0,78.8
2026-03-21 17:47:54,BLR-004,Running,7.94,77.25,218.57,185.76,95.97,,40.7,79.1
2026-03-21 17:57:54,BLR-004,Running,8.1,27.77,235.55,87.77,67.38,,44.7,76.6
2026-03-21 18:07:54,BLR-004,Running,9.48,31.92,181.88,195.5,81.32,,32.0,60.9
2026-03-21 18:17:54,BLR-004,Running,12.56,62.28,220.59,199.59,88.15,,33.7,88.6
2026-03-21 18:27:54,BLR-004,Running,7.84,72.47,185.53,189.94,81.34,,31.8,95.0
2026-03-21 18:37:54,BLR-004,Running,9.67,77.25,239.29,142.41,98.63,,35.0,84.4
2026-03-21 18:47:54,BLR-004,Running,8.48,63.52,201.34,193.97,87.36,,39.8,72.6
2026-03-21 18:57:54,BLR-004,Running,7.78,54.65,211.94,122.94,77.63,,43.8,61.4
2026-03-21 19:07:54,BLR-004,Running,7.87,60.46,236.73,82.85,89.5,,43.1,79.8
2026-03-21 19:17:54,BLR-004,Fault,9.78,34.84,220.91,118.36,55.21,E35,0,0
2026-03-21 19:27:54,BLR-004,Running,8.92,71.56,204.95,153.12,88.46,,34.3,72.3
2026-03-21 19:37:54,BLR-004,Running,9.84,50.43,213.71,161.29,99.3,,32.4,72.2
2026-03-21 19:47:54,BLR-004,Running,7.49,79.34,230.89,153.02,88.17,,37.9,77.3
2026-03-21 19:57:54,BLR-004,Running,7.98,75.59,231.71,190.74,84.53,,29.0,77.9
2026-03-21 20:07:54,BLR-004,Running,7.02,78.54,226.66,126.15,77.69,,43.4,83.8
2026-03-21 20:17:54,BLR-004,Running,9.41,42.84,213.76,146.42,90.98,,42.9,85.3
2026-03-21 20:27:54,BLR-004,Running,8.87,74.74,191.43,92.99,88.77,,31.5,66.3
2026-03-21 20:37:54,BLR-004,Fault,7.74,33.68,291.54,127.36,95.54,E40,0,0
2026-03-21 20:47:54,BLR-004,Running,8.97,21.15,199.69,138.76,85.55,,41.1,85.3
2026-03-21 20:57:54,BLR-004,Fault,7.8,21.83,247.58,47.45,80.7,E39,0,0
2026-03-21 21:07:54,BLR-004,Running,9.5,62.08,221.88,197.11,71.24,,30.4,72.1
2026-03-21 21:17:54,BLR-004,Fault,7.93,43.37,295.99,165.18,87.3,E38,0,0
2026-03-21 21:27:54,BLR-004,Fault,10.51,65.19,203.89,107.13,51.41,E36,0,0
2026-03-21 21:37:54,BLR-004,Running,9.43,29.99,186.01,175.03,82.92,,37.5,67.6
2026-03-21 21:47:54,BLR-004,Running,8.84,73.79,316.91,176.14,102.72,,41.4,85.4
2026-03-21 21:57:54,BLR-004,Running,10.78,57.45,208.61,95.16,74.21,,41.5,92.9
2026-03-21 22:07:54,BLR-004,Running,7.69,45.99,186.72,177.3,102.93,,36.6,73.5
2026-03-21 22:17:54,BLR-004,Fault,7.44,37.49,311.31,125.32,100.36,E36,0,0
2026-03-21 22:27:54,BLR-004,Running,11.31,69.55,185.02,196.44,88.14,,28.9,84.3
2026-03-21 22:37:54,BLR-004,Running,8.85,40.08,197.66,165.08,85.38,,31.1,64.0
2026-03-21 22:47:54,BLR-004,Fault,7.96,59.91,221.18,100.24,51.35,E33,0,0
2026-03-21 22:57:54,BLR-004,Running,11.21,57.98,227.15,130.72,84.45,,36.5,66.8
2026-03-21 23:07:54,BLR-004,Running,10.92,64.49,221.88,141.74,98.94,,37.7,61.1
2026-03-21 23:17:54,BLR-004,Running,9.38,57.37,230.66,190.69,86.43,,30.1,74.5
2026-03-21 23:27:54,BLR-004,Running,8.79,79.5,218.28,173.29,88.6,,44.1,68.6
2026-03-21 23:37:54,BLR-004,Running,8.9,23.95,210.12,163.56,102.72,,31.7,92.8
2026-03-21 23:47:54,BLR-004,Running,9.42,57.05,225.37,128.95,87.63,,41.6,94.3
2026-03-21 23:57:54,BLR-004,Fault,8.03,42.34,181.8,59.3,85.84,E40,0,0
2026-03-22 00:07:54,BLR-004,Running,9.7,79.6,238.71,124.88,88.32,,33.9,74.6
2026-03-22 00:17:54,BLR-004,Running,9.96,60.95,225.91,177.04,87.58,,30.5,60.2
2026-03-22 00:27:54,BLR-004,Running,7.66,61.89,249.31,163.88,74.17,,39.4,76.9
2026-03-22 00:37:54,BLR-004,Fault,12.83,44.61,269.95,163.67,85.3,E40,0,0
2026-03-22 00:47:54,BLR-004,Running,8.65,30.91,235.17,157.69,68.03,,43.0,72.8
2026-03-22 00:57:54,BLR-004,Running,8.32,70.13,187.25,106.44,95.09,,29.1,82.6
2026-03-22 01:07:54,BLR-004,Fault,7.88,2.78,188.3,51.25,87.23,E37,0,0
2026-03-22 01:17:54,BLR-004,Running,8.66,61.05,191.86,139.36,98.41,,29.7,70.8
2026-03-22 01:27:54,BLR-004,Running,10.06,74.38,231.19,199.25,86.65,,31.2,85.2
2026-03-22 01:37:54,BLR-004,Fault,8.78,7.53,195.44,111.2,92.66,E39,0,0
2026-03-22 01:47:54,BLR-004,Running,7.19,68.35,212.41,131.3,81.28,,39.2,69.1
2026-03-22 01:57:54,BLR-004,Running,8.75,53.44,236.92,182.36,88.34,,43.5,79.5
2026-03-22 02:07:54,BLR-004,Running,7.54,51.51,197.71,193.78,80.53,,38.8,81.4
2026-03-22 02:17:54,BLR-004,Running,10.76,57.82,196.79,173.89,98.03,,38.5,73.3
2026-03-22 02:27:54,BLR-004,Idle,9.93,47.07,194.21,124.12,100.88,,0,0
2026-03-22 02:37:54,BLR-004,Running,9.68,69.53,215.69,118.33,90.01,,42.3,77.1
2026-03-22 02:47:54,BLR-004,Running,7.32,46.32,223.16,103.19,82.37,,29.1,72.3
2026-03-22 02:57:54,BLR-004,Running,9.0,47.84,197.64,117.64,88.49,,33.3,79.4
2026-03-22 03:07:54,BLR-004,Running,8.43,42.74,221.05,134.85,92.84,,43.5,92.0
2026-03-22 03:17:54,BLR-004,Running,7.84,71.04,205.99,148.39,99.65,,41.2,89.9
2026-03-22 03:27:54,BLR-004,Fault,9.3,11.99,212.96,166.12,93.96,E38,0,0
2026-03-22 03:37:54,BLR-004,Running,7.31,66.29,182.83,186.13,88.84,,34.4,80.7
2026-03-22 03:47:54,BLR-004,Running,8.92,61.86,224.29,156.54,81.97,,37.7,67.2
2026-03-22 03:57:54,BLR-004,Running,7.25,70.27,199.06,117.01,83.13,,34.7,84.3
2026-03-22 04:07:54,BLR-004,Running,9.15,56.35,221.08,154.99,83.62,,35.3,72.4
2026-03-22 04:17:54,BLR-004,Running,10.7,28.8,227.97,143.78,87.27,,33.5,69.5
2026-03-22 04:27:54,BLR-004,Fault,7.6,12.91,228.89,196.69,91.72,E35,0,0
2026-03-22 04:37:54,BLR-004,Running,9.47,71.66,210.09,77.33,102.14,,41.3,91.1
2026-03-22 04:47:54,BLR-004,Running,7.59,69.38,210.34,187.48,81.46,,42.7,60.8
2026-03-22 04:57:54,BLR-004,Running,8.15,77.45,220.43,68.09,90.66,,38.5,73.0
2026-03-22 05:07:54,BLR-004,Idle,9.21,70.53,196.27,91.27,75.09,,0,0
2026-03-22 05:17:54,BLR-004,Running,7.78,60.82,192.62,177.2,65.08,,39.2,65.4
2026-03-22 05:27:54,BLR-004,Running,8.46,48.67,187.31,167.7,83.63,,29.6,80.7
2026-03-22 05:37:54,BLR-004,Running,8.68,78.14,232.51,141.33,62.71,,34.2,74.7
2026-03-22 05:47:54,BLR-004,Fault,12.02,57.24,230.53,112.61,94.93,E33,0,0
2026-03-22 05:57:54,BLR-004,Running,8.84,44.29,230.03,133.7,92.19,,29.3,62.9
2026-03-22 06:07:54,BLR-004,Running,9.41,62.77,253.05,179.31,103.75,,41.3,72.1
2026-03-22 06:17:54,BLR-004,Running,9.86,54.8,260.75,143.73,95.65,,34.5,80.9
2026-03-22 06:27:54,BLR-004,Running,8.41,50.07,204.8,186.84,84.88,,41.3,60.8
2026-03-22 06:37:54,BLR-004,Running,8.21,52.45,230.73,144.1,96.14,,39.9,70.7
2026-03-22 06:47:54,BLR-004,Running,7.43,75.55,193.06,165.95,66.91,,33.5,79.0
2026-03-22 06:57:54,BLR-004,Running,8.41,75.99,193.08,71.99,96.63,,37.3,83.2
2026-03-22 07:07:54,BLR-004,Running,8.25,57.15,212.73,129.32,81.96,,30.8,86.0
2026-03-22 07:17:54,BLR-004,Running,8.56,76.06,195.82,102.55,91.47,,38.4,85.4
2026-03-22 07:27:54,BLR-004,Idle,9.83,55.3,189.42,104.26,92.47,,0,0
2026-03-22 07:37:54,BLR-004,Running,8.82,55.03,209.22,184.69,61.03,,31.5,76.4
2026-03-22 07:47:54,BLR-004,Running,9.32,23.72,234.13,191.71,95.56,,40.5,77.9
2026-03-22 07:57:54,BLR-004,Running,9.05,59.43,235.26,191.52,96.61,,34.7,91.5
2026-03-22 08:07:54,BLR-004,Running,7.29,77.28,227.44,190.6,93.15,,33.2,89.9
2026-03-22 08:17:54,BLR-004,Running,9.18,75.18,214.86,78.77,91.45,,42.3,74.6
2026-03-22 08:27:54,BLR-004,Running,8.84,63.56,190.62,171.78,82.41,,39.0,90.0
2026-03-22 08:37:54,BLR-004,Running,9.74,70.48,237.73,185.66,96.51,,36.9,65.1
2026-03-22 08:47:54,BLR-004,Fault,11.37,72.41,249.13,79.51,82.34,E33,0,0
2026-03-22 08:57:54,BLR-004,Fault,11.89,73.76,193.38,183.92,89.34,E34,0,0
2026-03-22 09:07:54,BLR-004,Running,8.89,74.52,241.21,197.46,94.18,,38.0,61.9
2026-03-22 09:17:54,BLR-004,Running,7.62,61.71,188.61,144.86,83.81,,44.0,66.9
2026-03-22 09:27:54,BLR-004,Running,7.96,79.72,239.23,174.1,102.9,,39.6,70.6
2026-03-22 09:37:54,BLR-004,Running,8.92,68.53,238.79,96.1,80.8,,37.8,61.5
2026-03-22 09:47:54,BLR-004,Running,10.78,51.19,207.07,171.64,86.09,,32.2,62.7
2026-03-22 09:57:54,BLR-004,Running,8.9,51.69,187.43,189.86,89.84,,40.9,87.4
2026-03-22 10:07:54,BLR-004,Running,9.56,69.35,223.65,164.18,80.88,,30.3,91.2
2026-03-22 10:17:54,BLR-004,Running,7.4,75.74,226.0,173.2,94.19,,31.8,69.6
2026-03-22 10:27:54,BLR-004,Running,10.87,63.47,217.34,164.39,82.3,,30.9,63.2
2026-03-22 10:37:54,BLR-004,Running,7.15,77.04,221.35,143.59,103.08,,36.7,84.4
2026-03-22 10:47:54,BLR-004,Running,7.29,58.52,214.51,119.5,101.79,,36.4,85.2
2026-03-22 10:57:54,BLR-004,Fault,9.0,59.58,285.08,157.74,84.02,E36,0,0
2026-03-22 11:07:54,BLR-004,Fault,8.52,77.96,318.77,154.51,98.87,E35,0,0
2026-03-22 11:17:54,BLR-004,Running,9.85,52.3,219.52,141.46,100.59,,39.1,77.0
2026-03-22 11:27:54,BLR-004,Running,9.13,40.31,188.47,185.9,91.77,,31.5,72.8
2026-03-22 11:37:54,BLR-004,Running,9.21,54.72,199.66,189.7,85.36,,32.4,93.4
2026-03-22 11:47:54,BLR-004,Running,7.05,48.9,200.76,101.91,67.45,,40.8,84.2
2026-03-22 11:57:54,BLR-004,Running,9.28,73.53,238.06,144.35,76.55,,44.3,74.8
2026-03-22 12:07:54,BLR-004,Running,8.97,57.14,213.33,196.68,79.43,,30.5,71.1
2026-03-22 12:17:54,BLR-004,Running,9.15,57.14,258.39,159.78,95.32,,39.2,86.5
2026-03-22 12:27:54,BLR-004,Running,7.67,70.63,191.74,144.61,92.81,,41.5,78.3
2026-03-22 12:37:54,BLR-004,Running,7.45,78.38,232.23,153.85,89.47,,30.4,71.6
2026-03-22 12:47:54,BLR-004,Running,9.48,68.43,208.8,123.28,83.33,,36.9,73.2
2026-03-22 12:57:54,BLR-004,Running,9.77,41.22,192.52,159.43,95.42,,37.2,76.2
2026-03-22 13:07:54,BLR-004,Running,7.46,57.36,233.9,144.04,91.11,,42.5,93.7
2026-03-22 13:17:54,BLR-004,Running,7.69,43.01,239.0,89.56,102.68,,41.4,91.3
2026-03-22 13:27:54,BLR-004,Running,7.1,59.44,256.98,114.03,75.64,,32.8,79.5
2026-03-22 13:37:54,BLR-004,Running,7.56,61.13,216.34,182.38,82.03,,33.1,74.0
2026-03-22 13:47:54,BLR-004,Running,9.92,58.68,215.97,176.55,96.51,,28.6,76.3
2026-03-22 13:57:54,BLR-004,Running,9.03,49.06,221.67,187.31,58.68,,35.3,91.5
2026-03-22 14:07:54,BLR-004,Running,8.71,79.04,232.59,101.64,101.78,,33.3,86.4
2026-03-22 14:17:54,BLR-004,Running,8.03,54.99,197.23,123.49,87.34,,29.7,62.2
2026-03-22 14:27:54,BLR-004,Running,9.75,57.79,189.64,130.75,98.26,,44.8,92.7
2026-03-22 14:37:54,BLR-004,Running,7.1,40.44,201.8,95.4,100.12,,38.4,86.7
2026-03-22 14:47:54,BLR-004,Fault,9.08,61.5,292.77,124.03,96.23,E32,0,0
2026-03-22 14:57:54,BLR-004,Running,8.55,46.2,182.25,100.64,59.18,,29.4,72.2
2026-03-22 15:07:54,BLR-004,Running,9.78,48.76,219.7,186.66,88.9,,31.1,66.4
2026-03-22 15:17:54,BLR-004,Running,10.74,64.6,185.04,177.36,96.4,,34.8,81.0
2026-03-22 15:27:54,BLR-004,Running,7.16,52.67,215.24,70.4,96.85,,34.3,62.3
2026-03-22 15:37:54,BLR-004,Running,9.47,76.14,183.82,185.16,97.62,,29.9,75.9
2026-03-22 15:47:54,BLR-004,Running,7.07,71.79,211.82,79.42,102.23,,37.9,86.5
2026-03-22 15:57:54,BLR-004,Running,8.19,78.47,226.85,128.69,81.87,,33.4,90.3
2026-03-22 16:07:54,BLR-004,Running,7.57,21.92,183.2,154.63,93.21,,32.5,92.8
2026-03-22 16:17:54,BLR-004,Running,10.97,40.62,212.62,142.79,91.48,,31.2,77.5
2026-03-22 16:27:54,BLR-004,Running,7.15,50.14,211.77,51.97,80.69,,42.2,73.7
2026-03-22 16:37:54,BLR-004,Running,12.3,65.05,201.64,113.85,99.5,,33.7,74.6
2026-03-22 16:47:54,BLR-004,Running,9.58,42.21,201.6,161.76,101.31,,39.8,75.0
2026-03-22 16:57:54,BLR-004,Running,9.67,72.18,238.04,192.67,86.66,,42.9,89.5
2026-03-22 17:07:54,BLR-004,Running,10.19,43.31,226.56,193.17,80.46,,30.3,74.8
2026-03-22 17:17:54,BLR-004,Running,8.49,70.77,195.07,116.83,77.2,,30.2,82.7
2026-03-22 17:27:54,BLR-004,Running,7.4,47.69,213.13,194.84,80.19,,37.1,63.4
2026-03-22 17:37:54,BLR-004,Running,9.93,61.36,180.78,121.69,102.05,,32.5,65.4
2026-03-22 17:47:54,BLR-004,Fault,7.96,76.29,225.62,59.75,93.84,E36,0,0
2026-03-22 17:57:54,BLR-004,Running,8.73,75.22,212.67,183.22,81.33,,33.3,67.7
2026-03-22 18:07:54,BLR-004,Running,9.06,53.32,213.59,84.43,102.77,,38.5,85.3
2026-03-22 18:17:54,BLR-004,Running,10.28,60.78,200.85,163.46,82.85,,35.3,63.2
2026-03-22 18:27:54,BLR-004,Fault,8.78,58.17,314.71,136.34,102.77,E39,0,0
2026-03-22 18:37:54,BLR-004,Running,7.87,66.68,232.43,121.98,92.41,,38.3,91.1
2026-03-22 18:47:54,BLR-004,Running,7.14,51.02,227.85,180.21,71.42,,35.3,69.4
2026-03-22 18:57:54,BLR-004,Running,8.84,32.96,255.4,151.67,97.81,,29.0,73.1
2026-03-22 19:07:54,BLR-004,Idle,7.26,65.2,279.14,111.37,71.66,,0,0
2026-03-22 19:17:54,BLR-004,Running,7.87,52.27,214.66,117.08,99.25,,40.7,76.9
2026-03-22 19:27:54,BLR-004,Running,8.83,56.29,190.21,134.11,104.73,,32.6,66.9
2026-03-22 19:37:54,BLR-004,Fault,9.12,67.26,180.91,144.7,56.77,E33,0,0
2026-03-22 19:47:54,BLR-004,Running,8.26,53.89,209.11,184.86,92.67,,32.9,65.2
2026-03-22 19:57:54,BLR-004,Running,8.52,50.43,215.1,112.6,78.83,,35.3,70.9
2026-03-22 20:07:54,BLR-004,Running,7.2,70.93,182.88,166.75,102.75,,33.5,95.0
2026-03-22 20:17:54,BLR-004,Running,9.88,40.8,202.87,83.06,89.49,,44.9,72.3
2026-03-22 20:27:54,BLR-004,Idle,7.56,78.87,223.43,78.01,92.67,,0,0
2026-03-22 20:37:54,BLR-004,Running,11.22,65.69,197.95,131.16,86.99,,33.6,87.1
2026-03-22 20:47:54,BLR-004,Running,9.57,41.45,190.49,172.65,92.94,,32.1,78.2
2026-03-22 20:57:54,BLR-004,Fault,8.15,61.18,222.81,165.21,58.92,E31,0,0
2026-03-22 21:07:54,BLR-004,Fault,9.17,50.03,280.88,60.15,97.83,E40,0,0
2026-03-22 21:17:54,BLR-004,Running,8.53,59.18,181.71,182.41,104.87,,35.8,65.8
2026-03-22 21:27:54,BLR-004,Idle,7.67,74.28,273.25,164.9,88.3,,0,0
2026-03-22 21:37:54,BLR-004,Running,8.07,45.63,229.46,126.02,104.13,,33.8,67.3
2026-03-22 21:47:54,BLR-004,Running,8.4,52.21,191.68,180.94,87.4,,38.8,88.8
2026-03-22 21:57:54,BLR-004,Running,8.83,58.34,232.95,108.97,86.06,,34.6,63.2
2026-03-22 22:07:54,BLR-004,Running,10.61,24.0,198.63,89.23,97.45,,43.0,66.1
2026-03-22 22:17:54,BLR-004,Running,10.41,65.84,190.04,120.36,95.23,,37.1,80.9
2026-03-22 22:27:54,BLR-004,Running,7.9,62.49,199.56,127.87,84.4,,35.6,72.4
2026-03-22 22:37:54,BLR-004,Running,7.31,71.08,233.24,199.52,84.7,,35.2,87.0
2026-03-22 22:47:54,BLR-004,Running,10.08,3.35,194.72,193.28,92.33,,39.6,69.2
2026-03-22 22:57:54,BLR-004,Running,10.29,72.98,220.55,175.45,94.1,,38.7,81.6
2026-03-22 23:07:54,BLR-004,Running,9.91,45.09,232.06,162.33,88.54,,40.8,66.1
2026-03-22 23:17:54,BLR-004,Running,10.06,79.4,205.2,194.03,93.31,,37.6,85.0
2026-03-22 23:27:54,BLR-004,Running,9.92,44.08,226.77,110.54,96.61,,41.6,88.7
2026-03-22 23:37:54,BLR-004,Running,9.67,48.39,201.8,186.02,92.8,,30.6,72.4
2026-03-22 23:47:54,BLR-004,Running,7.79,46.57,217.67,199.91,87.37,,43.4,63.7
2026-03-22 23:57:54,BLR-004,Fault,7.8,64.71,231.71,150.0,62.44,E32,0,0
2026-03-23 00:07:54,BLR-004,Running,9.28,23.57,191.17,170.63,88.44,,35.0,83.8
2026-03-23 00:17:54,BLR-004,Running,9.15,62.51,182.11,134.12,71.82,,40.0,63.5
2026-03-23 00:27:54,BLR-004,Running,8.02,79.52,208.16,116.16,101.99,,33.6,69.9
2026-03-23 00:37:54,BLR-004,Fault,8.75,12.24,206.02,107.83,80.31,E37,0,0
2026-03-23 00:47:54,BLR-004,Running,8.71,62.86,220.07,199.86,83.08,,37.7,79.7
2026-03-23 00:57:54,BLR-004,Fault,9.05,44.71,219.57,166.21,54.34,E32,0,0
2026-03-23 01:07:54,BLR-004,Idle,9.74,55.86,235.32,133.32,101.99,,0,0
2026-03-23 01:17:54,BLR-004,Running,9.44,56.34,205.97,153.3,100.83,,29.2,73.5
2026-03-23 01:27:54,BLR-004,Running,7.18,56.2,225.27,161.58,85.17,,34.8,72.7
2026-03-23 01:37:54,BLR-004,Running,9.25,26.8,183.98,76.15,74.92,,33.6,74.5
2026-03-23 01:47:54,BLR-004,Running,8.89,70.53,216.59,198.87,87.48,,30.7,63.5
2026-03-23 01:57:54,BLR-004,Running,9.31,44.06,232.19,143.32,96.07,,40.9,91.3
2026-03-23 02:07:54,BLR-004,Running,10.04,66.13,223.23,161.88,66.86,,40.7,70.2
2026-03-23 02:17:54,BLR-004,Running,7.18,66.61,220.47,127.28,95.04,,31.7,74.5
2026-03-23 02:27:54,BLR-004,Running,10.18,52.13,221.53,169.94,84.46,,38.2,85.3
2026-03-23 02:37:54,BLR-004,Fault,11.58,61.47,251.33,113.82,103.23,E37,0,0
2026-03-23 02:47:54,BLR-004,Running,8.01,58.09,239.73,117.69,93.7,,30.8,70.7
2026-03-23 02:57:54,BLR-004,Running,8.15,50.39,226.02,64.13,50.12,,40.0,81.3
2026-03-23 03:07:54,BLR-004,Running,8.07,73.24,217.36,80.25,82.93,,39.4,72.3
2026-03-23 03:17:54,BLR-004,Running,8.5,61.26,275.92,176.33,93.76,,34.3,76.4
2026-03-23 03:27:54,BLR-004,Running,7.11,24.61,180.44,118.64,94.38,,32.6,86.7
2026-03-23 03:37:54,BLR-004,Running,7.2,49.44,201.41,150.32,104.67,,39.8,65.5
2026-03-23 03:47:54,BLR-004,Running,8.3,26.05,215.58,102.94,104.08,,39.8,64.1
2026-03-23 03:57:54,BLR-004,Running,10.82,47.84,202.75,120.72,102.04,,33.6,86.1
2026-03-23 04:07:54,BLR-004,Running,7.51,65.56,232.88,183.07,88.02,,40.2,75.6
2026-03-23 04:17:54,BLR-004,Running,7.64,73.95,206.29,123.99,88.66,,38.3,60.0
2026-03-23 04:27:54,BLR-004,Running,7.88,51.54,235.78,173.81,69.21,,32.4,76.1
2026-03-23 04:37:54,BLR-004,Running,9.65,53.36,247.87,102.09,86.73,,29.7,60.6
2026-03-23 04:47:54,BLR-004,Running,8.14,55.87,204.8,146.45,81.85,,34.9,93.1
2026-03-23 04:57:54,BLR-004,Running,9.82,59.46,236.66,195.62,87.64,,42.5,66.5
2026-03-23 05:07:54,BLR-004,Running,8.23,75.69,249.3,148.82,98.42,,37.4,64.7
2026-03-23 05:17:54,BLR-004,Running,10.45,78.0,209.04,138.48,95.07,,42.6,72.3
2026-03-23 05:27:54,BLR-004,Running,8.38,44.93,182.5,128.32,104.37,,28.5,74.7
2026-03-23 05:37:54,BLR-004,Fault,9.52,58.34,204.24,108.46,63.7,E36,0,0
2026-03-23 05:47:54,BLR-004,Idle,8.86,69.27,207.11,191.11,99.92,,0,0
2026-03-23 05:57:54,BLR-004,Running,7.57,75.14,224.16,173.67,104.01,,29.3,61.7
2026-03-23 06:07:54,BLR-004,Running,7.07,45.56,211.69,136.26,88.26,,29.7,84.0
2026-03-23 06:17:54,BLR-004,Running,7.46,58.59,182.74,137.17,85.56,,38.5,72.6
2026-03-23 06:27:54,BLR-004,Running,10.12,70.58,209.83,191.93,100.59,,30.7,79.3
2026-03-23 06:37:54,BLR-004,Running,9.94,72.87,180.46,129.3,99.26,,40.9,89.3
2026-03-23 06:47:54,BLR-004,Running,7.91,71.85,207.57,189.84,80.58,,33.3,83.7
2026-03-23 06:57:54,BLR-004,Running,8.91,64.58,210.34,105.04,92.85,,28.2,60.2
2026-03-23 07:07:54,BLR-004,Running,9.77,44.79,185.05,111.62,97.52,,38.0,68.7
2026-03-23 07:17:54,BLR-004,Running,8.88,79.95,196.77,105.28,85.98,,35.5,88.9
2026-03-23 07:27:54,BLR-004,Running,8.71,78.59,211.21,164.99,82.79,,29.5,73.2
2026-03-23 07:37:54,BLR-004,Running,9.05,47.15,211.18,133.04,103.61,,35.3,64.6
2026-03-23 07:47:54,BLR-004,Fault,7.59,18.0,222.72,103.77,103.18,E36,0,0
2026-03-23 07:57:54,BLR-004,Running,7.37,54.4,212.04,108.37,87.87,,44.9,64.2
2026-03-23 08:07:54,BLR-004,Running,9.33,56.42,228.35,75.7,95.49,,29.7,62.1
2026-03-23 08:17:54,BLR-004,Running,8.81,26.77,235.42,134.09,82.46,,29.4,64.2
2026-03-23 08:27:54,BLR-004,Running,7.28,45.27,202.24,163.38,89.93,,38.1,63.4
2026-03-23 08:37:54,BLR-004,Running,7.14,22.81,205.73,139.91,89.88,,29.6,79.6
2026-03-23 08:47:54,BLR-004,Running,8.59,62.24,210.76,145.99,66.15,,42.3,78.6
2026-03-23 08:57:54,BLR-004,Idle,9.01,41.83,180.76,174.2,85.81,,0,0
2026-03-23 09:07:54,BLR-004,Running,7.09,46.58,244.55,78.94,87.78,,29.6,85.9
2026-03-23 09:17:54,BLR-004,Running,7.06,52.37,211.95,114.67,90.32,,43.8,86.3
2026-03-23 09:27:54,BLR-004,Running,9.79,56.79,216.54,135.97,66.56,,39.3,66.9
2026-03-23 09:37:54,BLR-004,Running,10.03,74.36,240.17,110.63,90.05,,42.5,70.9
2026-03-23 09:47:54,BLR-004,Running,9.02,65.64,303.97,153.09,102.97,,37.1,80.1
2026-03-23 09:57:54,BLR-004,Running,7.68,75.87,254.8,192.39,91.53,,31.8,80.0
2026-03-23 10:07:54,BLR-004,Fault,8.95,41.02,184.46,59.83,96.93,E32,0,0
2026-03-23 10:17:54,BLR-004,Running,9.1,42.73,183.75,94.06,100.6,,32.1,75.3
2026-03-23 10:27:54,BLR-004,Running,10.55,62.19,200.75,172.66,96.38,,33.2,61.4
2026-03-23 10:37:54,BLR-004,Running,8.1,73.08,229.9,196.14,102.67,,39.6,71.0
2026-03-23 10:47:54,BLR-004,Running,8.37,70.92,238.27,114.03,80.45,,39.2,84.2
2026-03-23 10:57:54,BLR-004,Running,9.3,54.69,217.87,180.4,84.56,,33.8,72.1
2026-03-23 11:07:54,BLR-004,Running,8.05,76.63,194.26,182.48,92.83,,28.8,78.1
2026-03-23 11:17:54,BLR-004,Running,10.43,67.65,237.38,181.91,103.84,,38.2,83.3
2026-03-23 11:27:54,BLR-004,Running,8.12,74.72,180.2,121.9,94.13,,37.6,69.8
2026-03-23 11:37:54,BLR-004,Running,10.49,56.81,230.02,165.63,80.4,,28.7,71.9
2026-03-23 11:47:54,BLR-004,Running,7.0,58.0,220.35,159.78,95.26,,43.6,85.7
2026-03-23 11:57:54,BLR-004,Running,7.81,64.19,263.8,111.14,99.21,,32.5,86.4
2026-03-23 12:07:54,BLR-004,Running,7.4,77.95,268.02,144.51,102.14,,40.1,71.1
2026-03-23 12:17:54,BLR-004,Running,9.15,68.26,227.32,162.28,86.8,,38.4,92.4
2026-03-23 12:27:54,BLR-004,Idle,7.26,43.85,199.67,144.47,80.89,,0,0
2026-03-23 12:37:54,BLR-004,Running,9.92,53.52,189.78,182.31,76.14,,40.7,85.2
2026-03-23 12:47:54,BLR-004,Running,8.98,57.68,222.94,110.14,82.82,,36.9,62.2
2026-03-23 12:57:54,BLR-004,Fault,9.51,37.51,289.63,181.56,101.46,E33,0,0
2026-03-23 13:07:54,BLR-004,Fault,9.29,37.95,295.62,153.29,84.9,E38,0,0
2026-03-23 13:17:54,BLR-004,Running,7.55,46.5,193.96,157.05,87.96,,34.7,77.5
2026-03-23 13:27:54,BLR-004,Running,7.75,73.4,236.5,97.46,103.96,,35.1,77.1
2026-03-23 13:37:54,BLR-004,Running,9.0,38.05,180.18,169.51,95.27,,38.8,87.7
2026-03-23 13:47:54,BLR-004,Idle,9.54,75.64,205.16,159.67,82.32,,0,0
2026-03-23 13:57:54,BLR-004,Running,8.05,46.52,203.87,99.38,94.88,,28.4,75.9
2026-03-23 14:07:54,BLR-004,Running,8.77,54.94,282.19,127.42,101.29,,32.1,93.1
2026-03-23 14:17:54,BLR-004,Running,8.35,54.92,233.06,102.17,69.79,,42.0,79.6
2026-03-23 14:27:54,BLR-004,Fault,7.07,41.17,218.52,170.24,64.14,E31,0,0
2026-03-23 14:37:54,BLR-004,Running,7.65,51.17,191.6,122.74,103.09,,35.1,76.7
2026-03-23 14:47:54,BLR-004,Running,9.81,61.81,191.17,92.87,83.91,,37.5,77.8
2026-03-23 14:57:54,BLR-004,Running,7.11,54.36,236.12,134.45,98.75,,34.7,70.5
2026-03-23 15:07:54,BLR-004,Running,10.7,45.5,195.92,112.74,96.71,,29.6,72.1
2026-03-23 15:17:54,BLR-004,Running,8.56,48.31,262.03,139.33,95.68,,37.5,76.7
2026-03-23 15:27:54,BLR-004,Fault,7.9,71.1,219.54,99.07,51.01,E33,0,0
2026-03-23 15:37:54,BLR-004,Running,9.62,78.75,220.04,152.19,96.69,,40.4,66.1
2026-03-23 15:47:54,BLR-004,Fault,12.37,16.41,212.1,117.54,90.13,E37,0,0
2026-03-23 15:57:54,BLR-004,Running,8.59,52.72,249.31,129.31,77.88,,30.1,81.6
2026-03-23 16:07:54,BLR-004,Running,8.45,34.97,219.66,178.78,86.34,,41.7,87.4
2026-03-23 16:17:54,BLR-004,Fault,10.01,54.0,204.89,69.87,88.37,E33,0,0
2026-03-23 16:27:54,BLR-004,Running,7.92,50.52,234.03,168.83,95.03,,37.5,93.8
2026-03-23 16:37:54,BLR-004,Running,7.59,55.18,180.34,115.91,97.92,,39.1,77.5
2026-03-23 16:47:54,BLR-004,Fault,10.08,60.75,310.59,144.28,100.39,E38,0,0
2026-03-23 16:57:54,BLR-004,Running,7.74,48.66,193.73,118.82,97.65,,41.5,82.2
2026-03-23 17:07:54,BLR-004,Running,8.74,50.51,201.5,100.99,95.01,,36.5,64.8
2026-03-23 17:17:54,BLR-004,Running,8.36,50.92,188.5,89.43,95.63,,33.1,89.7
2026-03-23 17:27:54,BLR-004,Fault,8.04,64.58,282.45,181.33,91.68,E31,0,0
2026-03-23 17:37:54,BLR-004,Running,7.44,51.64,199.9,192.2,92.49,,32.6,70.5
2026-03-23 17:47:54,BLR-004,Running,9.91,34.56,227.8,104.29,91.46,,39.7,89.0
2026-03-23 17:57:54,BLR-004,Running,7.28,22.77,225.11,109.63,97.12,,31.6,77.8
2026-03-23 18:07:54,BLR-004,Fault,11.58,27.75,239.77,100.12,102.65,E36,0,0
2026-03-23 18:17:54,BLR-004,Running,10.05,23.52,205.85,128.69,92.74,,30.7,76.4
2026-03-23 18:27:54,BLR-004,Running,8.6,79.86,226.59,198.92,104.61,,39.3,72.4
2026-03-23 18:37:54,BLR-004,Running,8.34,75.58,224.82,153.81,71.34,,41.0,81.1
2026-03-23 18:47:54,BLR-004,Running,8.64,48.24,220.82,114.93,89.14,,38.4,66.8
2026-03-23 18:57:54,BLR-004,Running,9.07,10.87,187.66,132.98,56.19,,42.1,84.6
2026-03-23 19:07:54,BLR-004,Running,9.16,47.46,195.22,134.35,103.74,,38.2,75.3
2026-03-23 19:17:54,BLR-004,Running,10.84,70.19,228.02,121.09,83.26,,41.7,71.1
2026-03-23 19:27:54,BLR-004,Running,8.29,77.83,211.7,121.37,65.19,,31.3,72.1
2026-03-23 19:37:54,BLR-004,Running,8.51,55.12,221.7,103.45,95.85,,34.6,66.4
2026-03-23 19:47:54,BLR-004,Running,7.52,57.55,231.25,154.74,90.87,,40.5,87.2
2026-03-23 19:57:54,BLR-004,Running,8.71,55.15,198.77,100.26,95.77,,34.9,82.1
2026-03-23 20:07:54,BLR-004,Running,9.24,49.59,191.33,102.66,66.16,,43.9,77.8
2026-03-23 20:17:54,BLR-004,Fault,11.09,10.75,187.67,77.07,81.06,E40,0,0
2026-03-23 20:27:54,BLR-004,Running,8.15,61.17,197.49,184.93,77.74,,32.9,90.2
2026-03-23 20:37:54,BLR-004,Running,9.43,75.88,185.98,148.71,99.76,,29.0,74.1
2026-03-23 20:47:54,BLR-004,Running,9.18,68.68,190.97,119.69,85.97,,28.9,84.1
2026-03-23 20:57:54,BLR-004,Running,8.02,78.69,224.52,195.12,97.37,,42.4,69.6
2026-03-23 21:07:54,BLR-004,Running,10.97,72.55,218.14,189.73,90.39,,41.1,92.6
2026-03-23 21:17:54,BLR-004,Running,7.76,77.52,222.86,101.73,100.89,,29.9,86.6
2026-03-23 21:27:54,BLR-004,Running,7.79,50.85,181.03,150.76,103.97,,42.4,93.0
2026-03-23 21:37:54,BLR-004,Running,9.07,57.1,189.87,187.09,85.88,,30.0,69.7
2026-03-23 21:47:54,BLR-004,Fault,8.21,79.97,206.23,89.54,63.31,E32,0,0
2026-03-23 21:57:54,BLR-004,Running,8.14,50.73,194.32,195.46,92.71,,32.8,64.5
2026-03-23 22:07:54,BLR-004,Running,8.93,76.76,237.55,134.76,93.14,,36.6,73.0
2026-03-23 22:17:54,BLR-004,Running,8.38,33.79,277.16,172.46,84.81,,40.6,69.8
2026-03-23 22:27:54,BLR-004,Running,8.61,40.66,217.86,85.2,102.65,,29.9,92.9
2026-03-23 22:37:54,BLR-004,Running,7.68,69.59,207.21,95.85,104.03,,42.3,77.1
2026-03-23 22:47:54,BLR-004,Fault,11.09,56.07,227.4,148.64,94.44,E31,0,0
2026-03-23 22:57:54,BLR-004,Idle,9.64,65.92,205.1,172.73,95.35,,0,0
2026-03-23 23:07:54,BLR-004,Running,7.9,64.65,216.64,140.29,82.12,,37.5,79.3
2026-03-23 23:17:54,BLR-004,Fault,7.26,9.62,198.25,180.89,57.4,E34,0,0
2026-03-23 23:27:54,BLR-004,Running,7.59,63.13,188.08,140.81,92.9,,39.2,71.2
2026-03-23 23:37:54,BLR-004,Running,8.3,52.69,215.49,127.98,84.31,,42.1,79.9
2026-03-23 23:47:54,BLR-004,Running,8.99,53.73,183.27,183.31,96.6,,41.2,72.9
2026-03-23 23:57:54,BLR-004,Fault,9.86,51.59,274.27,55.53,87.26,E39,0,0
2026-03-24 00:07:54,BLR-004,Running,7.26,70.16,223.49,145.28,102.7,,31.6,61.6
2026-03-24 00:17:54,BLR-004,Running,9.06,45.51,184.74,138.61,102.47,,39.3,64.2
2026-03-24 00:27:54,BLR-004,Running,7.13,38.33,206.21,131.93,86.54,,38.4,77.6
2026-03-24 00:37:54,BLR-004,Running,7.02,41.13,313.05,105.9,95.95,,37.3,60.6
2026-03-24 00:47:54,BLR-004,Running,7.24,75.89,226.25,110.89,93.96,,29.3,65.2
2026-03-24 00:57:54,BLR-004,Running,9.82,49.99,205.23,137.74,102.99,,33.3,79.6
2026-03-24 01:07:54,BLR-004,Running,8.12,61.81,192.38,132.83,87.74,,43.8,82.0
2026-03-24 01:17:54,BLR-004,Running,7.87,79.82,247.4,175.39,99.71,,36.9,64.6
2026-03-24 01:27:54,BLR-004,Running,8.04,58.8,226.73,188.69,90.08,,37.9,73.5
2026-03-24 01:37:54,BLR-004,Running,9.53,69.15,232.16,167.51,95.85,,34.4,76.0
2026-03-24 01:47:54,BLR-004,Running,7.89,56.97,207.0,131.98,91.6,,31.6,83.3
2026-03-24 01:57:54,BLR-004,Fault,8.52,9.25,312.6,119.21,99.51,E34,0,0
2026-03-24 02:07:54,BLR-004,Running,7.84,67.65,223.13,156.24,88.45,,32.2,88.7
2026-03-24 02:17:54,BLR-004,Running,8.1,40.12,201.56,83.8,85.25,,31.7,82.3
2026-03-24 02:27:54,BLR-004,Fault,8.32,46.7,211.52,44.93,96.9,E36,0,0
2026-03-24 02:37:54,BLR-004,Running,9.26,55.93,183.31,121.53,80.8,,37.9,62.4
2026-03-24 02:47:54,BLR-004,Running,8.8,56.7,219.73,92.23,87.66,,37.6,77.2
2026-03-24 02:57:54,BLR-004,Running,8.36,78.86,224.55,111.18,99.28,,37.0,71.1
2026-03-24 03:07:54,BLR-004,Running,7.72,54.95,223.46,88.51,79.0,,41.2,87.0
2026-03-24 03:17:54,BLR-004,Fault,7.54,12.14,219.88,96.71,101.18,E37,0,0
2026-03-24 03:27:54,BLR-004,Running,7.19,64.79,187.13,78.03,95.25,,30.7,91.2
2026-03-24 03:37:54,BLR-004,Running,7.24,64.33,238.64,107.88,73.33,,28.6,61.2
2026-03-24 03:47:54,BLR-004,Running,8.15,65.36,197.72,148.25,102.78,,42.2,72.1
2026-03-24 03:57:54,BLR-004,Running,7.26,78.33,236.02,158.7,104.69,,38.5,72.2
2026-03-24 04:07:54,BLR-004,Fault,7.58,55.27,204.72,139.96,56.7,E34,0,0
2026-03-24 04:17:54,BLR-004,Running,9.7,66.06,262.67,123.1,80.49,,35.4,74.9
2026-03-24 04:27:54,BLR-004,Running,9.34,60.29,273.84,130.89,86.85,,37.3,75.2
2026-03-24 04:37:54,BLR-004,Running,7.19,48.64,214.24,119.63,98.92,,32.7,93.2
2026-03-24 04:47:54,BLR-004,Idle,7.63,68.44,204.24,97.13,91.39,,0,0
2026-03-24 04:57:54,BLR-004,Running,8.97,23.46,239.59,197.92,92.91,,40.1,85.7
2026-03-24 05:07:54,BLR-004,Running,8.73,40.69,264.23,185.88,96.9,,39.2,88.6
2026-03-24 05:17:54,BLR-004,Running,7.38,48.8,205.71,178.54,75.42,,30.9,70.3
2026-03-24 05:27:54,BLR-004,Fault,7.32,69.76,180.16,45.2,93.3,E40,0,0
2026-03-24 05:37:54,BLR-004,Fault,8.09,62.82,204.0,157.31,59.3,E38,0,0
2026-03-24 05:47:54,BLR-004,Running,9.85,49.49,222.19,124.89,85.16,,32.2,75.1
2026-03-24 05:57:54,BLR-004,Running,8.63,45.49,201.24,102.2,103.24,,28.5,68.9
2026-03-24 06:07:54,BLR-004,Running,8.34,70.24,189.95,153.83,74.76,,34.6,65.6
2026-03-24 06:17:54,BLR-004,Running,8.2,63.92,300.93,128.48,104.02,,35.5,68.1
2026-03-24 06:27:54,BLR-004,Running,7.49,78.32,231.36,198.49,85.37,,29.3,71.9
2026-03-24 06:37:54,BLR-004,Fault,10.34,60.86,228.8,134.72,53.87,E32,0,0
2026-03-24 06:47:54,BLR-004,Running,7.94,43.12,215.17,103.36,84.56,,31.0,68.6
2026-03-24 06:57:54,BLR-004,Running,7.9,61.5,223.61,98.52,102.98,,39.1,81.1
2026-03-24 07:07:54,BLR-004,Running,9.77,45.45,187.25,145.05,90.59,,40.1,63.6
2026-03-24 07:17:54,BLR-004,Fault,7.52,3.9,206.61,161.26,103.15,E39,0,0
2026-03-24 07:27:54,BLR-004,Fault,9.9,53.94,232.29,167.84,61.27,E31,0,0
2026-03-24 07:37:54,BLR-004,Running,8.68,23.51,218.48,159.4,84.56,,37.9,64.5
2026-03-24 07:47:54,BLR-004,Idle,7.35,72.06,188.65,167.87,82.05,,0,0
2026-03-24 07:57:54,BLR-004,Running,9.6,63.5,180.67,102.28,102.84,,38.2,92.4
2026-03-24 08:07:54,BLR-004,Running,8.08,79.03,210.75,133.3,100.23,,43.8,65.9
2026-03-24 08:17:54,BLR-004,Fault,7.7,51.99,231.34,164.18,57.22,E38,0,0
2026-03-24 08:27:54,BLR-004,Running,10.35,61.68,202.87,189.08,94.64,,30.7,83.6
2026-03-24 08:37:54,BLR-004,Running,7.35,71.23,231.61,138.32,79.46,,40.2,93.8
2026-03-24 08:47:54,BLR-004,Running,7.84,35.59,279.7,123.47,103.03,,32.2,64.4
2026-03-24 08:57:54,BLR-004,Running,9.02,40.86,252.64,150.61,85.09,,39.9,94.5
2026-03-24 09:07:54,BLR-004,Running,9.06,66.41,184.46,193.95,84.6,,42.0,84.1
2026-03-24 09:17:54,BLR-004,Running,9.02,63.8,228.19,87.45,101.74,,28.8,94.5
2026-03-24 09:27:54,BLR-004,Running,7.25,69.78,254.66,181.48,95.6,,43.9,66.3
2026-03-24 09:37:54,BLR-004,Running,9.87,43.47,237.74,164.57,86.19,,44.7,82.7
2026-03-24 09:47:54,BLR-004,Running,8.63,22.2,188.75,111.59,97.42,,38.6,71.8
2026-03-24 09:57:54,BLR-004,Running,9.13,22.96,199.51,111.76,89.85,,33.2,64.2
2026-03-24 10:07:54,BLR-004,Running,7.65,50.55,224.67,156.68,66.76,,43.3,68.7
2026-03-24 10:17:54,BLR-004,Running,7.82,46.36,195.93,182.3,96.65,,39.2,64.2
2026-03-24 10:27:54,BLR-004,Running,8.5,74.35,258.01,78.55,94.48,,28.7,82.5
2026-03-24 10:37:54,BLR-004,Running,8.1,61.35,181.72,161.7,65.7,,28.6,60.2
2026-03-24 10:47:54,BLR-004,Running,8.2,64.12,191.29,189.52,72.06,,30.9,88.0
2026-03-24 10:57:54,BLR-004,Running,9.29,49.51,253.88,181.87,96.39,,28.3,64.0
2026-03-24 11:07:54,BLR-004,Idle,7.33,57.66,185.88,199.28,100.74,,0,0
2026-03-24 11:17:54,BLR-004,Running,7.65,63.17,201.44,159.39,70.46,,35.4,85.7
2026-03-24 11:27:54,BLR-004,Running,9.65,50.23,210.6,176.9,93.71,,28.1,82.0
