timestamp,machine_id,status,temperature_c,vibration_mm_s,spindle_rpm,coolant_flow_l_min,power_kw,error_code,cycle_time_s,oee_pct
2026-03-17 11:37:54,CNC-M01,Running,56.34,0.93,5538.73,9.0,12.45,,40.7,75.0
2026-03-17 11:47:54,CNC-M01,Running,52.24,0.78,5023.13,9.07,11.8,,34.5,80.9
2026-03-17 11:57:54,CNC-M01,Running,50.03,2.38,2458.21,13.26,8.4,,30.7,60.1
2026-03-17 12:07:54,CNC-M01,Running,59.39,2.02,2425.64,13.89,6.99,,30.7,93.4
2026-03-17 12:17:54,CNC-M01,Running,63.37,1.48,6798.56,13.65,7.41,,29.3,85.6
2026-03-17 12:27:54,CNC-M01,Running,64.56,0.75,5787.39,11.69,14.64,,40.8,84.1
2026-03-17 12:37:54,CNC-M01,Fault,52.98,1.25,3805.94,8.45,22.77,E01,0,0
2026-03-17 12:47:54,CNC-M01,Running,74.47,2.31,2283.43,12.68,6.32,,37.7,76.5
2026-03-17 12:57:54,CNC-M01,Running,61.15,0.69,3694.31,13.1,14.84,,34.8,71.9
2026-03-17 13:07:54,CNC-M01,Running,49.97,1.4,3114.18,14.46,13.61,,28.9,95.0
2026-03-17 13:17:54,CNC-M01,Running,64.38,2.2,3942.56,10.81,16.89,,32.5,87.4
2026-03-17 13:27:54,CNC-M01,Running,53.46,2.49,4873.63,10.08,10.79,,40.7,62.0
2026-03-17 13:37:54,CNC-M01,Running,55.06,0.81,2320.45,12.17,7.35,,43.1,68.6
2026-03-17 13:47:54,CNC-M01,Running,57.39,1.67,5738.83,13.01,8.96,,33.1,71.1
2026-03-17 13:57:54,CNC-M01,Running,46.45,2.5,2293.04,9.86,13.81,,34.3,65.5
2026-03-17 14:07:54,CNC-M01,Running,59.07,2.47,2031.29,10.1,14.39,,30.0,63.7
2026-03-17 14:17:54,CNC-M01,Running,50.45,1.94,4536.95,11.42,13.46,,35.2,69.7
2026-03-17 14:27:54,CNC-M01,Running,91.57,1.02,4206.72,8.07,19.42,,42.2,80.4
2026-03-17 14:37:54,CNC-M01,Running,47.55,2.3,5442.81,9.47,6.03,,43.0,74.2
2026-03-17 14:47:54,CNC-M01,Running,48.09,2.23,5243.09,8.17,8.32,,41.6,90.2
2026-03-17 14:57:54,CNC-M01,Running,50.34,0.72,5434.37,13.72,8.05,,31.9,60.8
2026-03-17 15:07:54,CNC-M01,Running,51.57,2.43,4565.93,14.87,14.39,,44.5,66.2
2026-03-17 15:17:54,CNC-M01,Running,50.31,3.15,3254.71,11.58,10.77,,40.0,60.1
2026-03-17 15:27:54,CNC-M01,Running,55.77,1.98,3456.89,6.66,8.14,,40.2,70.5
2026-03-17 15:37:54,CNC-M01,Running,53.17,1.09,3681.79,12.74,11.16,,37.3,60.0
2026-03-17 15:47:54,CNC-M01,Running,53.6,1.81,3768.64,11.31,12.96,,29.4,78.0
2026-03-17 15:57:54,CNC-M01,Running,51.7,2.0,2898.56,8.17,9.75,,29.2,74.5
2026-03-17 16:07:54,CNC-M01,Fault,48.89,1.49,4624.23,3.0,6.07,E03,0,0
2026-03-17 16:17:54,CNC-M01,Running,58.92,1.61,2485.43,11.25,10.59,,40.8,75.5
2026-03-17 16:27:54,CNC-M01,Running,62.84,2.31,2636.63,11.15,13.4,,41.2,77.0
2026-03-17 16:37:54,CNC-M01,Running,53.8,0.97,5572.11,4.6,6.53,,35.1,71.6
2026-03-17 16:47:54,CNC-M01,Running,46.25,1.28,5784.25,3.52,9.77,,34.6,91.2
2026-03-17 16:57:54,CNC-M01,Running,55.76,2.1,3952.92,11.4,11.69,,40.3,89.4
2026-03-17 17:07:54,CNC-M01,Running,64.61,2.31,4652.0,5.71,6.82,,33.6,75.9
2026-03-17 17:17:54,CNC-M01,Running,62.59,2.4,5339.64,13.24,19.76,,29.2,93.5
2026-03-17 17:27:54,CNC-M01,Running,65.47,2.18,2954.18,8.8,9.65,,34.3,81.2
2026-03-17 17:37:54,CNC-M01,Running,59.37,0.83,4314.74,12.03,8.75,,31.4,80.7
2026-03-17 17:47:54,CNC-M01,Running,49.86,1.1,5222.11,11.96,17.66,,29.2,82.7
2026-03-17 17:57:54,CNC-M01,Fault,86.3,1.37,5566.3,9.07,10.22,E10,0,0
2026-03-17 18:07:54,CNC-M01,Running,55.76,1.37,3073.58,13.82,19.41,,35.9,81.4
2026-03-17 18:17:54,CNC-M01,Idle,45.57,0.86,5191.33,14.16,7.76,,0,0
2026-03-17 18:27:54,CNC-M01,Running,46.71,1.48,4762.44,11.44,5.93,,39.8,70.7
2026-03-17 18:37:54,CNC-M01,Running,54.47,1.35,3323.17,9.9,6.21,,30.0,78.8
2026-03-17 18:47:54,CNC-M01,Running,48.7,1.47,5906.43,9.98,15.97,,31.1,60.5
2026-03-17 18:57:54,CNC-M01,Running,50.49,1.61,2505.12,11.44,10.74,,35.5,66.5
2026-03-17 19:07:54,CNC-M01,Running,79.12,2.14,2296.33,8.38,10.63,,44.9,64.1
2026-03-17 19:17:54,CNC-M01,Running,57.13,0.95,3802.06,14.02,8.05,,38.4,85.9
2026-03-17 19:27:54,CNC-M01,Running,49.16,1.82,2695.25,4.01,10.94,,31.9,84.7
2026-03-17 19:37:54,CNC-M01,Running,54.08,2.35,4500.23,14.54,10.45,,43.4,88.9
2026-03-17 19:47:54,CNC-M01,Running,67.49,2.0,3154.44,12.82,14.43,,36.4,62.8
2026-03-17 19:57:54,CNC-M01,Fault,86.48,1.0,8116.2,12.03,15.0,E05,0,0
2026-03-17 20:07:54,CNC-M01,Running,60.26,1.54,3112.63,11.05,14.69,,34.9,71.2
2026-03-17 20:17:54,CNC-M01,Running,67.41,1.49,3601.81,8.26,16.26,,41.1,90.3
2026-03-17 20:27:54,CNC-M01,Running,45.02,1.42,7140.57,11.49,5.52,,30.2,70.1
2026-03-17 20:37:54,CNC-M01,Running,54.69,5.26,4839.13,8.1,7.25,,44.1,82.7
2026-03-17 20:47:54,CNC-M01,Running,63.65,1.91,3930.0,11.2,6.91,,40.7,64.8
2026-03-17 20:57:54,CNC-M01,Fault,76.59,1.18,3068.69,2.9,10.8,E03,0,0
2026-03-17 21:07:54,CNC-M01,Running,54.69,2.03,5731.41,14.87,8.83,,35.0,71.1
2026-03-17 21:17:54,CNC-M01,Running,63.27,2.48,4608.08,14.75,14.65,,29.7,89.6
2026-03-17 21:27:54,CNC-M01,Fault,78.66,4.29,5879.83,7.13,11.23,E02,0,0
2026-03-17 21:37:54,CNC-M01,Fault,62.05,1.26,4874.87,14.11,20.34,E05,0,0
2026-03-17 21:47:54,CNC-M01,Running,59.94,0.7,5490.32,12.86,5.46,,33.0,73.1
2026-03-17 21:57:54,CNC-M01,Running,55.62,2.09,2315.87,12.34,14.13,,35.8,68.9
2026-03-17 22:07:54,CNC-M01,Running,45.19,2.3,2631.9,10.42,11.39,,32.3,89.6
2026-03-17 22:17:54,CNC-M01,Running,52.69,0.97,4299.25,10.07,11.58,,37.6,84.0
2026-03-17 22:27:54,CNC-M01,Running,45.98,1.49,3144.78,12.25,11.37,,39.5,85.2
2026-03-17 22:37:54,CNC-M01,Running,61.77,2.31,3235.73,12.06,5.9,,40.7,66.1
2026-03-17 22:47:54,CNC-M01,Running,55.79,1.56,5321.89,13.77,13.06,,33.8,64.0
2026-03-17 22:57:54,CNC-M01,Idle,47.82,2.22,5919.77,13.63,12.91,,0,0
2026-03-17 23:07:54,CNC-M01,Running,54.1,1.84,5289.67,8.76,5.25,,37.5,92.0
2026-03-17 23:17:54,CNC-M01,Running,46.26,2.32,3633.18,14.62,9.93,,43.1,64.7
2026-03-17 23:27:54,CNC-M01,Running,58.41,2.39,4969.08,10.9,17.45,,44.2,61.1
2026-03-17 23:37:54,CNC-M01,Running,53.87,2.21,7508.5,14.84,8.98,,30.1,89.7
2026-03-17 23:47:54,CNC-M01,Running,58.26,1.69,8829.44,8.88,5.69,,31.7,90.4
2026-03-17 23:57:54,CNC-M01,Idle,47.95,0.51,2578.75,9.75,11.61,,0,0
2026-03-18 00:07:54,CNC-M01,Running,91.85,1.15,2209.6,11.68,9.76,,29.9,77.6
2026-03-18 00:17:54,CNC-M01,Running,45.87,2.23,3832.17,8.43,9.02,,36.3,91.8
2026-03-18 00:27:54,CNC-M01,Running,66.21,0.63,4532.31,10.28,10.31,,38.3,63.5
2026-03-18 00:37:54,CNC-M01,Running,62.06,2.04,2860.09,9.6,9.53,,29.6,74.9
2026-03-18 00:47:54,CNC-M01,Running,52.49,2.35,7829.9,4.39,13.12,,38.0,79.7
2026-03-18 00:57:54,CNC-M01,Running,47.44,1.83,5472.37,14.78,8.52,,31.6,83.0
2026-03-18 01:07:54,CNC-M01,Running,47.16,1.24,4296.4,13.92,13.18,,38.9,60.9
2026-03-18 01:17:54,CNC-M01,Running,61.59,0.86,3235.94,8.04,10.66,,30.4,82.2
2026-03-18 01:27:54,CNC-M01,Fault,91.19,1.34,3480.21,13.44,5.85,E03,0,0
2026-03-18 01:37:54,CNC-M01,Running,46.0,3.16,4428.3,9.51,8.45,,39.5,80.8
2026-03-18 01:47:54,CNC-M01,Running,51.17,2.47,6449.73,13.37,7.89,,36.5,75.1
2026-03-18 01:57:54,CNC-M01,Running,55.65,1.62,3416.67,13.19,9.6,,33.3,75.0
2026-03-18 02:07:54,CNC-M01,Running,57.8,1.31,2687.49,11.22,8.62,,29.8,75.2
2026-03-18 02:17:54,CNC-M01,Running,46.57,1.99,5116.47,6.53,6.94,,34.0,93.5
2026-03-18 02:27:54,CNC-M01,Running,47.95,2.88,2611.48,8.53,11.28,,37.6,80.3
2026-03-18 02:37:54,CNC-M01,Running,62.64,2.47,5883.89,11.08,11.31,,38.1,72.3
2026-03-18 02:47:54,CNC-M01,Fault,71.93,4.74,4578.67,8.63,8.84,E01,0,0
2026-03-18 02:57:54,CNC-M01,Running,61.2,1.14,2603.44,4.41,8.43,,36.6,66.0
2026-03-18 03:07:54,CNC-M01,Running,53.76,1.55,3491.41,10.86,10.98,,39.0,62.3
2026-03-18 03:17:54,CNC-M01,Running,75.18,1.95,5625.37,10.33,6.41,,44.5,84.4
2026-03-18 03:27:54,CNC-M01,Running,56.9,1.12,5166.65,12.69,12.39,,36.9,82.6
2026-03-18 03:37:54,CNC-M01,Running,52.24,0.86,5790.67,9.59,5.77,,29.7,87.0
2026-03-18 03:47:54,CNC-M01,Running,62.67,4.67,2524.2,9.14,12.71,,35.4,74.4
2026-03-18 03:57:54,CNC-M01,Running,49.75,1.07,3795.71,10.17,9.69,,34.3,93.1
2026-03-18 04:07:54,CNC-M01,Running,54.23,1.26,5865.07,13.61,7.5,,42.9,79.4
2026-03-18 04:17:54,CNC-M01,Running,77.69,1.07,3091.17,9.03,14.46,,35.7,72.2
2026-03-18 04:27:54,CNC-M01,Running,80.8,0.97,3499.65,3.72,11.5,,32.9,89.0
2026-03-18 04:37:54,CNC-M01,Fault,47.78,1.4,8263.38,13.84,12.27,E02,0,0
2026-03-18 04:47:54,CNC-M01,Running,49.75,0.98,4491.24,7.35,10.36,,37.8,85.1
2026-03-18 04:57:54,CNC-M01,Running,45.03,1.64,4672.86,10.52,10.44,,36.6,60.7
2026-03-18 05:07:54,CNC-M01,Running,45.87,1.25,3428.38,4.96,6.04,,40.9,64.7
2026-03-18 05:17:54,CNC-M01,Running,51.77,2.16,5923.28,9.28,12.16,,28.6,67.1
2026-03-18 05:27:54,CNC-M01,Running,62.72,1.12,5261.62,8.26,7.86,,28.8,83.0
2026-03-18 05:37:54,CNC-M01,Running,60.99,1.3,5825.91,9.31,8.67,,32.5,62.9
2026-03-18 05:47:54,CNC-M01,Running,53.61,0.86,2410.39,10.07,12.18,,35.5,75.6
2026-03-18 05:57:54,CNC-M01,Running,63.23,1.37,5165.91,6.68,10.13,,30.7,61.1
2026-03-18 06:07:54,CNC-M01,Fault,58.56,0.75,4580.65,14.65,20.77,E06,0,0
2026-03-18 06:17:54,CNC-M01,Running,60.26,1.56,4598.24,8.79,9.99,,37.5,69.2
2026-03-18 06:27:54,CNC-M01,Running,53.93,1.07,3964.8,13.97,13.99,,29.5,83.9
2026-03-18 06:37:54,CNC-M01,Running,51.39,0.63,5565.33,12.98,11.38,,36.6,64.2
2026-03-18 06:47:54,CNC-M01,Running,47.78,0.55,3475.64,11.86,5.86,,45.0,85.2
2026-03-18 06:57:54,CNC-M01,Running,60.38,0.65,4569.35,12.76,13.78,,38.9,66.4
2026-03-18 07:07:54,CNC-M01,Running,53.65,0.61,2612.06,10.26,8.46,,43.2,89.6
2026-03-18 07:17:54,CNC-M01,Running,57.7,0.75,4133.91,9.18,6.54,,40.3,81.2
2026-03-18 07:27:54,CNC-M01,Running,56.27,0.56,7411.2,12.56,9.17,,36.5,82.0
2026-03-18 07:37:54,CNC-M01,Running,64.13,2.11,3189.74,4.24,9.84,,38.3,70.9
2026-03-18 07:47:54,CNC-M01,Running,59.68,2.45,3482.16,10.23,7.67,,29.6,70.2
2026-03-18 07:57:54,CNC-M01,Running,57.31,2.23,3309.74,10.19,9.98,,36.5,70.8
2026-03-18 08:07:54,CNC-M01,Fault,94.18,2.43,3411.58,5.98,11.54,E09,0,0
2026-03-18 08:17:54,CNC-M01,Fault,81.61,1.03,3613.02,4.2,8.63,E07,0,0
2026-03-18 08:27:54,CNC-M01,Running,60.29,2.48,2475.24,10.76,8.39,,40.8,67.0
2026-03-18 08:37:54,CNC-M01,Running,55.0,2.71,3894.98,12.24,8.28,,30.8,94.7
2026-03-18 08:47:54,CNC-M01,Running,50.98,2.16,4834.96,13.71,11.74,,37.9,87.9
2026-03-18 08:57:54,CNC-M01,Fault,58.76,4.95,5131.62,12.04,10.84,E10,0,0
2026-03-18 09:07:54,CNC-M01,Running,52.6,0.98,4802.08,11.09,9.13,,36.5,81.4
2026-03-18 09:17:54,CNC-M01,Running,61.97,1.91,4243.55,11.35,14.57,,37.1,79.1
2026-03-18 09:27:54,CNC-M01,Running,62.35,2.11,3936.72,9.95,14.41,,41.1,84.7
2026-03-18 09:37:54,CNC-M01,Running,54.78,1.62,4886.66,12.01,13.96,,33.9,87.1
2026-03-18 09:47:54,CNC-M01,Running,45.84,0.66,4623.89,9.5,7.71,,32.6,63.8
2026-03-18 09:57:54,CNC-M01,Running,49.79,3.86,2931.35,5.32,11.81,,44.4,94.2
2026-03-18 10:07:54,CNC-M01,Running,58.06,1.45,5023.64,10.0,18.84,,31.9,85.9
2026-03-18 10:17:54,CNC-M01,Running,45.75,1.34,5735.69,3.34,6.86,,32.9,61.3
2026-03-18 10:27:54,CNC-M01,Running,57.06,1.17,4565.25,14.22,10.04,,41.7,71.6
2026-03-18 10:37:54,CNC-M01,Running,57.97,0.53,3180.1,9.35,11.39,,35.3,71.5
2026-03-18 10:47:54,CNC-M01,Running,46.91,1.45,2027.32,11.13,8.3,,37.7,69.2
2026-03-18 10:57:54,CNC-M01,Running,49.73,1.43,4744.29,14.21,11.9,,44.0,72.9
2026-03-18 11:07:54,CNC-M01,Running,64.15,1.41,3494.5,14.39,13.02,,41.0,83.8
2026-03-18 11:17:54,CNC-M01,Running,60.75,1.56,5668.98,7.32,7.02,,30.8,89.9
2026-03-18 11:27:54,CNC-M01,Running,58.61,1.48,3781.93,4.53,10.64,,39.4,70.8
2026-03-18 11:37:54,CNC-M01,Running,83.82,4.44,6932.13,11.79,19.47,,32.9,66.3
2026-03-18 11:47:54,CNC-M01,Running,57.83,2.43,5565.33,14.42,5.8,,42.9,64.7
2026-03-18 11:57:54,CNC-M01,Running,47.37,1.29,5914.9,13.29,9.63,,35.2,73.3
2026-03-18 12:07:54,CNC-M01,Running,54.21,0.88,5061.96,2.64,14.36,,29.1,80.8
2026-03-18 12:17:54,CNC-M01,Running,58.44,0.99,6965.72,13.28,6.4,,32.0,92.1
2026-03-18 12:27:54,CNC-M01,Running,56.55,2.14,5505.03,11.65,7.75,,38.1,85.7
2026-03-18 12:37:54,CNC-M01,Running,58.58,0.59,4573.26,11.67,9.08,,31.1,78.8
2026-03-18 12:47:54,CNC-M01,Running,49.51,0.79,2230.5,10.92,8.88,,33.6,62.8
2026-03-18 12:57:54,CNC-M01,Running,52.42,2.16,6829.77,8.28,19.02,,39.4,67.6
2026-03-18 13:07:54,CNC-M01,Running,63.14,2.32,2760.09,13.23,14.14,,40.0,73.9
2026-03-18 13:17:54,CNC-M01,Running,51.43,1.43,3233.69,14.18,13.03,,40.9,71.2
2026-03-18 13:27:54,CNC-M01,Running,51.26,3.8,2064.88,12.09,7.95,,31.9,79.9
2026-03-18 13:37:54,CNC-M01,Running,56.01,1.18,3954.48,13.18,12.33,,30.4,79.1
2026-03-18 13:47:54,CNC-M01,Running,62.79,2.41,5356.27,7.27,15.03,,38.7,62.4
2026-03-18 13:57:54,CNC-M01,Fault,49.37,0.62,5735.61,12.61,22.66,E01,0,0
2026-03-18 14:07:54,CNC-M01,Running,50.49,0.53,4696.13,14.37,15.48,,31.3,78.4
2026-03-18 14:17:54,CNC-M01,Running,50.35,1.25,4260.01,9.58,13.48,,42.6,86.6
2026-03-18 14:27:54,CNC-M01,Running,70.69,0.61,8337.11,11.04,10.66,,37.0,61.5
2026-03-18 14:37:54,CNC-M01,Running,62.36,1.45,6163.57,14.3,5.33,,33.3,93.7
2026-03-18 14:47:54,CNC-M01,Running,60.05,1.3,6357.39,13.84,13.97,,40.8,64.9
2026-03-18 14:57:54,CNC-M01,Running,59.48,2.45,6961.59,10.38,14.55,,41.2,61.0
2026-03-18 15:07:54,CNC-M01,Running,64.85,1.21,3727.39,12.62,18.09,,40.1,62.9
2026-03-18 15:17:54,CNC-M01,Fault,59.23,1.98,2426.2,1.23,7.7,E03,0,0
2026-03-18 15:27:54,CNC-M01,Running,56.14,0.71,7219.28,13.49,5.12,,41.2,85.4
2026-03-18 15:37:54,CNC-M01,Running,64.85,1.54,2678.01,9.88,6.67,,33.1,87.4
2026-03-18 15:47:54,CNC-M01,Running,63.88,1.49,3831.45,8.05,13.42,,42.7,75.4
2026-03-18 15:57:54,CNC-M01,Running,61.47,1.69,4412.85,11.35,8.98,,40.5,82.2
2026-03-18 16:07:54,CNC-M01,Running,60.64,1.06,3460.06,9.4,6.8,,28.5,85.5
2026-03-18 16:17:54,CNC-M01,Running,49.19,2.16,7865.13,12.71,8.03,,30.6,74.8
2026-03-18 16:27:54,CNC-M01,Running,53.98,1.66,5693.98,10.93,24.84,,38.1,92.0
2026-03-18 16:37:54,CNC-M01,Running,68.72,0.83,4252.88,12.53,8.32,,29.8,63.5
2026-03-18 16:47:54,CNC-M01,Running,59.94,1.88,3496.48,12.76,6.51,,36.2,70.3
2026-03-18 16:57:54,CNC-M01,Running,46.72,1.96,3372.27,11.65,5.98,,35.7,62.4
2026-03-18 17:07:54,CNC-M01,Fault,75.66,4.69,7760.11,13.18,10.52,E07,0,0
2026-03-18 17:17:54,CNC-M01,Fault,49.64,0.87,3728.54,2.46,10.92,E04,0,0
2026-03-18 17:27:54,CNC-M01,Running,60.05,0.63,7918.35,10.28,7.62,,37.0,82.4
2026-03-18 17:37:54,CNC-M01,Running,57.23,1.2,4469.45,12.94,11.14,,30.3,64.1
2026-03-18 17:47:54,CNC-M01,Running,48.66,1.52,2551.47,9.3,11.93,,45.0,79.4
2026-03-18 17:57:54,CNC-M01,Fault,47.81,1.4,6789.89,0.55,14.64,E08,0,0
2026-03-18 18:07:54,CNC-M01,Fault,54.83,1.39,4261.59,9.54,21.12,E08,0,0
2026-03-18 18:17:54,CNC-M01,Running,60.45,1.52,3071.56,14.94,12.57,,35.5,67.6
2026-03-18 18:27:54,CNC-M01,Running,59.72,1.0,2128.92,14.04,19.33,,41.8,67.3
2026-03-18 18:37:54,CNC-M01,Running,58.78,1.72,4464.6,13.69,10.7,,38.1,65.9
2026-03-18 18:47:54,CNC-M01,Running,50.85,2.4,5600.62,8.95,9.12,,32.7,83.0
2026-03-18 18:57:54,CNC-M01,Running,47.65,1.14,5374.22,9.0,11.28,,29.3,87.8
2026-03-18 19:07:54,CNC-M01,Running,53.06,1.89,3818.78,12.07,13.47,,44.5,82.2
2026-03-18 19:17:54,CNC-M01,Running,62.0,1.3,5299.39,10.26,10.47,,42.5,87.6
2026-03-18 19:27:54,CNC-M01,Running,60.25,3.44,2065.13,9.11,14.92,,44.9,91.8
2026-03-18 19:37:54,CNC-M01,Running,51.04,2.25,6792.96,6.66,5.52,,40.3,86.4
2026-03-18 19:47:54,CNC-M01,Fault,46.82,2.82,7306.09,11.12,21.72,E07,0,0
2026-03-18 19:57:54,CNC-M01,Running,54.55,0.68,2412.81,10.09,13.13,,38.9,83.7
2026-03-18 20:07:54,CNC-M01,Running,73.45,0.83,2852.22,14.44,9.42,,43.2,64.9
2026-03-18 20:17:54,CNC-M01,Running,59.6,1.36,2991.15,9.74,12.21,,44.0,60.9
2026-03-18 20:27:54,CNC-M01,Running,62.52,1.71,3567.0,13.49,7.39,,32.1,82.3
2026-03-18 20:37:54,CNC-M01,Fault,78.33,4.72,3547.35,10.95,6.73,E02,0,0
2026-03-18 20:47:54,CNC-M01,Running,81.01,0.58,7736.44,12.4,9.15,,37.1,81.6
2026-03-18 20:57:54,CNC-M01,Running,51.2,0.91,4145.56,12.44,11.81,,39.9,85.5
2026-03-18 21:07:54,CNC-M01,Running,46.16,3.15,4435.33,13.19,6.19,,39.9,65.7
2026-03-18 21:17:54,CNC-M01,Idle,55.46,1.94,2507.72,9.88,12.71,,0,0
2026-03-18 21:27:54,CNC-M01,Running,50.44,3.57,2308.28,10.52,10.67,,32.3,63.6
2026-03-18 21:37:54,CNC-M01,Running,59.46,1.52,7898.44,11.3,6.5,,42.6,79.4
2026-03-18 21:47:54,CNC-M01,Running,59.81,1.14,4881.15,8.55,10.02,,31.0,88.2
2026-03-18 21:57:54,CNC-M01,Fault,64.08,3.2,5379.39,11.87,21.0,E05,0,0
2026-03-18 22:07:54,CNC-M01,Running,49.85,2.44,5103.54,11.83,6.51,,28.4,79.0
2026-03-18 22:17:54,CNC-M01,Fault,58.87,4.67,3505.1,10.15,14.83,E01,0,0
2026-03-18 22:27:54,CNC-M01,Running,47.85,0.59,5382.02,14.27,12.48,,36.6,82.3
2026-03-18 22:37:54,CNC-M01,Running,56.84,3.49,3166.7,14.48,13.32,,35.7,68.2
2026-03-18 22:47:54,CNC-M01,Running,47.72,0.72,6989.05,8.85,12.7,,35.9,89.8
2026-03-18 22:57:54,CNC-M01,Running,77.11,1.91,2860.08,9.04,14.68,,28.8,70.5
2026-03-18 23:07:54,CNC-M01,Running,48.48,2.21,4200.48,4.41,6.21,,41.3,67.8
2026-03-18 23:17:54,CNC-M01,Running,53.01,2.38,7289.46,8.52,6.98,,41.8,63.2
2026-03-18 23:27:54,CNC-M01,Running,61.18,2.38,8033.09,13.07,8.83,,34.0,91.8
2026-03-18 23:37:54,CNC-M01,Running,53.92,1.73,4589.11,14.18,5.88,,35.1,82.5
2026-03-18 23:47:54,CNC-M01,Fault,49.98,1.59,8506.0,11.36,8.44,E06,0,0
2026-03-18 23:57:54,CNC-M01,Running,48.6,0.94,5114.15,7.97,12.67,,44.6,63.5
2026-03-19 00:07:54,CNC-M01,Running,50.33,2.33,8192.06,13.93,8.55,,42.4,66.2
2026-03-19 00:17:54,CNC-M01,Running,61.12,2.33,8760.45,11.95,6.88,,36.4,70.8
2026-03-19 00:27:54,CNC-M01,Running,46.81,0.94,2002.73,9.41,12.17,,42.4,71.3
2026-03-19 00:37:54,CNC-M01,Fault,88.8,2.05,5442.68,10.62,8.96,E05,0,0
2026-03-19 00:47:54,CNC-M01,Running,64.52,1.37,3948.8,12.95,13.9,,34.1,83.3
2026-03-19 00:57:54,CNC-M01,Running,52.57,1.09,2007.19,12.01,12.71,,31.1,71.1
2026-03-19 01:07:54,CNC-M01,Running,57.23,0.71,3324.67,5.39,11.36,,42.0,83.5
2026-03-19 01:17:54,CNC-M01,Fault,51.71,4.42,3401.92,13.04,17.19,E03,0,0
2026-03-19 01:27:54,CNC-M01,Running,54.86,1.59,7054.88,12.56,6.63,,42.4,70.3
2026-03-19 01:37:54,CNC-M01,Running,64.03,2.76,4927.94,14.29,17.97,,36.2,61.1
2026-03-19 01:47:54,CNC-M01,Running,48.3,0.81,6452.21,12.88,12.3,,32.8,68.3
2026-03-19 01:57:54,CNC-M01,Idle,73.58,0.81,3710.42,12.63,7.0,,0,0
2026-03-19 02:07:54,CNC-M01,Running,50.84,3.77,3589.87,12.63,17.72,,43.1,72.9
2026-03-19 02:17:54,CNC-M01,Running,50.27,0.95,2246.56,12.67,16.72,,44.5,80.6
2026-03-19 02:27:54,CNC-M01,Running,61.82,1.34,5467.58,14.17,5.79,,40.1,77.6
2026-03-19 02:37:54,CNC-M01,Running,61.01,1.74,5028.76,14.89,13.08,,35.2,94.6
2026-03-19 02:47:54,CNC-M01,Running,64.95,2.17,5643.22,8.47,8.97,,32.7,76.0
2026-03-19 02:57:54,CNC-M01,Running,60.73,1.55,3657.77,12.12,14.4,,37.6,63.5
2026-03-19 03:07:54,CNC-M01,Running,55.71,1.32,3942.34,8.26,6.44,,39.8,61.4
2026-03-19 03:17:54,CNC-M01,Fault,51.63,1.99,5588.13,3.27,7.8,E02,0,0
2026-03-19 03:27:54,CNC-M01,Running,49.56,1.99,3283.47,12.23,17.21,,34.9,77.0
2026-03-19 03:37:54,CNC-M01,Running,52.48,3.69,7561.05,13.46,10.69,,42.9,67.0
2026-03-19 03:47:54,CNC-M01,Running,65.5,3.04,3473.41,10.78,11.81,,36.3,75.6
2026-03-19 03:57:54,CNC-M01,Running,54.49,1.19,3034.64,8.63,20.25,,31.6,67.7
2026-03-19 04:07:54,CNC-M01,Running,49.13,1.53,5868.55,11.32,6.73,,31.8,81.3
2026-03-19 04:17:54,CNC-M01,Running,59.25,1.05,5406.34,9.53,10.21,,37.9,60.3
2026-03-19 04:27:54,CNC-M01,Running,64.33,1.62,3130.71,11.37,7.76,,32.7,83.0
2026-03-19 04:37:54,CNC-M01,Running,58.03,1.53,2227.1,13.67,8.2,,28.4,77.4
2026-03-19 04:47:54,CNC-M01,Running,63.14,1.97,5979.01,10.4,11.86,,36.1,92.9
2026-03-19 04:57:54,CNC-M01,Running,51.0,1.82,3175.14,13.19,10.59,,44.1,91.5
2026-03-19 05:07:54,CNC-M01,Running,49.45,2.24,5547.37,12.1,6.18,,38.8,80.3
2026-03-19 05:17:54,CNC-M01,Running,54.44,0.74,4119.35,14.1,14.92,,44.8,91.2
2026-03-19 05:27:54,CNC-M01,Running,47.86,0.86,6731.78,10.19,17.26,,41.2,80.2
2026-03-19 05:37:54,CNC-M01,Running,60.7,0.76,3717.64,11.34,22.67,,43.2,86.5
2026-03-19 05:47:54,CNC-M01,Fault,45.36,5.47,5507.94,8.72,8.06,E01,0,0
2026-03-19 05:57:54,CNC-M01,Running,50.82,1.69,5551.9,10.4,8.59,,44.1,92.1
2026-03-19 06:07:54,CNC-M01,Running,49.57,0.76,4358.77,10.57,5.37,,32.3,78.7
2026-03-19 06:17:54,CNC-M01,Fault,79.92,1.81,8751.8,10.66,9.74,E01,0,0
2026-03-19 06:27:54,CNC-M01,Running,58.23,1.04,2548.65,8.73,6.18,,29.8,67.0
2026-03-19 06:37:54,CNC-M01,Fault,50.26,0.9,3181.4,1.99,14.33,E01,0,0
2026-03-19 06:47:54,CNC-M01,Fault,81.34,3.36,5797.78,8.53,14.05,E08,0,0
2026-03-19 06:57:54,CNC-M01,Running,50.92,0.7,2157.78,13.61,12.39,,40.9,61.6
2026-03-19 07:07:54,CNC-M01,Running,58.27,1.22,4487.23,8.65,6.83,,44.4,69.5
2026-03-19 07:17:54,CNC-M01,Running,62.01,1.8,2452.23,8.41,6.59,,38.0,88.1
2026-03-19 07:27:54,CNC-M01,Fault,48.63,1.22,8747.57,14.81,14.2,E07,0,0
2026-03-19 07:37:54,CNC-M01,Running,46.27,0.52,4099.27,13.07,14.56,,36.8,84.1
2026-03-19 07:47:54,CNC-M01,Idle,53.66,1.46,4565.62,13.79,11.13,,0,0
2026-03-19 07:57:54,CNC-M01,Running,55.11,1.49,5005.72,10.32,10.07,,34.4,88.6
2026-03-19 08:07:54,CNC-M01,Fault,71.66,0.68,3264.25,13.22,22.02,E09,0,0
2026-03-19 08:17:54,CNC-M01,Fault,81.36,1.74,4033.35,12.7,8.63,E04,0,0
2026-03-19 08:27:54,CNC-M01,Running,51.64,1.7,3453.18,8.68,5.02,,38.8,88.0
2026-03-19 08:37:54,CNC-M01,Running,52.48,3.85,5287.35,10.86,6.96,,42.5,67.5
2026-03-19 08:47:54,CNC-M01,Running,48.81,2.01,7393.13,8.86,9.57,,36.6,93.7
2026-03-19 08:57:54,CNC-M01,Running,91.04,1.37,5697.48,14.37,6.74,,39.2,81.2
2026-03-19 09:07:54,CNC-M01,Running,62.63,1.72,2992.96,10.4,13.05,,38.2,91.0
2026-03-19 09:17:54,CNC-M01,Running,61.86,1.13,4214.33,9.47,11.87,,30.3,84.9
2026-03-19 09:27:54,CNC-M01,Running,48.56,1.77,5043.1,12.08,12.1,,43.2,78.7
2026-03-19 09:37:54,CNC-M01,Fault,53.45,4.21,2212.26,5.07,14.84,E03,0,0
2026-03-19 09:47:54,CNC-M01,Running,58.81,2.01,8851.22,7.47,13.65,,32.0,87.5
2026-03-19 09:57:54,CNC-M01,Running,50.75,2.35,5826.81,10.19,5.13,,38.5,87.3
2026-03-19 10:07:54,CNC-M01,Running,61.6,1.91,5020.43,12.22,14.64,,31.0,83.9
2026-03-19 10:17:54,CNC-M01,Running,48.48,1.25,4226.39,12.09,8.31,,30.6,65.4
2026-03-19 10:27:54,CNC-M01,Running,46.02,1.73,3962.2,10.51,8.18,,31.1,62.4
2026-03-19 10:37:54,CNC-M01,Running,53.32,0.68,2853.42,10.53,12.53,,44.9,88.8
2026-03-19 10:47:54,CNC-M01,Running,45.18,1.39,4454.8,14.71,8.21,,44.1,73.5
2026-03-19 10:57:54,CNC-M01,Running,50.66,2.14,5211.27,8.31,6.93,,44.1,65.9
2026-03-19 11:07:54,CNC-M01,Running,55.76,4.13,5094.33,10.97,17.69,,41.2,82.6
2026-03-19 11:17:54,CNC-M01,Running,59.94,1.42,2350.08,7.18,10.75,,32.4,73.6
2026-03-19 11:27:54,CNC-M01,Fault,53.66,5.35,4565.69,13.29,12.01,E09,0,0
2026-03-19 11:37:54,CNC-M01,Running,76.8,0.67,3750.7,12.63,10.33,,34.6,87.9
2026-03-19 11:47:54,CNC-M01,Running,64.2,1.85,5180.07,10.61,10.54,,30.1,60.2
2026-03-19 11:57:54,CNC-M01,Running,55.74,1.11,5614.19,10.89,10.13,,31.8,89.2
2026-03-19 12:07:54,CNC-M01,Running,48.63,2.2,5729.48,11.23,7.91,,29.7,85.4
2026-03-19 12:17:54,CNC-M01,Running,51.62,1.81,7362.93,10.22,11.16,,37.9,79.8
2026-03-19 12:27:54,CNC-M01,Running,51.33,0.51,2886.1,11.05,6.34,,42.9,76.2
2026-03-19 12:37:54,CNC-M01,Running,51.11,0.85,5367.17,8.98,7.63,,29.3,62.6
2026-03-19 12:47:54,CNC-M01,Fault,87.61,5.16,4360.15,11.86,14.99,E03,0,0
2026-03-19 12:57:54,CNC-M01,Running,49.47,1.97,3858.8,10.78,11.63,,41.7,81.5
2026-03-19 13:07:54,CNC-M01,Running,55.28,0.86,4637.65,13.15,8.59,,36.3,62.2
2026-03-19 13:17:54,CNC-M01,Running,45.86,2.32,3878.7,8.33,8.24,,36.9,89.0
2026-03-19 13:27:54,CNC-M01,Running,50.27,0.85,3461.19,13.85,8.76,,36.8,72.4
2026-03-19 13:37:54,CNC-M01,Running,54.74,1.71,2555.87,8.54,7.12,,34.2,85.1
2026-03-19 13:47:54,CNC-M01,Idle,68.46,1.94,3915.26,9.13,5.22,,0,0
2026-03-19 13:57:54,CNC-M01,Running,48.22,0.58,2223.65,9.26,10.99,,28.3,85.2
2026-03-19 14:07:54,CNC-M01,Running,50.67,3.17,5469.21,13.81,12.95,,31.1,83.1
2026-03-19 14:17:54,CNC-M01,Running,59.48,1.41,2919.26,8.76,13.6,,35.1,65.2
2026-03-19 14:27:54,CNC-M01,Running,72.14,0.58,4013.32,5.93,11.03,,43.2,87.1
2026-03-19 14:37:54,CNC-M01,Running,55.44,0.59,2917.95,13.53,10.89,,40.9,84.4
2026-03-19 14:47:54,CNC-M01,Running,67.01,0.97,3133.07,10.86,12.09,,37.8,64.1
2026-03-19 14:57:54,CNC-M01,Fault,89.82,1.13,2619.11,9.78,9.24,E05,0,0
2026-03-19 15:07:54,CNC-M01,Running,52.95,1.6,2714.88,11.39,10.78,,34.8,64.8
2026-03-19 15:17:54,CNC-M01,Running,47.38,2.07,2401.11,13.5,11.14,,28.9,73.6
2026-03-19 15:27:54,CNC-M01,Running,61.09,1.44,2352.56,10.6,12.24,,34.8,83.0
2026-03-19 15:37:54,CNC-M01,Fault,64.27,3.66,3977.47,3.4,10.18,E10,0,0
2026-03-19 15:47:54,CNC-M01,Running,58.97,1.85,4620.08,8.61,8.99,,34.9,67.0
2026-03-19 15:57:54,CNC-M01,Running,90.55,1.6,4236.46,10.43,7.26,,34.9,60.2
2026-03-19 16:07:54,CNC-M01,Running,55.12,1.51,2468.04,9.8,12.93,,35.5,73.2
2026-03-19 16:17:54,CNC-M01,Running,49.87,2.05,5586.1,11.37,8.83,,31.7,84.5
2026-03-19 16:27:54,CNC-M01,Running,53.25,1.57,3053.4,10.79,8.42,,31.0,71.0
2026-03-19 16:37:54,CNC-M01,Running,56.47,1.99,2760.67,9.64,7.65,,42.2,89.3
2026-03-19 16:47:54,CNC-M01,Fault,60.58,2.62,3970.66,3.43,13.48,E06,0,0
2026-03-19 16:57:54,CNC-M01,Running,64.71,2.24,5937.58,9.96,10.77,,41.6,76.7
2026-03-19 17:07:54,CNC-M01,Running,55.05,1.87,5906.03,11.22,5.12,,37.9,71.4
2026-03-19 17:17:54,CNC-M01,Running,50.19,0.97,4452.34,11.49,12.01,,42.5,69.8
2026-03-19 17:27:54,CNC-M01,Running,47.62,0.96,6593.89,11.03,6.46,,30.5,88.2
2026-03-19 17:37:54,CNC-M01,Running,54.99,2.2,4882.24,10.1,10.68,,39.7,62.1
2026-03-19 17:47:54,CNC-M01,Running,54.53,1.4,3443.85,14.52,5.2,,42.7,93.7
2026-03-19 17:57:54,CNC-M01,Running,56.52,0.85,3420.44,11.41,13.9,,32.9,82.1
2026-03-19 18:07:54,CNC-M01,Running,48.35,1.17,4286.55,8.5,7.28,,33.0,69.4
2026-03-19 18:17:54,CNC-M01,Running,50.42,2.23,4347.68,10.9,5.23,,39.3,92.9
2026-03-19 18:27:54,CNC-M01,Running,46.6,0.71,7933.12,8.18,12.65,,32.5,65.4
2026-03-19 18:37:54,CNC-M01,Running,62.71,0.99,4505.92,13.87,23.32,,36.1,94.1
2026-03-19 18:47:54,CNC-M01,Running,50.45,2.44,2708.15,12.42,10.64,,38.9,70.8
2026-03-19 18:57:54,CNC-M01,Running,55.79,1.38,3039.23,8.0,13.48,,36.0,60.3
2026-03-19 19:07:54,CNC-M01,Running,63.94,0.52,3171.69,8.05,9.12,,34.7,65.7
2026-03-19 19:17:54,CNC-M01,Running,52.79,1.03,2958.25,14.37,11.85,,40.6,88.3
2026-03-19 19:27:54,CNC-M01,Idle,62.07,1.08,4470.92,12.36,5.19,,0,0
2026-03-19 19:37:54,CNC-M01,Running,48.72,2.9,4908.43,9.05,8.42,,41.6,94.9
2026-03-19 19:47:54,CNC-M01,Running,60.83,2.19,2224.15,8.5,6.92,,41.9,89.0
2026-03-19 19:57:54,CNC-M01,Running,60.36,2.04,4950.48,1.84,10.21,,39.6,70.9
2026-03-19 20:07:54,CNC-M01,Running,57.58,3.91,3013.25,9.39,13.64,,29.9,82.2
2026-03-19 20:17:54,CNC-M01,Running,48.35,0.74,2035.72,7.13,10.96,,29.5,65.5
2026-03-19 20:27:54,CNC-M01,Running,74.28,2.49,2239.1,12.91,6.26,,44.7,87.6
2026-03-19 20:37:54,CNC-M01,Running,61.11,0.89,3432.67,14.29,9.38,,39.8,66.6
2026-03-19 20:47:54,CNC-M01,Running,51.95,1.05,5657.9,8.48,7.96,,34.2,60.0
2026-03-19 20:57:54,CNC-M01,Running,52.58,0.54,5104.07,13.05,10.39,,36.9,77.4
2026-03-19 21:07:54,CNC-M01,Running,57.26,1.78,7151.04,7.34,13.73,,36.3,63.5
2026-03-19 21:17:54,CNC-M01,Running,61.73,1.55,3023.75,12.24,19.65,,36.4,91.1
2026-03-19 21:27:54,CNC-M01,Idle,77.02,3.34,3663.81,12.96,7.66,,0,0
2026-03-19 21:37:54,CNC-M01,Running,69.56,2.42,7595.38,9.33,7.49,,31.0,86.2
2026-03-19 21:47:54,CNC-M01,Running,47.11,1.22,4660.97,9.17,9.02,,30.7,94.9
2026-03-19 21:57:54,CNC-M01,Running,52.05,2.48,3486.88,11.01,11.08,,31.6,86.8
2026-03-19 22:07:54,CNC-M01,Running,50.08,1.39,4905.25,12.17,14.93,,33.1,67.8
2026-03-19 22:17:54,CNC-M01,Running,45.43,1.88,4214.65,14.48,5.38,,30.4,72.8
2026-03-19 22:27:54,CNC-M01,Running,49.66,0.68,5671.53,13.07,6.73,,39.7,80.2
2026-03-19 22:37:54,CNC-M01,Running,56.9,1.96,2313.91,7.08,13.17,,42.8,90.4
2026-03-19 22:47:54,CNC-M01,Running,58.06,0.52,3529.95,8.29,6.5,,31.8,61.8
2026-03-19 22:57:54,CNC-M01,Running,52.86,1.69,2888.34,10.76,5.83,,28.8,74.0
2026-03-19 23:07:54,CNC-M01,Running,72.53,0.76,4237.18,12.57,11.16,,32.2,62.5
2026-03-19 23:17:54,CNC-M01,Running,51.47,0.68,3694.16,10.25,5.24,,44.8,81.6
2026-03-19 23:27:54,CNC-M01,Running,53.84,0.59,2798.74,13.3,6.12,,44.1,92.4
2026-03-19 23:37:54,CNC-M01,Fault,61.4,5.39,6990.14,0.84,7.04,E05,0,0
2026-03-19 23:47:54,CNC-M01,Running,57.46,1.89,3506.43,11.69,5.6,,39.8,69.5
2026-03-19 23:57:54,CNC-M01,Running,63.9,3.49,5651.48,8.76,13.83,,44.7,77.8
2026-03-20 00:07:54,CNC-M01,Running,63.08,1.69,6437.53,11.92,5.4,,33.2,77.1
2026-03-20 00:17:54,CNC-M01,Running,45.37,1.21,5983.98,9.93,16.29,,45.0,94.7
2026-03-20 00:27:54,CNC-M01,Running,63.98,1.18,2549.04,11.65,13.73,,35.1,80.1
2026-03-20 00:37:54,CNC-M01,Running,51.25,1.4,4609.89,12.79,6.38,,43.3,91.8
2026-03-20 00:47:54,CNC-M01,Running,63.18,1.81,2632.19,6.13,6.84,,30.5,61.0
2026-03-20 00:57:54,CNC-M01,Running,64.46,1.11,5286.79,13.17,6.88,,28.4,94.5
2026-03-20 01:07:54,CNC-M01,Running,57.11,1.69,2104.34,7.12,13.46,,39.0,66.4
2026-03-20 01:17:54,CNC-M01,Running,54.48,0.95,5875.26,14.65,11.71,,31.5,66.2
2026-03-20 01:27:54,CNC-M01,Running,53.79,1.88,5550.35,13.43,13.24,,34.7,92.9
2026-03-20 01:37:54,CNC-M01,Fault,55.72,1.91,8287.45,14.14,7.46,E01,0,0
2026-03-20 01:47:54,CNC-M01,Running,55.32,0.6,3592.16,13.79,9.22,,28.9,78.1
2026-03-20 01:57:54,CNC-M01,Running,61.6,1.95,7713.21,12.87,9.14,,31.0,80.7
2026-03-20 02:07:54,CNC-M01,Running,49.04,1.0,5628.65,13.03,6.14,,34.2,78.3
2026-03-20 02:17:54,CNC-M01,Running,60.82,2.4,3522.43,14.39,11.6,,42.8,66.3
2026-03-20 02:27:54,CNC-M01,Running,53.39,2.04,4505.81,4.53,11.23,,35.8,89.9
2026-03-20 02:37:54,CNC-M01,Running,45.12,0.98,3902.85,8.56,7.45,,38.5,79.5
2026-03-20 02:47:54,CNC-M01,Fault,45.98,1.81,8883.06,13.87,14.2,E07,0,0
2026-03-20 02:57:54,CNC-M01,Idle,48.23,1.82,4289.13,14.76,8.6,,0,0
2026-03-20 03:07:54,CNC-M01,Running,51.46,2.14,5373.24,5.88,13.59,,35.0,67.3
2026-03-20 03:17:54,CNC-M01,Running,46.16,2.46,2350.68,12.23,12.07,,42.4,69.1
2026-03-20 03:27:54,CNC-M01,Running,57.46,1.73,4916.74,13.66,7.33,,31.3,64.1
2026-03-20 03:37:54,CNC-M01,Running,60.93,0.91,3658.53,5.4,7.12,,39.7,68.9
2026-03-20 03:47:54,CNC-M01,Running,69.5,2.03,6733.22,11.98,13.32,,42.2,92.3
2026-03-20 03:57:54,CNC-M01,Running,54.49,4.27,3842.47,14.27,13.14,,36.9,79.8
2026-03-20 04:07:54,CNC-M01,Fault,56.1,5.15,5664.75,8.46,13.41,E07,0,0
2026-03-20 04:17:54,CNC-M01,Running,61.85,1.28,5458.37,12.94,5.32,,36.4,68.3
2026-03-20 04:27:54,CNC-M01,Running,64.01,1.1,7726.88,14.39,5.25,,36.5,66.7
2026-03-20 04:37:54,CNC-M01,Running,59.65,2.05,5487.2,14.57,6.33,,35.8,85.0
2026-03-20 04:47:54,CNC-M01,Running,45.08,1.87,2348.3,8.32,11.59,,37.8,70.9
2026-03-20 04:57:54,CNC-M01,Running,51.42,1.05,3764.46,4.6,5.15,,36.7,67.2
2026-03-20 05:07:54,CNC-M01,Running,51.37,1.91,2979.3,6.45,9.44,,36.0,83.6
2026-03-20 05:17:54,CNC-M01,Running,65.81,0.86,4371.02,12.9,8.12,,40.1,83.5
2026-03-20 05:27:54,CNC-M01,Running,64.47,1.43,5251.4,11.28,11.84,,35.9,68.1
2026-03-20 05:37:54,CNC-M01,Idle,62.22,2.33,4798.46,13.52,9.53,,0,0
2026-03-20 05:47:54,CNC-M01,Running,52.03,0.84,4417.76,8.72,12.97,,39.0,87.7
2026-03-20 05:57:54,CNC-M01,Running,53.02,1.74,5895.57,10.38,10.91,,35.4,87.6
2026-03-20 06:07:54,CNC-M01,Running,49.72,0.66,4296.75,12.15,10.55,,31.0,93.5
2026-03-20 06:17:54,CNC-M01,Running,66.63,2.04,3977.18,8.63,13.87,,38.8,60.0
2026-03-20 06:27:54,CNC-M01,Running,47.98,1.28,2782.67,10.22,14.13,,44.0,75.2
2026-03-20 06:37:54,CNC-M01,Running,51.89,2.51,3616.79,10.06,10.49,,40.0,88.7
2026-03-20 06:47:54,CNC-M01,Running,62.22,0.97,3577.07,10.68,10.45,,36.1,66.6
2026-03-20 06:57:54,CNC-M01,Fault,63.49,0.81,4680.26,8.5,23.61,E07,0,0
2026-03-20 07:07:54,CNC-M01,Running,47.72,2.11,5574.33,14.51,9.54,,41.9,73.5
2026-03-20 07:17:54,CNC-M01,Fault,53.5,5.0,4848.52,14.49,5.33,E08,0,0
2026-03-20 07:27:54,CNC-M01,Running,47.26,1.88,4925.17,14.89,9.65,,43.1,63.1
2026-03-20 07:37:54,CNC-M01,Running,59.83,0.66,5192.39,8.37,12.79,,36.7,76.4
2026-03-20 07:47:54,CNC-M01,Running,53.42,2.1,2141.3,13.25,10.64,,36.0,65.9
2026-03-20 07:57:54,CNC-M01,Running,79.86,1.75,2330.04,13.96,6.33,,42.6,60.5
2026-03-20 08:07:54,CNC-M01,Running,67.62,0.8,5231.36,12.91,12.99,,33.8,63.0
2026-03-20 08:17:54,CNC-M01,Running,63.68,1.49,5081.47,11.08,7.11,,33.9,82.5
2026-03-20 08:27:54,CNC-M01,Running,47.32,1.3,4984.6,11.73,12.06,,30.5,90.5
2026-03-20 08:37:54,CNC-M01,Fault,93.91,1.86,4731.51,7.67,14.56,E05,0,0
2026-03-20 08:47:54,CNC-M01,Running,50.34,3.48,5092.6,13.14,6.95,,39.7,66.3
2026-03-20 08:57:54,CNC-M01,Idle,58.46,0.52,6228.6,9.54,6.93,,0,0
2026-03-20 09:07:54,CNC-M01,Running,79.08,2.17,4552.33,8.84,6.3,,43.3,79.8
2026-03-20 09:17:54,CNC-M01,Running,62.92,1.01,5744.73,14.46,9.27,,41.1,71.3
2026-03-20 09:27:54,CNC-M01,Running,46.48,1.27,2240.23,9.85,9.92,,38.4,66.2
2026-03-20 09:37:54,CNC-M01,Running,47.88,0.94,5650.44,8.72,17.86,,35.6,91.4
2026-03-20 09:47:54,CNC-M01,Running,57.81,1.83,4800.22,12.02,14.4,,35.4,89.5
2026-03-20 09:57:54,CNC-M01,Running,60.71,0.51,5271.91,11.97,8.59,,34.8,82.1
2026-03-20 10:07:54,CNC-M01,Running,46.81,2.42,7011.21,12.53,5.39,,31.2,84.4
2026-03-20 10:17:54,CNC-M01,Running,57.61,0.67,4941.3,9.35,10.93,,29.1,78.9
2026-03-20 10:27:54,CNC-M01,Running,55.68,1.4,2148.17,7.15,15.59,,39.3,76.0
2026-03-20 10:37:54,CNC-M01,Idle,62.49,1.66,2147.51,12.58,14.18,,0,0
2026-03-20 10:47:54,CNC-M01,Running,47.61,0.6,5174.79,9.19,13.18,,36.5,88.0
2026-03-20 10:57:54,CNC-M01,Running,61.09,2.12,4713.59,14.83,6.37,,41.5,86.7
2026-03-20 11:07:54,CNC-M01,Running,51.71,0.78,4785.18,11.07,5.41,,42.4,81.4
2026-03-20 11:17:54,CNC-M01,Running,45.31,0.51,2356.56,14.21,13.07,,39.8,67.2
2026-03-20 11:27:54,CNC-M01,Running,55.46,2.38,2150.48,11.5,11.27,,33.9,60.2
2026-03-20 11:37:54,CNC-M01,Fault,81.76,4.19,8808.9,0.88,18.3,E04,0,0
2026-03-20 11:47:54,CNC-M01,Fault,82.24,3.87,8327.81,4.22,21.05,E10,0,0
2026-03-20 11:57:54,CNC-M01,Running,76.38,5.48,6386.95,5.94,24.48,,33.5,67.0
2026-03-20 12:07:54,CNC-M01,Fault,69.89,2.99,8790.2,5.5,22.35,E07,0,0
2026-03-20 12:17:54,CNC-M01,Fault,93.92,4.77,8775.86,7.9,20.64,E01,0,0
2026-03-20 12:27:54,CNC-M01,Running,81.67,4.84,6483.68,0.63,19.76,,37.4,68.0
2026-03-20 12:37:54,CNC-M01,Fault,87.83,2.82,8570.21,1.71,16.24,E04,0,0
2026-03-20 12:47:54,CNC-M01,Fault,73.88,5.15,8984.15,1.88,15.17,E08,0,0
2026-03-20 12:57:54,CNC-M01,Fault,75.45,4.99,8802.46,5.63,21.79,E02,0,0
2026-03-20 13:07:54,CNC-M01,Fault,90.04,4.92,8666.93,5.86,23.52,E06,0,0
2026-03-20 13:17:54,CNC-M01,Fault,75.56,5.25,8752.6,1.19,18.49,E10,0,0
2026-03-20 13:27:54,CNC-M01,Fault,76.82,5.76,6120.59,6.7,15.55,E10,0,0
2026-03-20 13:37:54,CNC-M01,Running,85.5,3.56,8818.86,1.34,23.25,,42.8,84.6
2026-03-20 13:47:54,CNC-M01,Running,76.41,5.8,8538.34,1.49,22.51,,37.0,88.9
2026-03-20 13:57:54,CNC-M01,Fault,71.78,5.35,8151.79,4.75,15.44,E03,0,0
2026-03-20 14:07:54,CNC-M01,Running,94.35,4.55,7091.92,6.08,16.47,,30.2,72.1
2026-03-20 14:17:54,CNC-M01,Fault,89.67,4.13,6511.12,6.58,21.71,E06,0,0
2026-03-20 14:27:54,CNC-M01,Fault,89.99,5.1,8653.8,5.23,16.13,E05,0,0
2026-03-20 14:37:54,CNC-M01,Fault,65.71,4.91,8939.31,5.14,19.2,E03,0,0
2026-03-20 14:47:54,CNC-M01,Fault,81.75,3.36,8495.74,2.83,19.89,E08,0,0
2026-03-20 14:57:54,CNC-M01,Running,82.44,5.84,8599.53,1.83,20.02,,33.6,84.7
2026-03-20 15:07:54,CNC-M01,Running,84.35,3.97,8317.67,3.63,23.45,,30.4,79.3
2026-03-20 15:17:54,CNC-M01,Fault,86.02,3.17,8244.03,6.33,24.68,E01,0,0
2026-03-20 15:27:54,CNC-M01,Fault,92.74,3.94,6867.73,2.41,20.28,E07,0,0
2026-03-20 15:37:54,CNC-M01,Fault,92.81,4.75,8481.08,7.5,23.64,E07,0,0
2026-03-20 15:47:54,CNC-M01,Fault,69.33,3.96,8917.14,2.35,21.04,E09,0,0
2026-03-20 15:57:54,CNC-M01,Running,65.99,3.63,8527.57,5.66,23.55,,31.2,73.4
2026-03-20 16:07:54,CNC-M01,Running,80.63,3.75,8647.42,0.11,21.31,,36.0,82.9
2026-03-20 16:17:54,CNC-M01,Fault,71.26,5.38,8295.48,3.98,23.73,E10,0,0
2026-03-20 16:27:54,CNC-M01,Fault,83.87,3.96,6821.04,4.07,22.91,E08,0,0
2026-03-20 16:37:54,CNC-M01,Fault,67.03,4.55,8929.68,1.16,24.68,E03,0,0
2026-03-20 16:47:54,CNC-M01,Fault,73.98,4.65,8876.0,5.09,16.81,E06,0,0
2026-03-20 16:57:54,CNC-M01,Fault,65.19,4.75,8472.25,4.41,21.11,E09,0,0
2026-03-20 17:07:54,CNC-M01,Running,77.47,5.06,8805.05,1.84,24.09,,33.3,72.7
2026-03-20 17:17:54,CNC-M01,Fault,78.35,5.53,8767.92,3.26,24.28,E04,0,0
2026-03-20 17:27:54,CNC-M01,Fault,83.15,3.14,6245.79,1.94,20.98,E09,0,0
2026-03-20 17:37:54,CNC-M01,Fault,87.04,2.56,8208.22,0.5,17.94,E06,0,0
2026-03-20 17:47:54,CNC-M01,Fault,82.18,2.92,8481.76,7.12,17.52,E10,0,0
2026-03-20 17:57:54,CNC-M01,Running,72.93,3.95,8803.21,2.9,19.6,,39.9,66.5
2026-03-20 18:07:54,CNC-M01,Fault,66.61,3.97,8611.4,3.05,22.33,E08,0,0
2026-03-20 18:17:54,CNC-M01,Fault,75.57,4.08,8292.58,2.4,24.88,E09,0,0
2026-03-20 18:27:54,CNC-M01,Fault,94.77,5.71,7765.36,5.47,23.37,E07,0,0
2026-03-20 18:37:54,CNC-M01,Running,89.88,4.29,8672.45,3.7,15.32,,38.1,94.7
2026-03-20 18:47:54,CNC-M01,Fault,92.57,2.92,7280.22,3.16,17.0,E10,0,0
2026-03-20 18:57:54,CNC-M01,Running,79.81,4.29,8297.75,0.92,15.15,,36.5,60.9
2026-03-20 19:07:54,CNC-M01,Fault,89.07,4.61,7672.38,6.08,22.33,E08,0,0
2026-03-20 19:17:54,CNC-M01,Fault,83.92,5.72,8962.06,1.72,16.92,E07,0,0
2026-03-20 19:27:54,CNC-M01,Running,80.54,5.32,7946.34,1.72,21.95,,36.3,79.4
2026-03-20 19:37:54,CNC-M01,Fault,87.05,4.31,8410.71,1.51,18.83,E01,0,0
2026-03-20 19:47:54,CNC-M01,Fault,80.68,1.2,2107.6,10.39,16.73,E06,0,0
2026-03-20 19:57:54,CNC-M01,Idle,68.66,1.12,7513.58,8.8,10.38,,0,0
2026-03-20 20:07:54,CNC-M01,Fault,53.45,1.34,8575.76,1.27,8.22,E08,0,0
2026-03-20 20:17:54,CNC-M01,Running,75.13,1.51,3358.16,10.54,9.97,,41.4,89.4
2026-03-20 20:27:54,CNC-M01,Running,50.75,3.99,2903.54,8.64,5.95,,29.1,88.0
2026-03-20 20:37:54,CNC-M01,Running,49.19,1.8,5216.51,11.78,9.02,,35.7,86.7
2026-03-20 20:47:54,CNC-M01,Running,45.37,2.23,2851.81,13.2,14.37,,38.4,86.9
2026-03-20 20:57:54,CNC-M01,Running,56.32,1.54,2590.97,12.8,9.35,,42.1,62.3
2026-03-20 21:07:54,CNC-M01,Running,53.25,1.79,4404.93,8.79,7.46,,35.9,79.6
2026-03-20 21:17:54,CNC-M01,Running,57.94,4.32,3033.59,12.61,13.53,,28.3,90.1
2026-03-20 21:27:54,CNC-M01,Running,74.02,2.3,3453.74,8.63,12.24,,29.9,85.7
2026-03-20 21:37:54,CNC-M01,Running,55.44,2.4,3007.23,9.67,13.07,,37.9,73.6
2026-03-20 21:47:54,CNC-M01,Running,49.72,0.79,5879.69,9.78,9.9,,44.1,71.1
2026-03-20 21:57:54,CNC-M01,Fault,58.65,2.26,3451.99,13.75,24.83,E01,0,0
2026-03-20 22:07:54,CNC-M01,Running,60.78,1.61,5833.93,13.69,13.67,,34.6,91.8
2026-03-20 22:17:54,CNC-M01,Running,64.56,0.68,2941.84,14.23,11.31,,41.0,74.2
2026-03-20 22:27:54,CNC-M01,Running,93.0,2.38,3651.85,13.02,13.2,,36.6,72.3
2026-03-20 22:37:54,CNC-M01,Fault,61.27,1.41,8241.68,12.41,6.36,E05,0,0
2026-03-20 22:47:54,CNC-M01,Running,46.64,1.53,5322.49,13.93,12.93,,36.1,85.7
2026-03-20 22:57:54,CNC-M01,Running,58.75,2.1,3657.99,14.13,13.84,,44.1,92.3
2026-03-20 23:07:54,CNC-M01,Running,57.53,2.45,4805.04,10.81,7.6,,34.3,93.2
2026-03-20 23:17:54,CNC-M01,Running,75.78,2.34,4694.44,6.85,13.62,,32.9,77.3
2026-03-20 23:27:54,CNC-M01,Running,62.13,2.49,4708.75,10.86,7.9,,38.5,91.8
2026-03-20 23:37:54,CNC-M01,Running,58.69,0.52,3292.98,12.81,12.08,,32.4,63.3
2026-03-20 23:47:54,CNC-M01,Running,69.99,2.32,5757.29,12.19,5.46,,38.5,70.6
2026-03-20 23:57:54,CNC-M01,Running,52.42,1.62,3041.17,14.51,6.32,,37.0,65.0
2026-03-21 00:07:54,CNC-M01,Running,65.66,2.24,4991.29,9.98,11.13,,32.5,71.0
2026-03-21 00:17:54,CNC-M01,Running,51.31,2.03,5412.13,13.59,15.74,,28.6,69.1
2026-03-21 00:27:54,CNC-M01,Running,53.73,2.35,6784.34,11.4,13.46,,30.1,63.3
2026-03-21 00:37:54,CNC-M01,Running,48.61,1.52,5563.58,12.08,10.26,,35.1,62.7
2026-03-21 00:47:54,CNC-M01,Running,58.54,0.55,4722.56,12.13,13.37,,29.4,89.1
2026-03-21 00:57:54,CNC-M01,Running,54.08,1.69,8975.82,14.66,12.32,,37.7,67.4
2026-03-21 01:07:54,CNC-M01,Running,74.65,0.61,8094.18,10.79,14.65,,29.5,89.8
2026-03-21 01:17:54,CNC-M01,Running,60.59,2.01,2482.41,11.03,8.1,,30.2,83.3
2026-03-21 01:27:54,CNC-M01,Running,55.25,2.27,4252.23,13.3,11.14,,35.2,61.4
2026-03-21 01:37:54,CNC-M01,Running,54.27,1.87,3981.29,11.67,9.37,,36.1,65.2
2026-03-21 01:47:54,CNC-M01,Running,63.06,1.55,2190.91,4.18,17.12,,39.2,79.9
2026-03-21 01:57:54,CNC-M01,Running,50.1,3.26,7455.47,9.28,5.83,,33.1,80.6
2026-03-21 02:07:54,CNC-M01,Running,58.41,1.03,5485.38,9.3,11.04,,29.8,78.7
2026-03-21 02:17:54,CNC-M01,Running,81.75,1.45,5475.12,12.21,11.18,,39.5,84.2
2026-03-21 02:27:54,CNC-M01,Running,51.05,0.53,6034.95,14.01,11.49,,35.4,81.9
2026-03-21 02:37:54,CNC-M01,Running,48.82,1.43,2087.27,9.07,14.64,,42.6,80.5
2026-03-21 02:47:54,CNC-M01,Fault,56.39,0.6,8704.33,14.86,12.37,E09,0,0
2026-03-21 02:57:54,CNC-M01,Idle,45.74,1.53,5741.12,14.07,5.61,,0,0
2026-03-21 03:07:54,CNC-M01,Running,56.07,1.8,2467.76,12.52,9.36,,40.3,76.4
2026-03-21 03:17:54,CNC-M01,Running,55.15,1.87,5413.82,11.28,12.23,,35.1,92.9
2026-03-21 03:27:54,CNC-M01,Running,52.21,2.44,2828.83,8.6,6.73,,36.4,87.8
2026-03-21 03:37:54,CNC-M01,Running,54.87,1.61,3435.15,12.74,13.59,,41.7,71.8
2026-03-21 03:47:54,CNC-M01,Running,68.4,1.47,5139.54,13.39,13.96,,42.9,81.2
2026-03-21 03:57:54,CNC-M01,Running,65.76,2.1,5023.06,13.47,13.58,,37.6,77.8
2026-03-21 04:07:54,CNC-M01,Running,47.36,1.22,4832.65,11.49,6.54,,41.9,64.3
2026-03-21 04:17:54,CNC-M01,Running,64.39,0.51,3894.65,9.2,12.15,,38.7,68.6
2026-03-21 04:27:54,CNC-M01,Running,55.59,0.78,5672.08,14.66,11.82,,35.5,87.0
2026-03-21 04:37:54,CNC-M01,Fault,55.35,3.01,5089.49,10.75,24.61,E10,0,0
2026-03-21 04:47:54,CNC-M01,Running,74.47,1.82,3182.9,12.77,8.04,,43.5,60.3
2026-03-21 04:57:54,CNC-M01,Running,55.56,1.9,2820.53,13.52,11.97,,41.3,74.2
2026-03-21 05:07:54,CNC-M01,Fault,51.03,4.67,4960.21,14.94,5.93,E09,0,0
2026-03-21 05:17:54,CNC-M01,Running,57.71,5.78,3034.76,10.13,10.05,,32.4,77.8
2026-03-21 05:27:54,CNC-M01,Running,60.13,1.4,2020.85,9.65,10.82,,43.9,83.3
2026-03-21 05:37:54,CNC-M01,Running,49.68,1.83,4291.06,10.64,6.05,,31.3,87.2
2026-03-21 05:47:54,CNC-M01,Running,47.93,1.32,6934.75,9.5,18.38,,37.5,87.3
2026-03-21 05:57:54,CNC-M01,Running,56.69,2.49,5791.28,10.92,10.06,,35.8,93.9
2026-03-21 06:07:54,CNC-M01,Fault,55.58,1.41,8325.47,14.45,19.26,E06,0,0
2026-03-21 06:17:54,CNC-M01,Idle,45.81,1.24,3213.04,13.54,10.9,,0,0
2026-03-21 06:27:54,CNC-M01,Running,62.78,2.14,2489.31,14.09,10.73,,43.3,87.3
2026-03-21 06:37:54,CNC-M01,Running,59.4,2.02,3843.74,11.14,8.25,,39.3,74.3
2026-03-21 06:47:54,CNC-M01,Running,52.91,2.42,4943.65,14.06,10.72,,40.0,79.6
2026-03-21 06:57:54,CNC-M01,Running,56.19,1.74,2211.5,9.33,13.97,,43.9,66.3
2026-03-21 07:07:54,CNC-M01,Idle,91.8,1.91,3776.92,12.25,5.45,,0,0
2026-03-21 07:17:54,CNC-M01,Running,53.3,1.13,2458.58,4.67,7.56,,33.2,74.3
2026-03-21 07:27:54,CNC-M01,Running,57.29,0.55,6857.87,10.89,8.76,,30.1,67.1
2026-03-21 07:37:54,CNC-M01,Running,56.72,2.0,2460.33,5.86,9.84,,32.0,91.0
2026-03-21 07:47:54,CNC-M01,Running,64.27,0.99,5140.86,10.85,18.18,,44.5,73.1
2026-03-21 07:57:54,CNC-M01,Idle,60.64,1.35,3806.97,1.86,7.89,,0,0
2026-03-21 08:07:54,CNC-M01,Running,54.64,2.18,3405.67,12.1,5.45,,37.6,70.5
2026-03-21 08:17:54,CNC-M01,Running,47.46,1.61,3727.85,14.7,11.82,,32.4,86.3
2026-03-21 08:27:54,CNC-M01,Fault,49.92,1.18,4398.05,2.77,5.02,E01,0,0
2026-03-21 08:37:54,CNC-M01,Running,53.26,1.91,4152.53,12.54,15.15,,39.4,83.5
2026-03-21 08:47:54,CNC-M01,Running,61.26,1.22,5071.86,8.06,14.36,,31.8,60.7
2026-03-21 08:57:54,CNC-M01,Running,63.43,0.68,3212.71,9.64,8.63,,43.4,84.7
2026-03-21 09:07:54,CNC-M01,Running,48.92,1.29,4276.41,11.86,10.66,,37.6,62.3
2026-03-21 09:17:54,CNC-M01,Running,46.3,1.64,4092.32,9.34,14.92,,37.1,68.9
2026-03-21 09:27:54,CNC-M01,Running,54.08,1.78,2207.45,11.03,7.74,,35.9,72.7
2026-03-21 09:37:54,CNC-M01,Fault,62.68,1.06,3795.45,0.78,17.86,E04,0,0
2026-03-21 09:47:54,CNC-M01,Running,53.48,2.87,3243.22,8.68,13.08,,38.6,71.7
2026-03-21 09:57:54,CNC-M01,Running,47.16,1.18,6733.89,14.6,11.2,,38.6,80.3
2026-03-21 10:07:54,CNC-M01,Fault,65.91,4.63,2260.11,14.43,8.01,E02,0,0
2026-03-21 10:17:54,CNC-M01,Running,65.84,3.77,4469.21,14.05,11.24,,35.9,75.0
2026-03-21 10:27:54,CNC-M01,Fault,47.03,1.85,8613.77,8.76,23.57,E04,0,0
2026-03-21 10:37:54,CNC-M01,Running,47.52,1.21,4483.4,8.96,15.64,,36.7,82.8
2026-03-21 10:47:54,CNC-M01,Running,56.67,0.79,4413.32,14.79,11.58,,32.0,88.7
2026-03-21 10:57:54,CNC-M01,Running,46.09,2.45,2805.04,4.76,11.92,,39.8,89.8
2026-03-21 11:07:54,CNC-M01,Running,51.71,1.16,7927.43,11.47,11.39,,35.9,67.5
2026-03-21 11:17:54,CNC-M01,Fault,60.37,2.11,3601.25,8.05,21.79,E03,0,0
2026-03-21 11:27:54,CNC-M01,Running,48.89,2.03,6065.31,9.22,12.19,,37.4,66.2
2026-03-21 11:37:54,CNC-M01,Fault,92.64,0.54,3515.69,8.78,8.05,E06,0,0
2026-03-21 11:47:54,CNC-M01,Running,63.82,2.5,5513.55,4.58,12.95,,34.4,73.1
2026-03-21 11:57:54,CNC-M01,Running,64.54,0.59,2756.41,13.53,5.53,,42.8,89.8
2026-03-21 12:07:54,CNC-M01,Running,62.72,0.66,4654.01,6.03,11.45,,36.5,76.2
2026-03-21 12:17:54,CNC-M01,Running,52.48,1.93,3073.34,14.45,5.37,,31.5,90.2
2026-03-21 12:27:54,CNC-M01,Running,51.12,1.64,3496.43,8.94,17.22,,37.9,76.3
2026-03-21 12:37:54,CNC-M01,Running,53.52,1.32,3268.08,9.26,11.45,,29.4,89.5
2026-03-21 12:47:54,CNC-M01,Fault,57.87,2.35,6156.97,0.8,8.29,E05,0,0
2026-03-21 12:57:54,CNC-M01,Running,57.08,2.21,4172.5,13.39,8.47,,44.1,88.8
2026-03-21 13:07:54,CNC-M01,Running,45.24,2.48,5461.86,13.06,7.34,,37.4,76.4
2026-03-21 13:17:54,CNC-M01,Running,51.81,3.77,5767.72,11.07,5.3,,42.9,70.7
2026-03-21 13:27:54,CNC-M01,Running,55.0,1.21,3702.88,13.34,8.0,,37.6,61.1
2026-03-21 13:37:54,CNC-M01,Running,64.54,1.64,5655.01,10.74,14.49,,34.6,76.6
2026-03-21 13:47:54,CNC-M01,Running,64.24,1.11,4699.54,13.79,5.27,,43.5,73.5
2026-03-21 13:57:54,CNC-M01,Running,50.82,1.41,2044.19,14.37,14.9,,35.1,86.0
2026-03-21 14:07:54,CNC-M01,Running,63.07,2.24,5271.58,9.11,8.1,,40.2,76.1
2026-03-21 14:17:54,CNC-M01,Idle,64.82,2.15,2987.36,11.98,9.63,,0,0
2026-03-21 14:27:54,CNC-M01,Running,74.69,1.19,5169.39,13.76,9.15,,38.5,75.1
2026-03-21 14:37:54,CNC-M01,Running,58.18,0.69,2174.66,9.11,10.38,,29.1,85.4
2026-03-21 14:47:54,CNC-M01,Running,63.17,2.02,3474.93,11.53,9.1,,31.5,61.6
2026-03-21 14:57:54,CNC-M01,Fault,89.58,1.42,3597.37,8.26,12.09,E08,0,0
2026-03-21 15:07:54,CNC-M01,Running,46.36,0.98,2561.02,13.89,5.18,,33.0,78.7
2026-03-21 15:17:54,CNC-M01,Running,46.55,1.85,3432.35,8.24,7.16,,42.2,88.4
2026-03-21 15:27:54,CNC-M01,Fault,59.33,1.28,2209.66,3.09,14.29,E04,0,0
2026-03-21 15:37:54,CNC-M01,Fault,45.32,4.03,4719.84,7.83,19.18,E03,0,0
2026-03-21 15:47:54,CNC-M01,Running,72.69,1.15,4498.69,10.77,7.32,,33.5,60.5
2026-03-21 15:57:54,CNC-M01,Running,45.24,0.94,3113.83,8.31,9.11,,36.5,94.7
2026-03-21 16:07:54,CNC-M01,Running,60.83,1.64,2378.98,12.42,14.25,,30.3,66.1
2026-03-21 16:17:54,CNC-M01,Running,58.75,1.83,6038.83,11.14,12.42,,40.0,60.5
2026-03-21 16:27:54,CNC-M01,Fault,91.38,0.97,2974.18,4.55,7.02,E01,0,0
2026-03-21 16:37:54,CNC-M01,Fault,59.51,1.39,2537.07,13.51,23.96,E05,0,0
2026-03-21 16:47:54,CNC-M01,Running,49.58,1.19,2216.3,14.92,11.96,,42.8,78.3
2026-03-21 16:57:54,CNC-M01,Running,57.6,3.24,2208.43,14.57,6.74,,41.5,67.2
2026-03-21 17:07:54,CNC-M01,Running,53.52,0.83,3696.07,10.12,14.68,,42.7,76.8
2026-03-21 17:17:54,CNC-M01,Running,52.19,1.44,4437.58,9.09,9.82,,35.3,62.9
2026-03-21 17:27:54,CNC-M01,Running,51.0,1.61,3521.8,9.98,9.81,,40.2,66.9
2026-03-21 17:37:54,CNC-M01,Running,45.08,1.96,3618.22,10.76,8.84,,44.8,62.5
2026-03-21 17:47:54,CNC-M01,Running,64.85,2.36,5051.8,13.4,8.49,,38.8,72.9
2026-03-21 17:57:54,CNC-M01,Fault,70.78,0.99,5685.87,12.95,23.33,E10,0,0
2026-03-21 18:07:54,CNC-M01,Fault,58.62,1.7,5366.06,3.08,14.17,E10,0,0
2026-03-21 18:17:54,CNC-M01,Running,46.61,2.25,3707.49,11.5,13.87,,40.5,86.3
2026-03-21 18:27:54,CNC-M01,Idle,62.39,3.36,5256.91,9.47,11.99,,0,0
2026-03-21 18:37:54,CNC-M01,Running,54.83,3.66,3667.37,11.02,6.86,,36.3,77.6
2026-03-21 18:47:54,CNC-M01,Running,73.51,0.9,5236.71,14.88,9.41,,29.9,82.3
2026-03-21 18:57:54,CNC-M01,Running,66.29,0.63,8387.82,13.32,21.33,,41.4,61.5
2026-03-21 19:07:54,CNC-M01,Running,60.84,1.54,3063.34,13.3,8.37,,33.8,71.0
2026-03-21 19:17:54,CNC-M01,Running,52.22,1.72,5492.31,8.02,9.02,,43.7,60.9
2026-03-21 19:27:54,CNC-M01,Idle,55.61,2.0,3807.67,14.09,11.6,,0,0
2026-03-21 19:37:54,CNC-M01,Running,63.84,1.77,5878.39,12.75,9.85,,41.5,72.2
2026-03-21 19:47:54,CNC-M01,Running,63.83,1.82,2401.82,12.25,13.7,,41.3,85.1
2026-03-21 19:57:54,CNC-M01,Fault,87.47,3.75,5948.88,14.27,9.82,E04,0,0
2026-03-21 20:07:54,CNC-M01,Running,60.07,0.68,4863.06,14.5,12.66,,32.4,76.7
2026-03-21 20:17:54,CNC-M01,Running,47.46,1.57,2361.77,14.1,12.66,,38.9,73.2
2026-03-21 20:27:54,CNC-M01,Running,59.72,1.78,5424.56,9.56,15.44,,40.6,92.8
2026-03-21 20:37:54,CNC-M01,Running,47.32,2.21,4307.67,0.25,13.47,,34.2,83.8
2026-03-21 20:47:54,CNC-M01,Running,55.4,0.94,4153.17,9.01,13.37,,35.7,81.1
2026-03-21 20:57:54,CNC-M01,Running,58.31,1.91,3235.57,8.86,12.07,,42.1,77.3
2026-03-21 21:07:54,CNC-M01,Running,52.53,1.17,2842.45,13.67,5.53,,31.0,77.1
2026-03-21 21:17:54,CNC-M01,Running,64.69,2.2,4191.77,12.75,12.58,,37.0,69.9
2026-03-21 21:27:54,CNC-M01,Running,48.9,1.29,5009.07,13.64,12.1,,30.8,64.8
2026-03-21 21:37:54,CNC-M01,Running,50.82,0.94,4941.28,2.9,11.78,,44.2,74.9
2026-03-21 21:47:54,CNC-M01,Running,63.52,3.96,2209.89,12.55,14.7,,34.9,61.2
2026-03-21 21:57:54,CNC-M01,Running,54.77,2.41,3501.49,13.57,12.78,,39.1,69.6
2026-03-21 22:07:54,CNC-M01,Running,52.35,0.67,4675.17,8.16,10.73,,40.7,87.8
2026-03-21 22:17:54,CNC-M01,Running,54.68,1.37,2397.77,7.64,6.85,,28.3,79.5
2026-03-21 22:27:54,CNC-M01,Running,61.24,1.54,4855.0,8.87,14.66,,31.1,81.0
2026-03-21 22:37:54,CNC-M01,Running,56.09,0.75,2824.92,11.94,5.35,,36.6,72.7
2026-03-21 22:47:54,CNC-M01,Running,53.46,0.5,5784.86,13.48,9.45,,39.8,78.3
2026-03-21 22:57:54,CNC-M01,Running,52.04,0.92,7803.48,9.32,13.33,,38.2,67.6
2026-03-21 23:07:54,CNC-M01,Running,47.57,0.65,3527.13,10.8,16.27,,39.8,78.8
2026-03-21 23:17:54,CNC-M01,Running,75.99,1.89,3488.57,13.74,9.2,,44.9,75.2
2026-03-21 23:27:54,CNC-M01,Fault,89.05,2.69,7206.41,6.56,8.34,E04,0,0
2026-03-21 23:37:54,CNC-M01,Running,46.96,0.94,5130.93,11.69,10.89,,29.6,72.2
2026-03-21 23:47:54,CNC-M01,Running,50.64,0.7,6699.59,9.26,11.78,,37.4,90.9
2026-03-21 23:57:54,CNC-M01,Running,56.85,1.87,4630.25,11.97,14.18,,34.3,87.2
2026-03-22 00:07:54,CNC-M01,Running,53.36,1.38,3874.66,14.67,12.18,,31.9,82.2
2026-03-22 00:17:54,CNC-M01,Running,69.58,2.19,2306.77,8.66,5.85,,43.8,88.3
2026-03-22 00:27:54,CNC-M01,Fault,94.23,2.36,3991.22,12.74,6.25,E04,0,0
2026-03-22 00:37:54,CNC-M01,Running,59.92,1.91,2976.9,14.66,13.8,,38.4,81.3
2026-03-22 00:47:54,CNC-M01,Running,58.49,1.55,2300.49,11.6,9.23,,34.3,64.0
2026-03-22 00:57:54,CNC-M01,Running,50.0,2.03,6658.19,9.49,10.69,,33.2,92.7
2026-03-22 01:07:54,CNC-M01,Fault,61.51,4.93,3953.07,12.31,8.54,E03,0,0
2026-03-22 01:17:54,CNC-M01,Fault,45.18,0.9,5594.04,14.39,23.85,E08,0,0
2026-03-22 01:27:54,CNC-M01,Running,50.99,0.86,2434.78,13.88,8.54,,34.1,90.5
2026-03-22 01:37:54,CNC-M01,Running,48.79,3.09,5603.99,9.39,11.65,,35.2,79.3
2026-03-22 01:47:54,CNC-M01,Running,59.29,2.03,4007.43,13.9,6.1,,28.4,65.4
2026-03-22 01:57:54,CNC-M01,Running,60.35,1.86,5905.75,11.04,9.86,,32.2,65.3
2026-03-22 02:07:54,CNC-M01,Running,49.99,2.23,2989.42,9.39,13.1,,36.5,66.3
2026-03-22 02:17:54,CNC-M01,Running,56.82,0.96,2153.47,14.5,11.16,,28.9,74.3
2026-03-22 02:27:54,CNC-M01,Running,57.67,1.17,4039.45,10.13,7.81,,35.1,71.2
2026-03-22 02:37:54,CNC-M01,Running,65.61,3.62,3888.23,8.71,14.48,,33.2,63.4
2026-03-22 02:47:54,CNC-M01,Fault,88.28,1.16,3445.54,11.7,11.5,E07,0,0
2026-03-22 02:57:54,CNC-M01,Running,66.6,1.7,8130.33,13.72,9.46,,44.0,81.7
2026-03-22 03:07:54,CNC-M01,Running,54.48,1.57,2511.33,12.98,12.59,,37.5,72.2
2026-03-22 03:17:54,CNC-M01,Running,57.6,3.15,4095.05,13.54,7.74,,32.9,93.5
2026-03-22 03:27:54,CNC-M01,Running,79.59,2.13,4129.88,8.52,10.09,,34.6,81.3
2026-03-22 03:37:54,CNC-M01,Running,45.07,1.68,8942.9,11.53,7.59,,32.6,64.2
2026-03-22 03:47:54,CNC-M01,Running,55.67,1.78,3111.03,14.11,19.9,,31.6,64.1
2026-03-22 03:57:54,CNC-M01,Running,57.65,1.15,5535.95,8.94,7.95,,38.6,60.4
2026-03-22 04:07:54,CNC-M01,Fault,59.61,1.01,8725.85,14.57,12.23,E05,0,0
2026-03-22 04:17:54,CNC-M01,Running,57.69,2.13,3075.17,13.65,6.56,,40.3,72.9
2026-03-22 04:27:54,CNC-M01,Running,46.87,0.87,2755.44,13.11,5.21,,31.0,73.8
2026-03-22 04:37:54,CNC-M01,Running,46.39,2.87,5881.54,6.11,13.08,,34.4,60.7
2026-03-22 04:47:54,CNC-M01,Running,60.27,0.59,2334.38,12.39,24.83,,40.5,71.8
2026-03-22 04:57:54,CNC-M01,Running,49.05,1.63,2652.58,9.08,18.46,,30.1,88.9
2026-03-22 05:07:54,CNC-M01,Fault,69.45,2.17,5648.67,1.71,11.55,E07,0,0
2026-03-22 05:17:54,CNC-M01,Running,59.3,1.48,2898.09,9.97,16.67,,43.7,63.0
2026-03-22 05:27:54,CNC-M01,Running,67.27,1.17,3700.98,12.81,7.87,,32.6,77.5
2026-03-22 05:37:54,CNC-M01,Running,50.31,2.1,5446.86,13.44,6.48,,41.5,94.2
2026-03-22 05:47:54,CNC-M01,Running,47.26,1.95,3292.21,13.37,9.94,,44.5,81.1
2026-03-22 05:57:54,CNC-M01,Running,47.76,2.34,4197.36,11.45,7.3,,40.2,78.4
2026-03-22 06:07:54,CNC-M01,Running,61.23,0.67,2813.12,10.54,6.34,,43.5,72.6
2026-03-22 06:17:54,CNC-M01,Running,60.57,1.42,4206.0,10.95,7.25,,30.0,84.4
2026-03-22 06:27:54,CNC-M01,Running,59.66,1.35,6233.22,11.34,6.58,,30.4,68.6
2026-03-22 06:37:54,CNC-M01,Fault,92.47,2.03,2560.45,14.64,12.23,E01,0,0
2026-03-22 06:47:54,CNC-M01,Fault,48.12,0.56,4013.18,3.33,13.76,E05,0,0
2026-03-22 06:57:54,CNC-M01,Running,55.04,1.35,5892.49,14.85,7.12,,31.7,66.4
2026-03-22 07:07:54,CNC-M01,Running,56.19,2.13,3252.76,13.79,13.03,,31.3,63.8
2026-03-22 07:17:54,CNC-M01,Running,74.05,0.56,4166.27,6.39,8.09,,38.9,61.1
2026-03-22 07:27:54,CNC-M01,Fault,64.53,1.63,2182.72,14.6,21.78,E07,0,0
2026-03-22 07:37:54,CNC-M01,Running,51.29,1.21,4698.75,14.28,10.02,,28.4,87.9
2026-03-22 07:47:54,CNC-M01,Fault,62.38,4.32,2315.01,14.67,7.16,E03,0,0
2026-03-22 07:57:54,CNC-M01,Running,48.22,1.53,4605.58,10.39,8.39,,42.6,75.1
2026-03-22 08:07:54,CNC-M01,Running,60.48,0.92,2299.99,12.39,13.05,,42.8,79.1
2026-03-22 08:17:54,CNC-M01,Running,60.63,2.64,5736.22,9.96,5.89,,41.1,69.0
2026-03-22 08:27:54,CNC-M01,Running,50.12,1.8,2495.86,8.28,9.01,,43.6,64.5
2026-03-22 08:37:54,CNC-M01,Running,61.9,1.25,4023.77,14.13,11.21,,40.6,68.6
2026-03-22 08:47:54,CNC-M01,Running,45.16,1.08,3597.12,5.55,5.94,,38.9,91.5
2026-03-22 08:57:54,CNC-M01,Running,46.72,2.33,5072.87,10.3,14.96,,39.9,76.7
2026-03-22 09:07:54,CNC-M01,Fault,45.77,1.44,3280.75,2.4,14.36,E07,0,0
2026-03-22 09:17:54,CNC-M01,Running,49.27,0.55,3691.68,9.23,7.74,,42.9,75.8
2026-03-22 09:27:54,CNC-M01,Running,49.28,0.87,7968.9,14.74,6.99,,36.2,78.7
2026-03-22 09:37:54,CNC-M01,Running,64.31,2.33,5292.06,14.26,12.23,,30.5,83.2
2026-03-22 09:47:54,CNC-M01,Fault,59.69,1.97,8917.2,11.5,12.92,E05,0,0
2026-03-22 09:57:54,CNC-M01,Running,45.07,2.17,3797.31,8.68,14.79,,37.3,65.8
2026-03-22 10:07:54,CNC-M01,Running,51.96,2.44,2057.48,8.11,10.02,,39.9,82.7
2026-03-22 10:17:54,CNC-M01,Running,53.21,1.58,5060.32,4.7,6.77,,37.2,73.4
2026-03-22 10:27:54,CNC-M01,Running,58.77,1.07,5700.54,14.97,6.04,,38.5,74.4
2026-03-22 10:37:54,CNC-M01,Fault,60.03,0.7,4324.93,1.16,7.23,E07,0,0
2026-03-22 10:47:54,CNC-M01,Running,77.85,1.2,3855.79,12.51,8.96,,41.3,77.8
2026-03-22 10:57:54,CNC-M01,Running,58.17,2.31,4693.2,3.64,20.13,,36.8,85.9
2026-03-22 11:07:54,CNC-M01,Running,48.41,1.36,3565.45,10.75,19.66,,44.0,73.7
2026-03-22 11:17:54,CNC-M01,Running,53.06,0.82,4840.1,8.83,8.92,,43.6,89.3
2026-03-22 11:27:54,CNC-M01,Fault,51.45,2.54,8816.03,12.33,14.72,E01,0,0
2026-03-22 11:37:54,CNC-M01,Running,47.61,1.76,2958.89,10.08,7.45,,41.4,87.0
2026-03-22 11:47:54,CNC-M01,Running,50.5,1.75,4317.42,5.84,6.07,,43.2,63.2
2026-03-22 11:57:54,CNC-M01,Running,52.23,1.28,2087.83,7.84,18.44,,33.3,91.8
2026-03-22 12:07:54,CNC-M01,Fault,48.6,4.36,4426.62,3.9,9.84,E09,0,0
2026-03-22 12:17:54,CNC-M01,Idle,87.83,0.74,4143.82,13.33,8.65,,0,0
2026-03-22 12:27:54,CNC-M01,Running,46.67,0.75,2796.95,6.83,9.67,,35.4,93.1
2026-03-22 12:37:54,CNC-M01,Running,50.0,2.19,5847.49,7.17,6.66,,40.3,75.2
2026-03-22 12:47:54,CNC-M01,Running,56.93,1.14,6842.7,10.47,13.19,,43.1,93.5
2026-03-22 12:57:54,CNC-M01,Running,53.2,2.25,4121.99,8.8,9.29,,32.2,67.5
2026-03-22 13:07:54,CNC-M01,Running,47.9,0.52,4867.21,11.97,7.33,,32.8,67.4
2026-03-22 13:17:54,CNC-M01,Running,56.22,2.39,4685.38,12.52,9.35,,31.4,61.7
2026-03-22 13:27:54,CNC-M01,Running,45.94,0.74,4405.72,9.65,20.09,,28.1,76.2
2026-03-22 13:37:54,CNC-M01,Fault,64.34,5.07,3349.56,1.88,9.15,E06,0,0
2026-03-22 13:47:54,CNC-M01,Running,53.01,1.13,3573.31,11.18,14.67,,34.4,81.6
2026-03-22 13:57:54,CNC-M01,Fault,80.72,4.21,4750.4,9.19,14.02,E09,0,0
2026-03-22 14:07:54,CNC-M01,Running,63.68,1.02,2443.21,8.53,11.13,,32.6,66.0
2026-03-22 14:17:54,CNC-M01,Running,54.21,2.22,5551.19,10.89,6.22,,37.8,83.1
2026-03-22 14:27:54,CNC-M01,Running,51.44,0.95,3184.94,6.23,11.59,,31.5,62.7
2026-03-22 14:37:54,CNC-M01,Running,46.21,4.43,2751.67,4.83,10.28,,33.3,75.9
2026-03-22 14:47:54,CNC-M01,Running,55.09,0.94,5900.26,11.59,6.88,,30.8,70.8
2026-03-22 14:57:54,CNC-M01,Fault,57.97,2.25,2962.25,9.31,23.31,E05,0,0
2026-03-22 15:07:54,CNC-M01,Running,73.25,0.92,3723.39,11.09,5.49,,43.8,66.8
2026-03-22 15:17:54,CNC-M01,Running,48.53,1.71,2436.74,5.0,15.58,,37.8,68.4
2026-03-22 15:27:54,CNC-M01,Running,50.51,1.9,3571.54,13.77,9.95,,31.5,82.3
2026-03-22 15:37:54,CNC-M01,Fault,50.76,4.37,4488.47,13.97,6.7,E03,0,0
2026-03-22 15:47:54,CNC-M01,Running,63.0,0.53,3336.22,9.85,18.4,,38.1,93.9
2026-03-22 15:57:54,CNC-M01,Running,54.77,0.72,4269.07,13.85,6.67,,29.6,70.7
2026-03-22 16:07:54,CNC-M01,Running,54.05,2.48,3945.97,8.09,12.1,,41.2,90.0
2026-03-22 16:17:54,CNC-M01,Running,56.91,3.53,2082.91,13.99,6.42,,32.2,85.9
2026-03-22 16:27:54,CNC-M01,Running,52.19,0.89,4554.94,14.14,13.99,,44.3,78.4
2026-03-22 16:37:54,CNC-M01,Running,58.58,1.28,5975.77,8.29,8.43,,35.4,75.9
2026-03-22 16:47:54,CNC-M01,Running,60.85,2.44,4742.11,9.05,11.24,,33.2,70.1
2026-03-22 16:57:54,CNC-M01,Running,45.31,2.92,2212.77,11.01,5.01,,34.0,69.9
2026-03-22 17:07:54,CNC-M01,Running,58.31,0.81,6595.47,9.38,5.81,,36.0,72.4
2026-03-22 17:17:54,CNC-M01,Running,57.74,2.43,6574.77,10.18,11.79,,37.8,83.9
2026-03-22 17:27:54,CNC-M01,Running,47.71,1.1,7246.66,11.82,13.76,,30.4,75.5
2026-03-22 17:37:54,CNC-M01,Running,63.7,1.44,3682.02,8.19,14.57,,40.8,81.5
2026-03-22 17:47:54,CNC-M01,Idle,49.85,0.75,4262.3,13.29,9.03,,0,0
2026-03-22 17:57:54,CNC-M01,Running,62.5,0.61,7825.77,10.33,16.45,,33.6,62.1
2026-03-22 18:07:54,CNC-M01,Running,58.49,0.61,2576.61,11.47,11.76,,33.1,70.9
2026-03-22 18:17:54,CNC-M01,Running,45.13,1.88,6000.08,8.85,16.02,,42.2,75.5
2026-03-22 18:27:54,CNC-M01,Running,66.83,2.47,5366.88,13.75,13.59,,35.4,82.3
2026-03-22 18:37:54,CNC-M01,Running,61.37,0.84,4186.72,10.03,14.59,,39.4,73.7
2026-03-22 18:47:54,CNC-M01,Running,47.15,1.35,8565.67,8.08,11.45,,28.7,91.7
2026-03-22 18:57:54,CNC-M01,Running,54.36,1.05,3430.99,11.52,12.06,,29.1,83.0
2026-03-22 19:07:54,CNC-M01,Running,59.38,1.93,3113.36,10.12,14.16,,34.4,76.5
2026-03-22 19:17:54,CNC-M01,Running,56.52,2.05,2517.69,14.69,11.17,,28.8,89.8
2026-03-22 19:27:54,CNC-M01,Running,46.93,3.9,5039.64,13.66,7.37,,31.0,91.2
2026-03-22 19:37:54,CNC-M01,Running,53.4,3.42,7862.96,7.05,13.41,,33.5,84.5
2026-03-22 19:47:54,CNC-M01,Running,64.78,0.9,3750.06,9.41,13.14,,31.3,80.4
2026-03-22 19:57:54,CNC-M01,Running,58.37,2.12,3438.24,11.83,15.93,,43.5,82.5
2026-03-22 20:07:54,CNC-M01,Running,61.65,1.45,4473.92,8.97,17.14,,29.2,62.7
2026-03-22 20:17:54,CNC-M01,Running,50.96,2.85,3323.68,14.58,7.51,,29.2,90.5
2026-03-22 20:27:54,CNC-M01,Running,46.5,2.21,4000.19,8.4,6.11,,43.6,69.2
2026-03-22 20:37:54,CNC-M01,Running,85.07,1.17,2557.15,13.14,11.63,,29.2,93.2
2026-03-22 20:47:54,CNC-M01,Running,59.06,0.57,5799.63,12.29,17.76,,32.6,61.5
2026-03-22 20:57:54,CNC-M01,Running,87.61,1.36,5399.33,8.15,18.87,,42.6,83.9
2026-03-22 21:07:54,CNC-M01,Running,56.05,3.65,3718.87,8.96,13.97,,34.3,66.8
2026-03-22 21:17:54,CNC-M01,Idle,46.16,1.68,4989.9,13.55,14.91,,0,0
2026-03-22 21:27:54,CNC-M01,Running,61.25,2.69,2174.88,12.59,7.92,,36.1,64.3
2026-03-22 21:37:54,CNC-M01,Running,68.75,1.49,3427.83,9.54,14.41,,33.0,82.9
2026-03-22 21:47:54,CNC-M01,Running,50.35,1.51,7980.94,12.35,7.04,,44.6,68.1
2026-03-22 21:57:54,CNC-M01,Running,49.22,2.13,5911.64,12.55,6.14,,28.6,69.7
2026-03-22 22:07:54,CNC-M01,Running,61.54,2.92,3981.43,10.69,16.03,,35.3,61.8
2026-03-22 22:17:54,CNC-M01,Running,55.83,0.55,5572.68,14.35,10.91,,33.8,89.0
2026-03-22 22:27:54,CNC-M01,Running,53.55,1.97,6240.26,13.05,13.59,,35.9,80.0
2026-03-22 22:37:54,CNC-M01,Running,55.38,1.26,5698.64,8.11,14.51,,32.2,79.0
2026-03-22 22:47:54,CNC-M01,Running,52.89,1.22,5129.71,12.26,10.68,,32.5,66.3
2026-03-22 22:57:54,CNC-M01,Running,53.8,2.43,5377.3,8.41,7.76,,33.3,62.2
2026-03-22 23:07:54,CNC-M01,Idle,60.32,2.24,4521.35,12.33,15.57,,0,0
2026-03-22 23:17:54,CNC-M01,Running,62.21,0.58,2243.25,9.81,11.78,,34.0,85.1
2026-03-22 23:27:54,CNC-M01,Running,51.99,3.17,2947.91,10.6,9.16,,42.9,65.0
2026-03-22 23:37:54,CNC-M01,Running,60.76,1.32,3882.74,12.35,5.45,,43.5,60.9
2026-03-22 23:47:54,CNC-M01,Running,61.16,2.06,4325.95,9.5,5.33,,34.5,94.9
2026-03-22 23:57:54,CNC-M01,Running,66.16,0.95,4297.76,10.93,13.48,,28.9,76.5
2026-03-23 00:07:54,CNC-M01,Running,53.82,2.17,2976.12,13.37,9.56,,30.0,68.4
2026-03-23 00:17:54,CNC-M01,Running,62.6,1.2,5658.54,12.24,9.19,,42.1,64.4
2026-03-23 00:27:54,CNC-M01,Running,60.53,1.67,3041.12,10.2,17.11,,37.8,82.1
2026-03-23 00:37:54,CNC-M01,Idle,63.0,0.53,3053.5,14.51,6.26,,0,0
2026-03-23 00:47:54,CNC-M01,Running,58.8,0.76,5674.49,10.48,10.57,,30.0,91.4
2026-03-23 00:57:54,CNC-M01,Running,56.83,2.49,7625.25,11.14,9.5,,32.9,76.7
2026-03-23 01:07:54,CNC-M01,Running,48.67,2.33,2335.16,12.15,11.49,,35.5,77.8
2026-03-23 01:17:54,CNC-M01,Running,63.9,2.95,4256.53,12.06,9.27,,33.4,66.2
2026-03-23 01:27:54,CNC-M01,Running,61.28,2.48,4076.54,12.31,16.42,,32.7,75.4
2026-03-23 01:37:54,CNC-M01,Running,50.77,2.48,5698.06,8.99,13.39,,28.5,91.6
2026-03-23 01:47:54,CNC-M01,Running,55.8,0.51,2103.11,14.59,12.32,,42.1,70.3
2026-03-23 01:57:54,CNC-M01,Running,75.59,1.39,3052.23,14.95,6.16,,29.3,87.8
2026-03-23 02:07:54,CNC-M01,Running,51.54,1.05,4051.38,12.95,14.25,,43.9,87.8
2026-03-23 02:17:54,CNC-M01,Fault,61.83,2.26,8707.6,0.55,14.43,E05,0,0
2026-03-23 02:27:54,CNC-M01,Running,54.69,1.49,4539.09,6.07,7.14,,36.3,81.4
2026-03-23 02:37:54,CNC-M01,Running,45.78,1.73,2938.86,11.71,13.78,,42.9,83.4
2026-03-23 02:47:54,CNC-M01,Running,57.6,1.59,2875.72,14.28,9.2,,32.2,74.9
2026-03-23 02:57:54,CNC-M01,Running,64.13,1.2,2512.23,13.88,11.01,,28.5,69.4
2026-03-23 03:07:54,CNC-M01,Running,62.02,1.62,4699.96,13.66,7.61,,36.3,67.7
2026-03-23 03:17:54,CNC-M01,Running,45.91,0.94,4144.05,8.77,11.11,,37.2,93.3
2026-03-23 03:27:54,CNC-M01,Running,85.69,1.17,5064.05,4.2,10.35,,34.7,85.1
2026-03-23 03:37:54,CNC-M01,Fault,48.23,1.33,2994.81,3.38,10.27,E08,0,0
2026-03-23 03:47:54,CNC-M01,Running,69.25,5.26,2135.11,13.69,9.01,,42.7,62.7
2026-03-23 03:57:54,CNC-M01,Running,59.07,0.54,4166.79,8.67,8.91,,42.6,87.5
2026-03-23 04:07:54,CNC-M01,Running,59.87,1.42,8132.38,10.64,7.22,,32.7,70.0
2026-03-23 04:17:54,CNC-M01,Idle,55.13,2.49,5805.83,13.0,10.78,,0,0
2026-03-23 04:27:54,CNC-M01,Running,53.94,0.72,2575.09,8.59,7.08,,38.1,62.9
2026-03-23 04:37:54,CNC-M01,Idle,61.76,2.18,2235.73,10.88,13.34,,0,0
2026-03-23 04:47:54,CNC-M01,Running,56.97,1.04,4249.64,11.5,7.36,,36.2,79.4
2026-03-23 04:57:54,CNC-M01,Running,59.66,1.35,6280.02,2.08,6.97,,43.1,77.3
2026-03-23 05:07:54,CNC-M01,Running,55.49,2.25,2037.03,7.98,13.8,,33.5,91.1
2026-03-23 05:17:54,CNC-M01,Running,48.32,1.87,5807.98,12.23,7.11,,40.7,94.9
2026-03-23 05:27:54,CNC-M01,Fault,48.28,1.45,2716.9,14.95,23.51,E02,0,0
2026-03-23 05:37:54,CNC-M01,Running,51.62,3.2,3401.81,9.58,14.28,,42.0,90.4
2026-03-23 05:47:54,CNC-M01,Running,51.12,1.31,4164.07,8.54,12.31,,32.5,63.6
2026-03-23 05:57:54,CNC-M01,Running,56.75,1.16,4368.68,13.65,11.68,,30.9,87.4
2026-03-23 06:07:54,CNC-M01,Running,46.83,0.79,5498.46,14.27,17.56,,39.3,71.4
2026-03-23 06:17:54,CNC-M01,Running,47.35,1.25,3897.91,11.65,13.83,,44.2,93.1
2026-03-23 06:27:54,CNC-M01,Idle,59.23,1.62,5155.86,11.91,8.48,,0,0
2026-03-23 06:37:54,CNC-M01,Running,54.32,1.96,4239.18,14.58,6.79,,28.2,75.5
2026-03-23 06:47:54,CNC-M01,Fault,45.11,0.69,3015.04,12.25,21.37,E01,0,0
2026-03-23 06:57:54,CNC-M01,Running,59.09,0.61,2121.71,11.3,9.54,,40.7,82.7
2026-03-23 07:07:54,CNC-M01,Running,47.08,1.73,4822.56,13.96,19.17,,35.5,84.9
2026-03-23 07:17:54,CNC-M01,Running,62.16,2.21,4949.81,12.7,13.98,,44.8,85.3
2026-03-23 07:27:54,CNC-M01,Running,45.28,1.33,2245.93,13.33,7.67,,28.8,81.3
2026-03-23 07:37:54,CNC-M01,Running,53.19,2.18,3244.66,8.82,13.36,,43.8,63.1
2026-03-23 07:47:54,CNC-M01,Running,48.65,2.98,2080.43,8.07,9.6,,44.0,70.8
2026-03-23 07:57:54,CNC-M01,Running,63.85,1.99,3241.95,10.01,10.65,,42.2,69.5
2026-03-23 08:07:54,CNC-M01,Running,64.59,1.38,6781.34,13.41,13.3,,30.9,93.2
2026-03-23 08:17:54,CNC-M01,Running,48.11,2.49,4584.03,10.02,14.68,,40.6,69.4
2026-03-23 08:27:54,CNC-M01,Running,49.21,1.02,4068.12,11.33,8.23,,39.2,91.5
2026-03-23 08:37:54,CNC-M01,Running,47.09,2.3,3901.98,14.32,8.58,,37.3,86.3
2026-03-23 08:47:54,CNC-M01,Running,57.33,1.89,3894.29,13.06,9.83,,28.7,92.5
2026-03-23 08:57:54,CNC-M01,Running,63.7,0.72,3077.44,12.15,6.66,,38.1,84.4
2026-03-23 09:07:54,CNC-M01,Running,64.03,0.78,5154.28,4.36,6.41,,34.7,76.1
2026-03-23 09:17:54,CNC-M01,Running,49.01,1.12,5431.05,13.07,10.55,,28.1,65.6
2026-03-23 09:27:54,CNC-M01,Running,73.25,0.92,3505.17,9.7,8.88,,43.9,74.0
2026-03-23 09:37:54,CNC-M01,Running,50.66,2.25,4136.46,12.69,5.27,,31.0,68.2
2026-03-23 09:47:54,CNC-M01,Fault,55.03,5.2,2309.08,11.5,16.51,E07,0,0
2026-03-23 09:57:54,CNC-M01,Running,53.51,1.27,2139.31,10.95,11.82,,35.9,62.9
2026-03-23 10:07:54,CNC-M01,Running,47.03,2.11,8455.22,10.69,9.86,,41.1,70.6
2026-03-23 10:17:54,CNC-M01,Running,57.68,2.1,3491.3,10.35,8.65,,44.7,78.6
2026-03-23 10:27:54,CNC-M01,Idle,58.49,1.17,4360.61,13.69,9.55,,0,0
2026-03-23 10:37:54,CNC-M01,Running,47.43,1.23,4745.55,10.36,13.19,,31.0,72.5
2026-03-23 10:47:54,CNC-M01,Running,84.87,1.69,2146.45,9.74,15.47,,35.3,69.6
2026-03-23 10:57:54,CNC-M01,Running,58.78,2.15,4930.75,11.21,16.86,,44.6,82.3
2026-03-23 11:07:54,CNC-M01,Running,52.64,0.66,4997.07,8.16,7.57,,43.0,89.3
2026-03-23 11:17:54,CNC-M01,Running,47.33,1.02,4056.16,9.71,8.74,,40.9,75.3
2026-03-23 11:27:54,CNC-M01,Running,60.57,1.84,5638.99,9.91,5.19,,30.2,69.3
2026-03-23 11:37:54,CNC-M01,Fault,64.52,0.94,8459.69,5.15,13.27,E10,0,0
2026-03-23 11:47:54,CNC-M01,Running,52.78,0.53,3385.47,11.23,7.11,,39.4,68.9
2026-03-23 11:57:54,CNC-M01,Fault,92.78,1.76,3381.2,14.89,7.92,E08,0,0
2026-03-23 12:07:54,CNC-M01,Fault,89.37,1.2,5983.3,3.89,9.91,E09,0,0
2026-03-23 12:17:54,CNC-M01,Running,57.14,0.69,5968.52,9.25,12.78,,34.8,74.3
2026-03-23 12:27:54,CNC-M01,Running,53.36,1.14,2422.56,14.72,8.18,,34.7,90.1
2026-03-23 12:37:54,CNC-M01,Running,54.28,1.4,2710.51,11.73,9.64,,43.4,73.4
2026-03-23 12:47:54,CNC-M01,Running,64.48,1.77,2554.29,14.99,12.32,,33.5,68.7
2026-03-23 12:57:54,CNC-M01,Running,54.44,3.06,5534.05,11.86,13.5,,34.3,90.6
2026-03-23 13:07:54,CNC-M01,Running,63.74,1.15,5577.78,11.23,11.03,,41.5,94.0
2026-03-23 13:17:54,CNC-M01,Fault,47.22,1.16,2637.07,14.74,20.16,E09,0,0
2026-03-23 13:27:54,CNC-M01,Idle,62.24,3.13,4863.91,13.44,10.34,,0,0
2026-03-23 13:37:54,CNC-M01,Running,59.52,1.3,5075.05,13.02,11.5,,30.1,65.1
2026-03-23 13:47:54,CNC-M01,Running,61.5,0.72,3651.57,14.39,7.1,,38.9,62.6
2026-03-23 13:57:54,CNC-M01,Running,54.83,1.02,3778.69,12.9,10.94,,30.5,70.1
2026-03-23 14:07:54,CNC-M01,Running,52.42,1.08,2633.21,11.33,7.95,,39.8,65.1
2026-03-23 14:17:54,CNC-M01,Running,52.68,0.56,3211.83,9.82,12.45,,34.9,81.6
2026-03-23 14:27:54,CNC-M01,Running,51.88,2.21,3497.45,11.4,10.25,,43.3,60.5
2026-03-23 14:37:54,CNC-M01,Running,51.85,0.95,5112.06,12.55,9.59,,43.4,89.4
2026-03-23 14:47:54,CNC-M01,Running,60.66,0.96,4656.98,8.69,5.67,,37.1,85.9
2026-03-23 14:57:54,CNC-M01,Running,64.41,3.35,3024.29,12.83,7.45,,35.8,61.4
2026-03-23 15:07:54,CNC-M01,Running,56.04,2.79,2254.68,11.66,16.14,,37.9,76.2
2026-03-23 15:17:54,CNC-M01,Running,60.63,1.77,2465.63,4.79,7.15,,37.7,80.4
2026-03-23 15:27:54,CNC-M01,Fault,47.23,2.05,5223.06,11.19,23.77,E08,0,0
2026-03-23 15:37:54,CNC-M01,Running,51.57,1.07,3056.8,10.39,10.03,,29.9,86.5
2026-03-23 15:47:54,CNC-M01,Running,45.13,1.52,2715.18,12.71,19.31,,39.7,88.8
2026-03-23 15:57:54,CNC-M01,Running,47.17,1.11,5065.68,12.79,7.1,,33.5,66.7
2026-03-23 16:07:54,CNC-M01,Running,48.44,1.83,4065.87,12.17,12.26,,32.5,92.7
2026-03-23 16:17:54,CNC-M01,Running,52.42,1.95,3261.39,11.94,5.06,,28.9,74.3
2026-03-23 16:27:54,CNC-M01,Running,47.8,1.05,2808.85,9.79,5.24,,34.5,79.5
2026-03-23 16:37:54,CNC-M01,Running,60.95,1.38,2297.71,13.06,10.93,,44.1,87.3
2026-03-23 16:47:54,CNC-M01,Running,64.19,1.0,4344.46,4.22,10.38,,32.8,76.5
2026-03-23 16:57:54,CNC-M01,Running,46.48,1.96,5495.8,12.02,9.38,,37.3,83.1
2026-03-23 17:07:54,CNC-M01,Running,61.35,0.78,5482.9,13.17,8.61,,40.7,67.5
2026-03-23 17:17:54,CNC-M01,Running,49.55,0.9,3036.1,14.53,11.42,,41.7,87.9
2026-03-23 17:27:54,CNC-M01,Running,46.21,1.25,5982.62,14.11,10.39,,33.7,62.3
2026-03-23 17:37:54,CNC-M01,Running,66.38,0.72,4054.0,12.02,11.5,,29.2,83.9
2026-03-23 17:47:54,CNC-M01,Running,54.31,2.49,3321.72,12.03,12.81,,44.1,91.1
2026-03-23 17:57:54,CNC-M01,Fault,50.88,1.28,8457.91,13.99,12.68,E04,0,0
2026-03-23 18:07:54,CNC-M01,Running,56.49,2.26,2610.42,9.44,5.26,,42.4,87.3
2026-03-23 18:17:54,CNC-M01,Running,64.09,1.13,2835.23,10.97,14.36,,34.0,64.8
2026-03-23 18:27:54,CNC-M01,Running,53.79,1.25,4975.77,10.66,8.99,,34.5,88.5
2026-03-23 18:37:54,CNC-M01,Running,67.63,1.95,5026.43,11.42,12.5,,31.2,94.5
2026-03-23 18:47:54,CNC-M01,Running,52.2,0.72,2029.02,10.8,8.55,,42.2,75.2
2026-03-23 18:57:54,CNC-M01,Running,51.01,0.67,3558.74,14.66,11.47,,30.4,68.7
2026-03-23 19:07:54,CNC-M01,Running,47.56,1.89,2244.73,14.06,8.72,,30.7,66.0
2026-03-23 19:17:54,CNC-M01,Running,64.31,2.12,5516.31,4.65,8.06,,43.5,69.3
2026-03-23 19:27:54,CNC-M01,Fault,60.67,2.28,8897.62,8.33,10.99,E03,0,0
2026-03-23 19:37:54,CNC-M01,Running,70.23,1.34,8131.21,10.91,9.4,,41.8,60.0
2026-03-23 19:47:54,CNC-M01,Running,62.99,1.15,5827.62,8.67,13.31,,30.1,78.0
2026-03-23 19:57:54,CNC-M01,Running,47.85,1.99,3129.2,9.75,12.3,,40.1,76.2
2026-03-23 20:07:54,CNC-M01,Running,55.34,1.03,3311.78,9.02,13.51,,41.6,82.1
2026-03-23 20:17:54,CNC-M01,Fault,64.59,5.27,2951.32,8.08,13.58,E10,0,0
2026-03-23 20:27:54,CNC-M01,Running,64.85,1.03,4979.84,11.6,14.97,,33.8,90.5
2026-03-23 20:37:54,CNC-M01,Fault,54.13,3.78,3051.45,10.99,22.72,E08,0,0
2026-03-23 20:47:54,CNC-M01,Running,47.41,0.75,3810.26,14.58,14.72,,41.9,91.0
2026-03-23 20:57:54,CNC-M01,Idle,47.83,2.05,4978.38,13.46,10.31,,0,0
2026-03-23 21:07:54,CNC-M01,Running,55.79,2.49,2635.0,12.44,7.26,,40.2,78.9
2026-03-23 21:17:54,CNC-M01,Running,53.48,0.6,3603.49,11.65,9.77,,40.3,70.5
2026-03-23 21:27:54,CNC-M01,Running,75.63,0.92,4375.94,7.02,9.81,,44.5,94.2
2026-03-23 21:37:54,CNC-M01,Running,52.82,1.34,2994.29,9.58,6.4,,40.3,80.5
2026-03-23 21:47:54,CNC-M01,Running,49.12,1.05,4547.03,11.67,10.98,,35.5,88.8
2026-03-23 21:57:54,CNC-M01,Running,57.2,2.26,4880.03,14.65,19.19,,38.7,74.9
2026-03-23 22:07:54,CNC-M01,Running,59.2,1.47,4091.36,6.93,13.65,,42.4,77.3
2026-03-23 22:17:54,CNC-M01,Running,53.65,2.66,5369.3,14.33,8.29,,32.3,72.5
2026-03-23 22:27:54,CNC-M01,Fault,90.7,1.67,3735.07,14.98,9.88,E10,0,0
2026-03-23 22:37:54,CNC-M01,Running,55.38,1.27,4361.37,14.68,6.17,,34.1,83.5
2026-03-23 22:47:54,CNC-M01,Running,53.44,1.99,5152.55,12.01,14.4,,38.7,87.2
2026-03-23 22:57:54,CNC-M01,Running,45.51,0.55,2395.22,13.61,13.49,,41.9,72.0
2026-03-23 23:07:54,CNC-M01,Running,49.97,0.6,5963.9,13.56,12.71,,33.5,74.0
2026-03-23 23:17:54,CNC-M01,Running,61.31,2.21,4465.61,13.85,13.29,,40.3,82.4
2026-03-23 23:27:54,CNC-M01,Running,54.94,1.27,4829.58,13.64,12.55,,33.5,63.9
2026-03-23 23:37:54,CNC-M01,Running,63.18,1.62,4153.02,12.87,5.91,,42.9,74.2
2026-03-23 23:47:54,CNC-M01,Running,59.32,1.29,2414.5,13.7,7.94,,29.4,95.0
2026-03-23 23:57:54,CNC-M01,Running,45.82,1.84,3977.97,14.88,7.26,,31.7,60.4
2026-03-24 00:07:54,CNC-M01,Running,45.42,2.18,4204.9,10.89,10.81,,43.1,94.3
2026-03-24 00:17:54,CNC-M01,Running,59.13,2.11,3480.91,14.56,8.57,,30.3,90.1
2026-03-24 00:27:54,CNC-M01,Running,49.94,0.76,5136.87,11.33,13.07,,40.2,85.1
2026-03-24 00:37:54,CNC-M01,Running,56.08,1.43,2212.81,11.48,14.53,,37.5,79.6
2026-03-24 00:47:54,CNC-M01,Running,70.21,0.8,2261.65,11.99,12.28,,36.3,84.6
2026-03-24 00:57:54,CNC-M01,Running,64.72,1.4,4698.67,11.99,14.46,,37.2,83.8
2026-03-24 01:07:54,CNC-M01,Running,45.14,1.92,2478.73,12.3,12.3,,32.2,81.1
2026-03-24 01:17:54,CNC-M01,Running,48.59,1.8,2478.0,7.78,14.49,,34.9,84.4
2026-03-24 01:27:54,CNC-M01,Running,51.87,3.03,5516.26,9.29,7.27,,38.8,71.9
2026-03-24 01:37:54,CNC-M01,Fault,55.48,5.21,2236.58,9.18,10.29,E07,0,0
2026-03-24 01:47:54,CNC-M01,Running,61.0,1.25,6379.26,11.49,14.76,,39.6,65.4
2026-03-24 01:57:54,CNC-M01,Running,48.54,2.19,4029.31,11.12,14.35,,41.5,64.2
2026-03-24 02:07:54,CNC-M01,Running,63.7,3.52,2669.54,4.77,11.13,,35.7,83.0
2026-03-24 02:17:54,CNC-M01,Idle,60.68,1.84,6541.69,14.72,12.94,,0,0
2026-03-24 02:27:54,CNC-M01,Running,79.74,2.19,5018.45,13.93,18.27,,37.6,84.6
2026-03-24 02:37:54,CNC-M01,Running,60.14,1.07,5054.09,12.38,8.77,,36.4,71.3
2026-03-24 02:47:54,CNC-M01,Running,52.78,2.07,4736.21,7.33,5.89,,40.7,80.0
2026-03-24 02:57:54,CNC-M01,Running,51.27,2.54,3539.61,11.76,11.84,,36.6,89.7
2026-03-24 03:07:54,CNC-M01,Running,58.62,2.82,2742.82,10.24,9.95,,38.4,61.6
2026-03-24 03:17:54,CNC-M01,Running,63.01,2.94,4638.38,10.32,8.9,,43.6,74.1
2026-03-24 03:27:54,CNC-M01,Running,56.98,1.02,4721.58,14.31,14.4,,43.5,74.3
2026-03-24 03:37:54,CNC-M01,Running,92.35,2.19,5116.9,8.07,5.42,,39.7,62.5
2026-03-24 03:47:54,CNC-M01,Running,67.38,0.63,2669.47,14.69,11.95,,32.9,89.9
2026-03-24 03:57:54,CNC-M01,Running,60.22,2.27,2346.01,9.41,5.36,,29.9,61.3
2026-03-24 04:07:54,CNC-M01,Running,46.67,0.63,3483.61,11.09,11.63,,44.6,86.9
2026-03-24 04:17:54,CNC-M01,Fault,45.88,4.31,3003.21,11.23,5.56,E05,0,0
2026-03-24 04:27:54,CNC-M01,Running,49.5,1.17,2101.24,13.9,7.88,,37.3,71.1
2026-03-24 04:37:54,CNC-M01,Idle,65.98,0.53,4896.32,8.27,11.84,,0,0
2026-03-24 04:47:54,CNC-M01,Fault,80.88,1.63,5048.71,2.18,24.12,E10,0,0
2026-03-24 04:57:54,CNC-M01,Running,50.65,1.4,4731.52,10.42,9.55,,30.6,78.8
2026-03-24 05:07:54,CNC-M01,Fault,47.89,0.85,5996.56,10.58,24.03,E08,0,0
2026-03-24 05:17:54,CNC-M01,Running,62.6,2.47,4506.0,10.84,9.61,,44.2,76.2
2026-03-24 05:27:54,CNC-M01,Running,58.31,1.56,4850.36,14.64,12.84,,35.9,90.2
2026-03-24 05:37:54,CNC-M01,Running,52.5,1.29,4171.31,14.33,13.7,,31.4,71.8
2026-03-24 05:47:54,CNC-M01,Running,58.19,1.36,2095.34,11.97,14.84,,41.1,82.4
2026-03-24 05:57:54,CNC-M01,Running,61.02,1.13,4953.86,11.41,12.63,,38.7,61.2
2026-03-24 06:07:54,CNC-M01,Running,65.98,5.84,3326.03,7.73,12.44,,29.1,81.8
2026-03-24 06:17:54,CNC-M01,Running,63.09,1.18,3212.96,9.12,6.63,,43.5,74.3
2026-03-24 06:27:54,CNC-M01,Idle,57.57,1.06,2997.56,7.78,5.97,,0,0
2026-03-24 06:37:54,CNC-M01,Idle,54.46,2.03,5951.09,11.09,9.47,,0,0
2026-03-24 06:47:54,CNC-M01,Running,58.44,1.18,6813.93,12.37,14.17,,43.9,93.6
2026-03-24 06:57:54,CNC-M01,Running,57.68,2.09,3418.85,11.46,10.9,,34.2,68.8
2026-03-24 07:07:54,CNC-M01,Running,64.64,0.55,2667.53,12.9,14.96,,32.6,94.8
2026-03-24 07:17:54,CNC-M01,Fault,58.19,0.56,5706.18,2.29,7.0,E07,0,0
2026-03-24 07:27:54,CNC-M01,Running,90.08,1.17,5414.51,10.85,14.43,,36.3,69.3
2026-03-24 07:37:54,CNC-M01,Running,63.38,3.5,4035.17,7.24,6.07,,34.3,65.4
2026-03-24 07:47:54,CNC-M01,Running,60.58,0.52,8845.59,12.32,11.26,,42.8,87.5
2026-03-24 07:57:54,CNC-M01,Fault,66.83,0.9,2324.62,7.81,23.96,E01,0,0
2026-03-24 08:07:54,CNC-M01,Running,52.74,0.89,4832.95,12.94,12.32,,42.6,75.5
2026-03-24 08:17:54,CNC-M01,Running,46.59,1.03,4301.74,8.87,6.88,,40.9,68.0
2026-03-24 08:27:54,CNC-M01,Running,61.72,1.32,2873.03,10.41,5.07,,39.6,69.9
2026-03-24 08:37:54,CNC-M01,Running,46.23,2.31,7662.43,12.72,9.46,,39.5,71.1
2026-03-24 08:47:54,CNC-M01,Running,63.29,1.71,4276.8,10.23,13.11,,33.1,77.1
2026-03-24 08:57:54,CNC-M01,Running,59.9,0.84,3638.93,10.27,14.45,,42.8,76.3
2026-03-24 09:07:54,CNC-M01,Running,59.76,2.4,5153.06,14.09,8.66,,41.9,91.7
2026-03-24 09:17:54,CNC-M01,Running,63.92,0.53,3083.56,11.48,13.3,,32.7,66.6
2026-03-24 09:27:54,CNC-M01,Running,54.98,2.2,4663.16,8.74,12.06,,30.4,78.2
2026-03-24 09:37:54,CNC-M01,Running,49.33,2.41,3354.32,12.33,10.99,,33.8,73.1
2026-03-24 09:47:54,CNC-M01,Running,47.56,1.45,8496.01,14.61,14.1,,43.3,76.7
2026-03-24 09:57:54,CNC-M01,Running,51.82,1.9,5861.9,12.01,12.08,,41.8,68.7
2026-03-24 10:07:54,CNC-M01,Running,62.81,2.26,2593.42,11.7,14.0,,40.4,62.3
2026-03-24 10:17:54,CNC-M01,Fault,48.86,1.92,5111.04,9.56,21.78,E09,0,0
2026-03-24 10:27:54,CNC-M01,Running,50.46,2.47,4145.24,12.52,10.98,,40.5,85.7
2026-03-24 10:37:54,CNC-M01,Fault,60.98,2.08,5274.35,1.04,5.25,E07,0,0
2026-03-24 10:47:54,CNC-M01,Running,71.97,0.8,4221.06,13.31,16.37,,40.0,75.9
2026-03-24 10:57:54,CNC-M01,Running,47.57,0.75,4210.3,10.21,10.5,,39.0,73.8
2026-03-24 11:07:54,CNC-M01,Fault,61.72,4.57,4274.12,8.39,6.32,E02,0,0
2026-03-24 11:17:54,CNC-M01,Running,47.05,1.93,6792.7,8.57,5.7,,29.1,74.6
2026-03-24 11:27:54,CNC-M01,Running,58.89,0.68,2636.24,14.08,5.57,,28.4,82.5
