timestamp,machine_id,status,belt_speed_m_s,motor_temp_c,motor_current_a,belt_tension_n,vibration_mm_s,error_code,cycle_time_s,oee_pct
2026-03-17 11:37:54,CVB-003,Running,0.93,66.92,19.25,965.62,1.8,,32.6,93.7
2026-03-17 11:47:54,CVB-003,Running,1.27,56.7,23.28,891.33,1.37,,37.5,65.4
2026-03-17 11:57:54,CVB-003,Running,1.01,43.71,18.39,1091.78,1.91,,41.6,65.0
2026-03-17 12:07:54,CVB-003,Running,1.26,67.56,30.67,1182.77,0.58,,39.2,71.3
2026-03-17 12:17:54,CVB-003,Running,0.88,53.42,15.93,858.7,1.35,,44.6,86.6
2026-03-17 12:27:54,CVB-003,Running,0.76,45.1,9.3,1127.59,1.87,,29.7,87.0
2026-03-17 12:37:54,CVB-003,Running,1.35,43.7,23.43,1186.55,0.55,,42.0,82.5
2026-03-17 12:47:54,CVB-003,Running,1.68,68.05,11.02,733.58,1.14,,34.5,64.7
2026-03-17 12:57:54,CVB-003,Fault,1.83,39.75,10.34,529.23,0.59,E27,0,0
2026-03-17 13:07:54,CVB-003,Fault,1.8,61.11,14.37,1092.93,4.55,E27,0,0
2026-03-17 13:17:54,CVB-003,Running,1.66,45.09,12.46,1061.68,0.41,,44.3,77.5
2026-03-17 13:27:54,CVB-003,Running,1.66,45.79,27.1,1125.57,0.68,,30.8,89.6
2026-03-17 13:37:54,CVB-003,Running,1.3,47.18,16.78,511.1,1.46,,39.6,73.5
2026-03-17 13:47:54,CVB-003,Running,1.3,68.61,20.01,891.79,1.68,,40.0,80.9
2026-03-17 13:57:54,CVB-003,Idle,0.62,82.95,7.0,1017.93,1.09,,0,0
2026-03-17 14:07:54,CVB-003,Running,0.62,39.86,17.75,855.42,1.92,,28.1,66.1
2026-03-17 14:17:54,CVB-003,Running,1.23,52.02,12.34,804.19,1.88,,41.1,72.9
2026-03-17 14:27:54,CVB-003,Running,1.0,57.3,6.65,979.45,0.85,,33.3,92.1
2026-03-17 14:37:54,CVB-003,Running,0.72,43.81,33.3,514.13,0.45,,29.5,71.6
2026-03-17 14:47:54,CVB-003,Fault,1.13,52.65,33.76,1144.93,1.14,E28,0,0
2026-03-17 14:57:54,CVB-003,Idle,0.69,50.01,22.87,851.83,1.49,,0,0
2026-03-17 15:07:54,CVB-003,Running,1.62,39.27,16.11,895.63,0.74,,35.7,89.1
2026-03-17 15:17:54,CVB-003,Running,1.37,32.43,9.49,1181.67,1.88,,35.7,82.2
2026-03-17 15:27:54,CVB-003,Running,1.34,48.9,9.55,1032.06,1.71,,33.7,86.4
2026-03-17 15:37:54,CVB-003,Running,1.48,43.61,11.04,1013.33,2.46,,35.5,88.1
2026-03-17 15:47:54,CVB-003,Running,1.04,45.48,21.9,820.59,1.74,,34.1,80.3
2026-03-17 15:57:54,CVB-003,Running,1.3,34.69,28.39,989.06,1.06,,40.6,74.6
2026-03-17 16:07:54,CVB-003,Running,1.01,36.07,16.53,935.14,1.46,,37.9,81.3
2026-03-17 16:17:54,CVB-003,Running,1.19,43.95,21.86,1036.05,1.87,,40.2,74.3
2026-03-17 16:27:54,CVB-003,Fault,0.63,51.91,38.14,976.28,1.31,E24,0,0
2026-03-17 16:37:54,CVB-003,Running,1.39,45.05,16.79,1123.16,0.42,,28.9,75.3
2026-03-17 16:47:54,CVB-003,Fault,0.86,53.88,18.21,361.89,1.86,E23,0,0
2026-03-17 16:57:54,CVB-003,Running,1.18,32.08,17.34,900.89,1.64,,43.1,89.2
2026-03-17 17:07:54,CVB-003,Running,0.88,40.34,23.34,937.52,0.88,,34.7,87.2
2026-03-17 17:17:54,CVB-003,Running,0.59,39.7,5.97,1144.59,1.2,,33.7,78.6
2026-03-17 17:27:54,CVB-003,Running,0.84,84.43,20.29,803.92,0.9,,30.4,88.1
2026-03-17 17:37:54,CVB-003,Running,1.47,69.73,12.3,991.87,1.92,,38.8,75.6
2026-03-17 17:47:54,CVB-003,Running,1.18,80.83,8.38,830.06,1.83,,44.5,91.6
2026-03-17 17:57:54,CVB-003,Running,1.46,68.06,18.24,988.79,1.12,,36.8,67.1
2026-03-17 18:07:54,CVB-003,Running,0.58,62.22,20.94,1126.97,1.43,,33.1,74.9
2026-03-17 18:17:54,CVB-003,Running,1.26,50.26,5.39,512.4,0.83,,30.6,60.7
2026-03-17 18:27:54,CVB-003,Running,1.23,30.15,14.78,1178.85,2.41,,30.3,90.3
2026-03-17 18:37:54,CVB-003,Running,1.76,46.6,11.39,1111.97,0.99,,35.6,69.7
2026-03-17 18:47:54,CVB-003,Idle,0.73,32.22,20.34,1017.14,0.62,,0,0
2026-03-17 18:57:54,CVB-003,Running,1.01,66.08,9.32,1057.71,1.65,,33.7,94.2
2026-03-17 19:07:54,CVB-003,Idle,0.63,40.72,11.84,1048.38,0.46,,0,0
2026-03-17 19:17:54,CVB-003,Running,1.63,63.88,7.64,940.16,0.38,,30.6,85.3
2026-03-17 19:27:54,CVB-003,Running,0.74,68.78,5.08,1058.98,1.11,,30.7,91.8
2026-03-17 19:37:54,CVB-003,Running,1.46,44.88,7.5,884.41,1.05,,30.8,60.7
2026-03-17 19:47:54,CVB-003,Running,0.83,42.11,24.9,1165.9,1.68,,37.9,65.5
2026-03-17 19:57:54,CVB-003,Running,1.1,51.82,8.56,1180.99,1.86,,32.0,92.3
2026-03-17 20:07:54,CVB-003,Running,1.29,65.27,8.83,1051.87,0.82,,36.8,65.8
2026-03-17 20:17:54,CVB-003,Running,0.88,43.5,19.22,1157.73,1.4,,38.4,80.0
2026-03-17 20:27:54,CVB-003,Running,0.73,55.89,7.51,1145.66,1.37,,37.6,60.3
2026-03-17 20:37:54,CVB-003,Running,1.71,49.12,22.58,1077.81,1.72,,32.4,65.4
2026-03-17 20:47:54,CVB-003,Fault,1.97,32.12,19.36,1132.07,1.85,E23,0,0
2026-03-17 20:57:54,CVB-003,Running,0.61,60.09,8.65,826.33,1.77,,44.5,60.4
2026-03-17 21:07:54,CVB-003,Fault,1.83,66.74,9.35,1011.0,1.06,E23,0,0
2026-03-17 21:17:54,CVB-003,Running,1.14,68.51,11.46,966.18,1.64,,29.4,72.4
2026-03-17 21:27:54,CVB-003,Running,0.52,47.25,19.84,1111.75,0.32,,30.4,79.7
2026-03-17 21:37:54,CVB-003,Running,1.2,47.29,13.13,1057.97,1.07,,42.3,84.7
2026-03-17 21:47:54,CVB-003,Running,1.16,83.82,9.97,997.08,1.5,,35.4,93.3
2026-03-17 21:57:54,CVB-003,Running,0.77,54.88,9.62,1034.99,1.75,,39.4,90.3
2026-03-17 22:07:54,CVB-003,Running,1.19,48.75,11.69,1130.89,0.47,,28.3,76.8
2026-03-17 22:17:54,CVB-003,Running,0.75,57.17,31.9,840.59,0.8,,32.3,82.2
2026-03-17 22:27:54,CVB-003,Running,0.69,36.29,11.94,829.05,2.37,,29.6,61.0
2026-03-17 22:37:54,CVB-003,Running,0.87,51.37,21.08,906.71,0.39,,43.2,88.6
2026-03-17 22:47:54,CVB-003,Running,1.45,32.85,8.13,1142.34,0.7,,28.6,77.0
2026-03-17 22:57:54,CVB-003,Running,1.09,62.89,22.72,939.72,1.54,,44.3,92.6
2026-03-17 23:07:54,CVB-003,Running,1.12,34.4,22.17,998.47,1.88,,31.9,93.6
2026-03-17 23:17:54,CVB-003,Running,0.63,39.84,13.61,853.65,1.44,,39.2,91.2
2026-03-17 23:27:54,CVB-003,Fault,0.74,64.96,35.49,512.46,0.83,E27,0,0
2026-03-17 23:37:54,CVB-003,Running,0.86,53.83,6.55,886.31,0.34,,28.7,86.8
2026-03-17 23:47:54,CVB-003,Fault,1.82,60.61,6.92,564.96,1.71,E29,0,0
2026-03-17 23:57:54,CVB-003,Fault,1.68,96.99,18.13,897.23,0.99,E29,0,0
2026-03-18 00:07:54,CVB-003,Running,0.59,44.13,16.92,1051.08,0.95,,40.9,78.8
2026-03-18 00:17:54,CVB-003,Running,0.98,30.48,19.29,800.71,1.24,,44.0,70.2
2026-03-18 00:27:54,CVB-003,Fault,0.69,46.8,36.13,1084.77,4.83,E27,0,0
2026-03-18 00:37:54,CVB-003,Running,1.45,53.94,16.39,576.59,1.33,,35.8,62.8
2026-03-18 00:47:54,CVB-003,Running,0.76,91.52,19.46,827.35,1.6,,33.2,75.1
2026-03-18 00:57:54,CVB-003,Running,1.11,46.09,9.98,1001.51,1.41,,43.8,60.6
2026-03-18 01:07:54,CVB-003,Fault,1.94,43.84,20.82,987.89,1.65,E24,0,0
2026-03-18 01:17:54,CVB-003,Running,1.65,34.33,21.79,584.95,0.56,,30.4,83.3
2026-03-18 01:27:54,CVB-003,Running,0.87,43.48,32.46,1035.94,5.98,,38.0,79.3
2026-03-18 01:37:54,CVB-003,Running,1.35,48.33,14.57,838.96,0.64,,32.8,78.4
2026-03-18 01:47:54,CVB-003,Running,0.56,86.19,8.15,1174.74,1.14,,35.4,79.9
2026-03-18 01:57:54,CVB-003,Running,0.91,46.53,15.24,877.86,2.91,,30.5,65.4
2026-03-18 02:07:54,CVB-003,Running,1.13,72.49,7.59,914.79,1.56,,42.4,93.4
2026-03-18 02:17:54,CVB-003,Running,0.58,52.55,26.84,1140.34,1.77,,28.2,62.4
2026-03-18 02:27:54,CVB-003,Running,0.54,34.59,16.58,1021.33,1.13,,37.9,73.4
2026-03-18 02:37:54,CVB-003,Running,0.58,45.64,16.03,1143.11,0.56,,41.6,69.1
2026-03-18 02:47:54,CVB-003,Running,0.75,45.72,9.89,984.81,0.37,,42.2,90.5
2026-03-18 02:57:54,CVB-003,Running,0.53,57.16,21.24,1115.19,0.72,,28.1,63.0
2026-03-18 03:07:54,CVB-003,Running,1.43,64.93,19.89,1125.83,1.35,,42.4,73.2
2026-03-18 03:17:54,CVB-003,Running,1.1,59.05,16.04,915.79,0.67,,29.6,86.4
2026-03-18 03:27:54,CVB-003,Running,0.61,64.2,11.24,936.72,3.06,,38.8,75.6
2026-03-18 03:37:54,CVB-003,Running,0.5,31.54,5.03,1116.95,1.83,,33.0,88.6
2026-03-18 03:47:54,CVB-003,Fault,0.71,86.57,12.07,908.71,1.91,E26,0,0
2026-03-18 03:57:54,CVB-003,Running,0.97,32.19,5.55,1197.25,0.74,,38.4,93.9
2026-03-18 04:07:54,CVB-003,Running,1.1,54.34,12.86,1045.95,3.22,,33.1,60.2
2026-03-18 04:17:54,CVB-003,Running,0.72,62.36,23.81,1022.61,1.87,,29.5,89.3
2026-03-18 04:27:54,CVB-003,Fault,1.8,55.76,20.74,890.34,5.83,E25,0,0
2026-03-18 04:37:54,CVB-003,Running,1.45,53.98,12.57,1033.55,0.76,,29.2,60.4
2026-03-18 04:47:54,CVB-003,Running,0.91,84.82,14.12,1101.4,1.91,,31.8,76.8
2026-03-18 04:57:54,CVB-003,Running,0.81,38.08,5.74,844.26,1.05,,40.9,89.1
2026-03-18 05:07:54,CVB-003,Fault,0.78,98.83,10.87,1124.06,1.31,E24,0,0
2026-03-18 05:17:54,CVB-003,Running,1.17,56.54,24.7,949.61,1.26,,41.2,60.9
2026-03-18 05:27:54,CVB-003,Running,0.73,30.05,6.11,1118.79,0.95,,33.9,85.2
2026-03-18 05:37:54,CVB-003,Running,1.46,55.9,7.08,1184.61,1.6,,30.6,77.7
2026-03-18 05:47:54,CVB-003,Running,0.65,61.71,21.45,950.45,1.42,,30.6,76.8
2026-03-18 05:57:54,CVB-003,Running,1.05,40.43,31.48,1030.6,1.82,,38.4,75.4
2026-03-18 06:07:54,CVB-003,Fault,1.8,55.64,9.58,1043.01,3.08,E26,0,0
2026-03-18 06:17:54,CVB-003,Fault,2.08,54.49,12.42,920.9,1.31,E28,0,0
2026-03-18 06:27:54,CVB-003,Fault,2.18,55.14,14.72,892.31,0.73,E22,0,0
2026-03-18 06:37:54,CVB-003,Running,1.49,59.89,12.24,1133.5,0.86,,31.0,94.5
2026-03-18 06:47:54,CVB-003,Running,2.07,61.85,30.4,745.39,1.01,,37.6,87.6
2026-03-18 06:57:54,CVB-003,Running,1.25,33.28,22.11,401.78,0.54,,33.2,94.0
2026-03-18 07:07:54,CVB-003,Running,1.12,57.46,19.18,961.95,1.45,,29.0,83.3
2026-03-18 07:17:54,CVB-003,Running,0.99,69.16,9.9,1142.43,1.95,,29.2,64.8
2026-03-18 07:27:54,CVB-003,Running,1.27,35.45,13.21,1010.51,1.7,,34.5,82.3
2026-03-18 07:37:54,CVB-003,Running,1.22,36.22,20.29,974.54,1.16,,38.6,80.7
2026-03-18 07:47:54,CVB-003,Running,0.96,63.46,20.63,1085.21,1.42,,30.4,91.5
2026-03-18 07:57:54,CVB-003,Running,1.39,62.2,8.5,896.16,1.33,,33.5,90.1
2026-03-18 08:07:54,CVB-003,Running,0.81,46.58,11.03,1104.05,1.87,,41.0,85.5
2026-03-18 08:17:54,CVB-003,Fault,0.61,34.65,24.42,970.43,5.27,E29,0,0
2026-03-18 08:27:54,CVB-003,Running,0.59,58.1,18.2,1108.37,1.49,,36.2,76.8
2026-03-18 08:37:54,CVB-003,Running,0.67,33.92,19.26,956.07,0.59,,43.1,93.8
2026-03-18 08:47:54,CVB-003,Fault,0.52,42.96,15.7,386.75,1.35,E28,0,0
2026-03-18 08:57:54,CVB-003,Running,0.73,66.68,17.03,995.55,1.6,,44.3,88.6
2026-03-18 09:07:54,CVB-003,Fault,0.95,32.94,9.33,1168.97,5.28,E26,0,0
2026-03-18 09:17:54,CVB-003,Idle,1.15,34.16,23.96,1140.06,0.35,,0,0
2026-03-18 09:27:54,CVB-003,Running,1.62,59.72,7.92,1051.31,1.25,,31.8,91.8
2026-03-18 09:37:54,CVB-003,Fault,1.3,92.08,15.5,691.0,1.03,E25,0,0
2026-03-18 09:47:54,CVB-003,Fault,0.65,87.01,28.14,288.48,0.73,E27,0,0
2026-03-18 09:57:54,CVB-003,Running,0.66,47.2,17.58,862.8,0.86,,39.6,60.7
2026-03-18 10:07:54,CVB-003,Fault,1.39,86.72,15.76,851.56,0.59,E21,0,0
2026-03-18 10:17:54,CVB-003,Running,0.51,35.16,8.07,892.37,0.62,,30.4,88.7
2026-03-18 10:27:54,CVB-003,Running,1.5,38.19,28.04,1139.77,1.77,,35.1,73.9
2026-03-18 10:37:54,CVB-003,Running,1.34,54.49,14.42,803.7,0.3,,43.5,62.2
2026-03-18 10:47:54,CVB-003,Fault,1.84,53.21,37.49,1115.51,0.35,E22,0,0
2026-03-18 10:57:54,CVB-003,Running,0.8,46.51,15.31,918.29,2.01,,39.1,93.8
2026-03-18 11:07:54,CVB-003,Running,1.07,33.95,8.9,864.97,0.57,,30.8,83.1
2026-03-18 11:17:54,CVB-003,Running,1.44,63.5,14.12,921.66,0.76,,39.9,85.0
2026-03-18 11:27:54,CVB-003,Running,0.9,59.85,16.92,531.95,2.49,,33.5,77.7
2026-03-18 11:37:54,CVB-003,Running,0.68,51.73,13.04,1193.27,1.3,,28.3,91.8
2026-03-18 11:47:54,CVB-003,Running,1.4,50.3,16.86,663.07,3.33,,42.1,64.6
2026-03-18 11:57:54,CVB-003,Running,1.39,58.1,20.36,945.79,0.38,,34.0,74.2
2026-03-18 12:07:54,CVB-003,Running,1.0,64.1,26.32,1036.97,0.33,,33.6,74.4
2026-03-18 12:17:54,CVB-003,Fault,1.37,64.72,31.98,371.0,0.91,E28,0,0
2026-03-18 12:27:54,CVB-003,Running,0.54,65.13,24.29,1110.64,1.51,,34.4,60.3
2026-03-18 12:37:54,CVB-003,Running,0.77,59.93,15.15,1006.49,0.69,,43.7,69.8
2026-03-18 12:47:54,CVB-003,Running,1.24,59.22,20.1,1153.54,0.52,,43.4,71.5
2026-03-18 12:57:54,CVB-003,Running,0.55,63.96,18.54,1152.77,1.8,,34.2,82.5
2026-03-18 13:07:54,CVB-003,Running,1.36,50.5,30.41,893.94,0.97,,40.1,91.4
2026-03-18 13:17:54,CVB-003,Fault,1.8,53.5,24.6,1177.06,0.81,E28,0,0
2026-03-18 13:27:54,CVB-003,Running,1.14,62.0,22.0,620.9,0.59,,34.6,87.0
2026-03-18 13:37:54,CVB-003,Running,1.15,48.08,16.36,812.4,0.74,,39.1,78.0
2026-03-18 13:47:54,CVB-003,Running,1.02,55.47,19.82,1042.39,1.94,,42.5,75.8
2026-03-18 13:57:54,CVB-003,Running,1.42,46.67,16.04,1010.5,0.67,,28.7,89.4
2026-03-18 14:07:54,CVB-003,Running,0.56,56.8,21.8,955.17,1.47,,33.4,60.9
2026-03-18 14:17:54,CVB-003,Running,0.99,45.52,8.81,1000.42,0.7,,37.9,81.1
2026-03-18 14:27:54,CVB-003,Running,1.05,31.73,6.74,855.3,1.66,,30.7,68.3
2026-03-18 14:37:54,CVB-003,Running,1.21,41.39,10.25,875.35,0.72,,29.3,74.8
2026-03-18 14:47:54,CVB-003,Idle,1.39,58.41,11.89,1195.45,0.55,,0,0
2026-03-18 14:57:54,CVB-003,Running,1.58,68.98,23.67,909.64,0.97,,29.8,79.7
2026-03-18 15:07:54,CVB-003,Fault,1.1,35.9,20.12,325.54,5.34,E23,0,0
2026-03-18 15:17:54,CVB-003,Running,0.65,55.96,17.65,918.42,1.48,,28.1,69.0
2026-03-18 15:27:54,CVB-003,Running,1.31,43.32,13.16,971.48,1.13,,41.6,70.9
2026-03-18 15:37:54,CVB-003,Running,0.73,46.4,16.53,905.14,0.36,,39.8,88.9
2026-03-18 15:47:54,CVB-003,Running,0.88,62.78,24.2,1025.12,1.47,,37.6,73.1
2026-03-18 15:57:54,CVB-003,Fault,0.52,81.6,37.15,809.5,1.93,E23,0,0
2026-03-18 16:07:54,CVB-003,Running,1.88,40.11,14.14,1157.62,0.95,,31.3,68.3
2026-03-18 16:17:54,CVB-003,Idle,0.73,64.21,29.17,951.17,0.55,,0,0
2026-03-18 16:27:54,CVB-003,Running,0.52,72.6,22.32,850.37,0.7,,40.7,66.4
2026-03-18 16:37:54,CVB-003,Running,0.82,42.97,15.71,866.61,0.55,,30.6,84.3
2026-03-18 16:47:54,CVB-003,Running,1.19,68.4,8.35,1021.36,0.74,,34.2,80.3
2026-03-18 16:57:54,CVB-003,Running,1.38,30.53,21.37,1058.69,1.92,,39.8,69.0
2026-03-18 17:07:54,CVB-003,Idle,0.84,38.7,18.9,1018.98,0.32,,0,0
2026-03-18 17:17:54,CVB-003,Running,1.11,49.14,22.35,834.56,1.17,,44.2,65.4
2026-03-18 17:27:54,CVB-003,Running,0.9,78.98,24.78,1074.81,2.97,,30.0,60.9
2026-03-18 17:37:54,CVB-003,Running,1.37,77.74,11.69,959.13,1.65,,42.3,82.4
2026-03-18 17:47:54,CVB-003,Running,1.5,53.09,6.28,1009.48,1.8,,44.9,64.7
2026-03-18 17:57:54,CVB-003,Fault,0.74,57.43,27.79,373.04,2.93,E29,0,0
2026-03-18 18:07:54,CVB-003,Fault,1.98,34.74,36.12,960.15,0.47,E28,0,0
2026-03-18 18:17:54,CVB-003,Running,0.6,48.85,10.7,1190.02,1.54,,35.7,65.3
2026-03-18 18:27:54,CVB-003,Running,0.91,43.1,25.24,1170.06,2.7,,36.4,85.8
2026-03-18 18:37:54,CVB-003,Fault,1.87,35.94,16.31,1105.04,1.5,E21,0,0
2026-03-18 18:47:54,CVB-003,Running,1.8,66.05,23.09,989.35,1.45,,42.6,71.7
2026-03-18 18:57:54,CVB-003,Running,1.1,64.68,19.96,1104.03,0.95,,38.5,86.0
2026-03-18 19:07:54,CVB-003,Running,0.67,46.18,30.45,916.69,1.64,,29.6,91.4
2026-03-18 19:17:54,CVB-003,Running,0.96,54.5,13.88,1100.64,1.61,,35.6,78.7
2026-03-18 19:27:54,CVB-003,Idle,1.4,30.19,11.87,1123.33,1.32,,0,0
2026-03-18 19:37:54,CVB-003,Running,0.8,50.65,26.91,1006.2,1.69,,34.8,69.9
2026-03-18 19:47:54,CVB-003,Running,1.61,43.23,16.55,873.06,0.71,,35.5,80.7
2026-03-18 19:57:54,CVB-003,Running,1.53,32.27,12.44,828.33,1.0,,36.7,79.4
2026-03-18 20:07:54,CVB-003,Running,0.82,36.64,21.54,1000.03,1.69,,39.8,82.8
2026-03-18 20:17:54,CVB-003,Fault,1.35,96.39,7.96,905.88,1.95,E23,0,0
2026-03-18 20:27:54,CVB-003,Running,2.14,63.05,15.34,993.71,1.77,,29.1,86.6
2026-03-18 20:37:54,CVB-003,Fault,1.47,59.15,11.1,252.35,1.07,E29,0,0
2026-03-18 20:47:54,CVB-003,Running,1.18,65.18,28.01,999.61,1.67,,30.4,89.1
2026-03-18 20:57:54,CVB-003,Running,0.95,47.11,15.37,1035.87,1.08,,33.0,71.5
2026-03-18 21:07:54,CVB-003,Running,0.95,32.77,7.31,1198.05,1.29,,31.6,94.8
2026-03-18 21:17:54,CVB-003,Running,1.19,47.4,11.66,1195.15,0.73,,36.8,61.0
2026-03-18 21:27:54,CVB-003,Running,0.78,41.45,17.08,1115.33,0.5,,44.7,74.3
2026-03-18 21:37:54,CVB-003,Running,0.64,66.86,6.24,986.13,0.87,,28.5,71.1
2026-03-18 21:47:54,CVB-003,Running,0.88,35.22,10.99,885.27,1.45,,43.5,85.0
2026-03-18 21:57:54,CVB-003,Running,0.57,55.95,14.13,967.35,1.66,,38.6,67.3
2026-03-18 22:07:54,CVB-003,Running,0.99,52.3,20.17,618.53,3.05,,38.6,77.9
2026-03-18 22:17:54,CVB-003,Running,0.88,43.04,6.6,866.1,1.46,,30.4,92.8
2026-03-18 22:27:54,CVB-003,Running,1.02,47.31,31.48,1045.38,1.87,,40.9,66.1
2026-03-18 22:37:54,CVB-003,Running,0.66,51.3,22.67,817.78,2.33,,41.8,78.9
2026-03-18 22:47:54,CVB-003,Running,0.96,60.19,19.92,883.19,0.95,,33.0,87.6
2026-03-18 22:57:54,CVB-003,Running,1.25,35.45,19.05,874.46,1.09,,28.5,68.5
2026-03-18 23:07:54,CVB-003,Fault,2.2,52.44,13.75,723.01,1.43,E24,0,0
2026-03-18 23:17:54,CVB-003,Running,1.13,60.18,17.73,897.09,0.59,,30.2,88.1
2026-03-18 23:27:54,CVB-003,Running,1.0,31.46,9.26,1082.29,0.4,,35.9,86.1
2026-03-18 23:37:54,CVB-003,Running,0.63,62.63,23.46,412.76,0.37,,33.8,70.2
2026-03-18 23:47:54,CVB-003,Running,1.1,57.36,20.92,1193.23,0.8,,36.1,79.5
2026-03-18 23:57:54,CVB-003,Running,0.57,46.85,10.71,984.09,1.73,,33.8,81.3
2026-03-19 00:07:54,CVB-003,Running,1.47,67.1,18.42,891.31,0.6,,44.4,65.7
2026-03-19 00:17:54,CVB-003,Running,0.83,66.72,5.21,1156.47,1.35,,37.9,80.7
2026-03-19 00:27:54,CVB-003,Idle,1.46,31.27,17.72,882.53,3.42,,0,0
2026-03-19 00:37:54,CVB-003,Running,0.74,57.75,23.91,1146.86,1.23,,35.2,81.9
2026-03-19 00:47:54,CVB-003,Running,1.39,33.03,5.34,745.58,0.78,,33.5,76.0
2026-03-19 00:57:54,CVB-003,Running,1.16,50.46,24.96,946.33,1.36,,43.6,83.4
2026-03-19 01:07:54,CVB-003,Fault,1.46,43.73,24.53,302.78,0.71,E23,0,0
2026-03-19 01:17:54,CVB-003,Running,1.13,42.01,22.8,1159.03,1.36,,39.7,64.6
2026-03-19 01:27:54,CVB-003,Running,1.4,67.32,22.88,1058.1,1.62,,39.1,63.4
2026-03-19 01:37:54,CVB-003,Running,1.69,41.97,14.83,927.87,2.31,,39.3,76.6
2026-03-19 01:47:54,CVB-003,Running,1.12,38.1,20.49,1180.43,1.54,,32.1,85.3
2026-03-19 01:57:54,CVB-003,Running,1.55,65.12,19.74,880.11,0.7,,41.5,60.8
2026-03-19 02:07:54,CVB-003,Running,0.68,62.91,12.23,865.91,0.84,,40.0,69.9
2026-03-19 02:17:54,CVB-003,Fault,1.11,35.45,9.73,920.99,4.88,E22,0,0
2026-03-19 02:27:54,CVB-003,Running,0.8,69.1,15.05,827.46,1.6,,39.8,91.2
2026-03-19 02:37:54,CVB-003,Running,0.92,39.57,7.32,507.78,0.45,,31.5,62.9
2026-03-19 02:47:54,CVB-003,Fault,0.59,42.21,36.94,820.3,1.2,E27,0,0
2026-03-19 02:57:54,CVB-003,Running,0.8,37.53,7.15,1036.04,0.42,,33.5,93.7
2026-03-19 03:07:54,CVB-003,Running,1.2,84.39,13.62,959.48,2.45,,43.0,94.7
2026-03-19 03:17:54,CVB-003,Idle,0.59,38.71,16.26,1155.14,1.11,,0,0
2026-03-19 03:27:54,CVB-003,Running,0.53,38.24,20.27,908.97,1.31,,44.3,62.7
2026-03-19 03:37:54,CVB-003,Running,0.97,32.32,14.08,861.4,1.41,,29.3,73.2
2026-03-19 03:47:54,CVB-003,Running,0.62,87.94,17.85,837.13,1.44,,41.1,84.2
2026-03-19 03:57:54,CVB-003,Fault,1.35,87.82,17.24,882.31,1.78,E26,0,0
2026-03-19 04:07:54,CVB-003,Running,0.78,64.51,12.94,1144.52,1.6,,35.8,61.0
2026-03-19 04:17:54,CVB-003,Fault,1.7,30.36,35.96,909.74,2.63,E24,0,0
2026-03-19 04:27:54,CVB-003,Running,1.34,46.25,20.57,1152.67,1.19,,42.9,66.0
2026-03-19 04:37:54,CVB-003,Fault,1.1,93.67,15.49,1165.33,0.54,E26,0,0
2026-03-19 04:47:54,CVB-003,Fault,0.86,34.5,7.29,968.33,4.04,E23,0,0
2026-03-19 04:57:54,CVB-003,Running,0.74,52.43,19.21,1151.21,0.63,,37.0,61.1
2026-03-19 05:07:54,CVB-003,Running,0.91,50.76,22.97,972.29,1.51,,31.9,86.8
2026-03-19 05:17:54,CVB-003,Idle,0.9,74.99,16.5,814.93,1.17,,0,0
2026-03-19 05:27:54,CVB-003,Running,1.72,61.97,8.57,593.48,0.94,,35.0,73.3
2026-03-19 05:37:54,CVB-003,Fault,1.62,87.97,6.79,959.87,1.63,E25,0,0
2026-03-19 05:47:54,CVB-003,Running,0.85,59.66,9.94,902.2,1.62,,31.9,75.8
2026-03-19 05:57:54,CVB-003,Running,1.31,65.09,17.64,1196.75,0.9,,35.2,60.3
2026-03-19 06:07:54,CVB-003,Running,1.35,84.33,7.75,859.93,1.19,,36.0,69.3
2026-03-19 06:17:54,CVB-003,Running,0.6,68.64,22.45,1119.14,0.93,,28.9,80.3
2026-03-19 06:27:54,CVB-003,Fault,1.13,96.85,5.59,1029.43,1.86,E29,0,0
2026-03-19 06:37:54,CVB-003,Running,1.56,61.63,20.07,896.22,1.37,,31.2,86.1
2026-03-19 06:47:54,CVB-003,Fault,0.96,91.3,23.56,1064.31,1.51,E23,0,0
2026-03-19 06:57:54,CVB-003,Running,0.86,59.95,11.59,833.82,1.48,,39.9,72.4
2026-03-19 07:07:54,CVB-003,Fault,0.97,30.31,35.32,1155.6,1.52,E28,0,0
2026-03-19 07:17:54,CVB-003,Running,0.81,61.33,11.38,925.22,2.61,,31.9,65.7
2026-03-19 07:27:54,CVB-003,Running,1.23,58.74,18.67,527.15,4.89,,40.1,69.9
2026-03-19 07:37:54,CVB-003,Running,0.95,59.51,22.13,1111.27,0.81,,39.9,89.9
2026-03-19 07:47:54,CVB-003,Running,1.21,65.58,19.27,1114.87,1.82,,31.6,65.9
2026-03-19 07:57:54,CVB-003,Running,0.97,46.22,24.87,883.25,1.0,,32.7,76.0
2026-03-19 08:07:54,CVB-003,Running,0.6,77.76,19.58,1134.32,1.93,,39.5,78.3
2026-03-19 08:17:54,CVB-003,Running,0.57,30.08,7.42,847.7,0.98,,40.1,62.9
2026-03-19 08:27:54,CVB-003,Running,1.67,32.41,12.26,1092.58,1.86,,40.4,86.9
2026-03-19 08:37:54,CVB-003,Running,1.05,43.46,9.82,1067.64,1.25,,40.4,76.0
2026-03-19 08:47:54,CVB-003,Running,1.67,55.3,8.45,862.73,1.54,,28.5,93.9
2026-03-19 08:57:54,CVB-003,Running,0.91,53.42,18.32,807.81,0.91,,31.5,94.7
2026-03-19 09:07:54,CVB-003,Running,1.15,32.53,20.16,853.44,3.08,,31.2,94.8
2026-03-19 09:17:54,CVB-003,Running,1.33,63.71,32.37,1008.07,2.95,,40.1,86.7
2026-03-19 09:27:54,CVB-003,Running,1.44,31.46,20.89,1028.26,1.18,,32.6,65.4
2026-03-19 09:37:54,CVB-003,Running,0.94,51.63,23.68,963.94,2.71,,42.7,88.4
2026-03-19 09:47:54,CVB-003,Running,0.94,45.81,6.8,864.06,3.5,,36.1,72.3
2026-03-19 09:57:54,CVB-003,Running,1.31,43.35,7.98,1189.99,1.99,,31.7,89.6
2026-03-19 10:07:54,CVB-003,Running,1.45,36.87,24.05,804.04,1.59,,35.8,87.1
2026-03-19 10:17:54,CVB-003,Running,1.26,39.08,28.6,859.39,1.57,,30.1,84.8
2026-03-19 10:27:54,CVB-003,Running,1.26,69.34,30.59,1151.9,1.87,,43.8,66.8
2026-03-19 10:37:54,CVB-003,Running,0.73,35.18,12.1,1109.33,0.69,,41.4,89.9
2026-03-19 10:47:54,CVB-003,Running,1.17,60.04,5.71,1086.98,1.55,,28.9,79.0
2026-03-19 10:57:54,CVB-003,Fault,0.64,67.42,37.94,259.25,1.59,E29,0,0
2026-03-19 11:07:54,CVB-003,Idle,1.01,44.69,24.37,1058.27,1.36,,0,0
2026-03-19 11:17:54,CVB-003,Running,0.94,62.04,12.43,1071.01,1.02,,37.2,91.3
2026-03-19 11:27:54,CVB-003,Running,0.89,58.24,19.56,838.34,1.48,,35.9,83.4
2026-03-19 11:37:54,CVB-003,Running,0.53,35.82,8.96,1187.32,1.2,,32.5,93.7
2026-03-19 11:47:54,CVB-003,Running,1.06,52.89,14.14,987.5,1.44,,39.5,62.8
2026-03-19 11:57:54,CVB-003,Running,0.74,77.65,21.49,938.18,0.44,,28.5,71.6
2026-03-19 12:07:54,CVB-003,Fault,0.93,55.97,18.42,393.87,0.81,E22,0,0
2026-03-19 12:17:54,CVB-003,Running,1.33,51.28,16.19,1046.26,0.3,,31.1,65.1
2026-03-19 12:27:54,CVB-003,Running,0.67,75.29,9.84,917.98,1.98,,38.3,81.5
2026-03-19 12:37:54,CVB-003,Running,0.79,52.52,19.88,974.19,0.93,,29.0,77.2
2026-03-19 12:47:54,CVB-003,Running,1.86,30.63,21.13,881.61,0.68,,40.5,83.0
2026-03-19 12:57:54,CVB-003,Running,1.22,36.8,10.7,907.16,1.97,,34.7,87.9
2026-03-19 13:07:54,CVB-003,Fault,0.53,93.23,19.4,1099.12,1.76,E25,0,0
2026-03-19 13:17:54,CVB-003,Running,1.26,52.3,18.82,1005.64,1.37,,36.2,75.1
2026-03-19 13:27:54,CVB-003,Running,1.74,53.98,23.37,1175.08,1.43,,37.5,60.5
2026-03-19 13:37:54,CVB-003,Running,0.99,40.88,16.49,1165.67,1.47,,37.2,86.9
2026-03-19 13:47:54,CVB-003,Running,1.24,67.79,15.02,1063.67,0.89,,37.4,75.5
2026-03-19 13:57:54,CVB-003,Running,0.8,33.62,20.07,1190.67,1.69,,38.3,74.1
2026-03-19 14:07:54,CVB-003,Running,0.71,72.37,8.0,758.17,1.71,,34.7,81.3
2026-03-19 14:17:54,CVB-003,Running,0.77,60.98,10.02,931.99,0.62,,34.0,61.1
2026-03-19 14:27:54,CVB-003,Fault,0.95,93.19,22.36,916.29,1.84,E21,0,0
2026-03-19 14:37:54,CVB-003,Running,0.9,48.38,16.66,1152.54,0.62,,33.7,94.5
2026-03-19 14:47:54,CVB-003,Running,1.07,57.95,16.02,1001.08,0.42,,38.9,61.5
2026-03-19 14:57:54,CVB-003,Running,0.62,38.86,7.62,1085.86,0.3,,36.8,71.0
2026-03-19 15:07:54,CVB-003,Fault,2.15,43.55,8.86,842.37,0.35,E25,0,0
2026-03-19 15:17:54,CVB-003,Running,1.36,78.13,16.18,1165.73,1.32,,41.1,64.1
2026-03-19 15:27:54,CVB-003,Running,1.13,31.45,7.42,743.89,0.68,,35.0,75.3
2026-03-19 15:37:54,CVB-003,Running,1.29,49.32,17.84,859.04,1.5,,44.1,89.7
2026-03-19 15:47:54,CVB-003,Fault,1.45,69.57,39.35,1040.07,3.44,E23,0,0
2026-03-19 15:57:54,CVB-003,Running,1.56,36.53,16.25,1108.67,1.43,,42.1,76.7
2026-03-19 16:07:54,CVB-003,Fault,1.44,44.53,12.71,901.95,4.5,E23,0,0
2026-03-19 16:17:54,CVB-003,Running,1.29,58.83,23.34,1036.76,1.9,,36.3,63.3
2026-03-19 16:27:54,CVB-003,Running,1.67,79.65,22.98,852.7,1.4,,39.6,89.5
2026-03-19 16:37:54,CVB-003,Running,0.7,44.29,15.16,1088.26,1.03,,30.0,70.0
2026-03-19 16:47:54,CVB-003,Running,1.1,57.5,24.93,1138.33,1.5,,37.7,74.2
2026-03-19 16:57:54,CVB-003,Running,1.47,43.75,25.99,565.15,1.18,,32.7,63.6
2026-03-19 17:07:54,CVB-003,Running,1.06,88.83,13.14,662.33,2.92,,41.7,79.3
2026-03-19 17:17:54,CVB-003,Running,0.92,41.22,5.6,1036.25,1.56,,43.5,61.2
2026-03-19 17:27:54,CVB-003,Running,1.19,43.62,16.15,1055.07,0.89,,36.3,65.0
2026-03-19 17:37:54,CVB-003,Fault,0.58,54.75,36.96,1143.76,1.84,E24,0,0
2026-03-19 17:47:54,CVB-003,Running,1.13,46.25,6.71,938.16,2.59,,32.9,64.9
2026-03-19 17:57:54,CVB-003,Running,0.9,41.74,22.8,1162.65,1.63,,30.2,88.2
2026-03-19 18:07:54,CVB-003,Running,0.58,45.48,15.8,1107.2,1.19,,44.0,90.7
2026-03-19 18:17:54,CVB-003,Running,1.13,46.52,7.5,862.96,1.13,,28.8,62.2
2026-03-19 18:27:54,CVB-003,Running,1.43,38.25,7.95,871.72,0.56,,34.6,61.2
2026-03-19 18:37:54,CVB-003,Running,1.25,54.77,22.57,843.2,0.4,,28.1,72.6
2026-03-19 18:47:54,CVB-003,Running,0.73,33.51,15.3,965.48,1.93,,32.9,65.2
2026-03-19 18:57:54,CVB-003,Running,1.23,30.27,26.03,908.35,1.57,,41.5,69.7
2026-03-19 19:07:54,CVB-003,Running,1.3,31.24,23.52,888.98,1.66,,42.3,76.3
2026-03-19 19:17:54,CVB-003,Running,1.09,57.57,20.13,534.43,0.55,,36.4,92.9
2026-03-19 19:27:54,CVB-003,Running,1.4,50.09,24.2,1026.74,0.83,,33.8,76.2
2026-03-19 19:37:54,CVB-003,Running,1.25,38.68,15.08,912.9,0.89,,31.6,84.6
2026-03-19 19:47:54,CVB-003,Running,1.45,59.96,21.48,924.33,0.52,,33.6,62.4
2026-03-19 19:57:54,CVB-003,Fault,1.03,37.46,32.37,934.56,1.55,E28,0,0
2026-03-19 20:07:54,CVB-003,Running,1.49,48.91,12.58,538.55,1.14,,39.8,77.5
2026-03-19 20:17:54,CVB-003,Running,1.7,77.09,18.68,1086.71,0.91,,34.3,86.3
2026-03-19 20:27:54,CVB-003,Running,0.63,31.38,19.24,902.77,0.67,,30.1,88.2
2026-03-19 20:37:54,CVB-003,Running,1.78,53.64,12.64,1083.13,1.88,,38.1,81.4
2026-03-19 20:47:54,CVB-003,Running,1.31,44.5,9.86,1032.25,1.36,,35.9,63.2
2026-03-19 20:57:54,CVB-003,Running,1.25,42.1,17.0,1095.56,0.91,,35.0,62.4
2026-03-19 21:07:54,CVB-003,Running,1.01,49.05,23.96,1123.6,0.92,,36.5,68.9
2026-03-19 21:17:54,CVB-003,Running,1.48,35.1,16.67,775.95,0.57,,42.8,71.3
2026-03-19 21:27:54,CVB-003,Running,1.43,41.59,7.35,1176.72,1.84,,34.7,76.2
2026-03-19 21:37:54,CVB-003,Fault,1.22,30.26,35.22,1199.21,0.98,E28,0,0
2026-03-19 21:47:54,CVB-003,Running,1.22,69.7,7.4,1114.98,0.52,,43.8,90.1
2026-03-19 21:57:54,CVB-003,Running,1.37,49.23,20.25,904.57,1.32,,28.2,70.5
2026-03-19 22:07:54,CVB-003,Running,1.14,47.24,20.21,960.35,0.36,,34.0,68.1
2026-03-19 22:17:54,CVB-003,Running,0.75,38.22,21.23,1151.31,0.49,,33.3,90.1
2026-03-19 22:27:54,CVB-003,Fault,0.6,37.25,35.11,1022.93,3.14,E29,0,0
2026-03-19 22:37:54,CVB-003,Running,1.44,40.1,6.9,1090.64,1.87,,41.9,88.2
2026-03-19 22:47:54,CVB-003,Running,1.07,32.93,16.48,841.76,1.0,,34.7,80.2
2026-03-19 22:57:54,CVB-003,Running,0.9,49.69,16.36,1023.6,3.25,,36.3,94.9
2026-03-19 23:07:54,CVB-003,Fault,1.6,69.84,36.38,919.11,1.14,E24,0,0
2026-03-19 23:17:54,CVB-003,Fault,0.51,63.98,31.06,222.5,0.48,E21,0,0
2026-03-19 23:27:54,CVB-003,Running,0.68,68.87,8.13,797.85,0.45,,36.9,73.8
2026-03-19 23:37:54,CVB-003,Fault,0.88,62.93,19.08,451.77,1.42,E22,0,0
2026-03-19 23:47:54,CVB-003,Fault,1.41,56.46,35.63,952.36,0.96,E21,0,0
2026-03-19 23:57:54,CVB-003,Running,0.89,72.72,8.62,1069.85,2.76,,37.6,94.3
2026-03-20 00:07:54,CVB-003,Running,1.41,48.76,20.06,1166.0,0.63,,36.3,60.2
2026-03-20 00:17:54,CVB-003,Idle,1.6,33.83,18.52,1123.35,1.75,,0,0
2026-03-20 00:27:54,CVB-003,Running,0.92,50.34,22.35,968.04,3.39,,39.5,76.6
2026-03-20 00:37:54,CVB-003,Running,1.0,49.15,23.41,1131.71,1.86,,35.0,69.5
2026-03-20 00:47:54,CVB-003,Running,0.67,49.6,18.16,1106.09,0.97,,32.5,71.7
2026-03-20 00:57:54,CVB-003,Running,1.24,40.37,10.3,831.32,1.37,,32.7,75.5
2026-03-20 01:07:54,CVB-003,Running,0.82,94.58,20.49,998.06,0.31,,40.7,81.4
2026-03-20 01:17:54,CVB-003,Running,0.73,43.31,35.53,911.86,0.36,,34.4,78.6
2026-03-20 01:27:54,CVB-003,Idle,1.03,53.21,17.14,1040.33,1.56,,0,0
2026-03-20 01:37:54,CVB-003,Fault,1.31,88.32,24.35,834.94,5.7,E25,0,0
2026-03-20 01:47:54,CVB-003,Running,0.81,81.07,12.22,1013.19,1.03,,33.0,73.8
2026-03-20 01:57:54,CVB-003,Running,0.93,69.91,12.88,814.94,1.76,,36.3,88.8
2026-03-20 02:07:54,CVB-003,Running,0.97,78.92,19.17,913.47,0.39,,31.0,77.1
2026-03-20 02:17:54,CVB-003,Running,1.74,83.11,12.83,904.95,1.11,,31.4,66.9
2026-03-20 02:27:54,CVB-003,Running,1.33,40.54,11.43,948.48,1.1,,42.5,60.8
2026-03-20 02:37:54,CVB-003,Running,0.84,55.65,5.63,811.6,1.2,,40.9,62.1
2026-03-20 02:47:54,CVB-003,Running,1.75,57.21,26.12,1153.22,0.46,,29.9,66.6
2026-03-20 02:57:54,CVB-003,Running,0.86,50.84,18.44,1186.41,0.72,,36.5,60.3
2026-03-20 03:07:54,CVB-003,Idle,1.01,49.57,25.31,961.78,0.5,,0,0
2026-03-20 03:17:54,CVB-003,Fault,0.54,91.83,15.76,976.55,1.17,E21,0,0
2026-03-20 03:27:54,CVB-003,Fault,1.02,48.5,22.32,1076.04,4.23,E23,0,0
2026-03-20 03:37:54,CVB-003,Running,1.01,37.57,16.08,897.94,0.96,,32.2,93.2
2026-03-20 03:47:54,CVB-003,Running,1.24,54.97,23.96,1155.5,1.42,,44.9,80.6
2026-03-20 03:57:54,CVB-003,Fault,2.2,31.35,12.43,413.97,1.02,E21,0,0
2026-03-20 04:07:54,CVB-003,Fault,0.86,66.48,33.04,1063.36,0.63,E30,0,0
2026-03-20 04:17:54,CVB-003,Fault,0.67,63.99,10.29,273.45,1.39,E26,0,0
2026-03-20 04:27:54,CVB-003,Fault,1.29,72.7,23.49,243.79,1.34,E29,0,0
2026-03-20 04:37:54,CVB-003,Running,0.83,86.92,31.63,815.59,1.75,,43.4,70.5
2026-03-20 04:47:54,CVB-003,Fault,1.28,88.56,23.19,1012.27,0.67,E28,0,0
2026-03-20 04:57:54,CVB-003,Running,0.99,38.18,23.82,1132.41,1.46,,42.1,73.1
2026-03-20 05:07:54,CVB-003,Running,1.55,57.14,22.41,909.8,0.9,,36.6,66.5
2026-03-20 05:17:54,CVB-003,Running,1.15,60.96,18.23,771.58,0.71,,30.1,74.8
2026-03-20 05:27:54,CVB-003,Fault,1.33,42.13,14.07,739.76,5.27,E29,0,0
2026-03-20 05:37:54,CVB-003,Running,1.24,63.81,15.21,902.12,0.79,,33.7,75.5
2026-03-20 05:47:54,CVB-003,Running,1.1,61.35,21.0,947.31,1.17,,36.6,84.9
2026-03-20 05:57:54,CVB-003,Running,0.95,42.0,14.04,997.26,1.79,,42.9,64.1
2026-03-20 06:07:54,CVB-003,Fault,0.95,59.47,9.97,1046.28,3.66,E26,0,0
2026-03-20 06:17:54,CVB-003,Running,1.1,63.29,19.74,906.06,1.82,,30.3,83.7
2026-03-20 06:27:54,CVB-003,Running,0.92,34.7,16.72,811.95,1.07,,38.6,87.7
2026-03-20 06:37:54,CVB-003,Running,0.62,61.03,7.95,944.18,1.9,,44.1,84.3
2026-03-20 06:47:54,CVB-003,Running,0.6,55.48,27.37,934.56,0.79,,44.4,91.1
2026-03-20 06:57:54,CVB-003,Running,0.94,34.92,24.13,881.41,1.88,,44.5,86.8
2026-03-20 07:07:54,CVB-003,Running,0.55,54.51,11.03,1032.21,4.54,,29.4,63.1
2026-03-20 07:17:54,CVB-003,Idle,1.18,60.64,30.03,892.61,0.95,,0,0
2026-03-20 07:27:54,CVB-003,Running,1.18,32.74,5.72,1185.41,1.16,,39.5,94.3
2026-03-20 07:37:54,CVB-003,Fault,1.95,37.88,25.76,869.28,0.78,E24,0,0
2026-03-20 07:47:54,CVB-003,Running,1.23,67.62,15.0,772.89,1.81,,38.8,78.2
2026-03-20 07:57:54,CVB-003,Running,1.49,77.98,10.94,979.92,3.13,,35.3,68.7
2026-03-20 08:07:54,CVB-003,Running,1.38,59.57,10.98,874.24,1.6,,36.2,65.2
2026-03-20 08:17:54,CVB-003,Running,0.81,40.31,8.88,866.58,1.69,,35.5,87.5
2026-03-20 08:27:54,CVB-003,Running,0.59,48.97,11.05,867.51,1.06,,43.8,69.0
2026-03-20 08:37:54,CVB-003,Running,0.72,54.66,6.84,1123.23,1.41,,32.7,93.0
2026-03-20 08:47:54,CVB-003,Running,1.29,30.44,16.31,1106.27,0.96,,41.7,62.2
2026-03-20 08:57:54,CVB-003,Running,1.16,63.59,20.81,1108.84,1.8,,34.5,77.2
2026-03-20 09:07:54,CVB-003,Running,0.55,39.22,20.47,616.04,0.65,,43.6,84.7
2026-03-20 09:17:54,CVB-003,Running,1.46,39.78,20.74,954.02,1.81,,35.6,74.0
2026-03-20 09:27:54,CVB-003,Running,1.42,63.03,12.71,821.64,0.41,,43.6,82.3
2026-03-20 09:37:54,CVB-003,Fault,0.92,67.63,24.36,866.24,4.53,E27,0,0
2026-03-20 09:47:54,CVB-003,Running,1.38,37.1,26.06,1004.04,1.08,,34.3,61.8
2026-03-20 09:57:54,CVB-003,Fault,1.13,84.57,23.88,302.1,0.47,E29,0,0
2026-03-20 10:07:54,CVB-003,Running,1.04,69.56,21.66,1000.28,1.83,,44.9,66.5
2026-03-20 10:17:54,CVB-003,Running,1.09,61.18,9.09,620.66,1.56,,44.5,85.8
2026-03-20 10:27:54,CVB-003,Running,0.54,54.13,11.99,1061.73,0.8,,34.9,81.6
2026-03-20 10:37:54,CVB-003,Running,2.14,58.13,17.41,533.92,0.84,,28.8,93.0
2026-03-20 10:47:54,CVB-003,Running,1.99,59.68,9.42,804.34,1.83,,37.3,76.0
2026-03-20 10:57:54,CVB-003,Running,1.44,34.41,9.78,817.49,1.34,,32.2,63.0
2026-03-20 11:07:54,CVB-003,Running,0.91,31.73,13.03,1187.21,0.34,,32.3,71.4
2026-03-20 11:17:54,CVB-003,Running,0.92,65.77,13.1,1098.96,1.53,,28.1,93.6
2026-03-20 11:27:54,CVB-003,Running,1.35,66.93,5.83,927.68,1.61,,29.4,78.3
2026-03-20 11:37:54,CVB-003,Idle,1.64,73.04,33.93,556.29,3.14,,0,0
2026-03-20 11:47:54,CVB-003,Fault,1.58,93.74,32.66,599.25,3.34,E24,0,0
2026-03-20 11:57:54,CVB-003,Fault,1.84,85.48,35.17,424.96,2.94,E22,0,0
2026-03-20 12:07:54,CVB-003,Fault,1.86,86.03,31.34,291.43,5.45,E30,0,0
2026-03-20 12:17:54,CVB-003,Fault,1.91,80.85,35.33,501.95,5.43,E24,0,0
2026-03-20 12:27:54,CVB-003,Fault,2.15,97.29,25.84,579.06,4.62,E23,0,0
2026-03-20 12:37:54,CVB-003,Running,1.98,81.2,32.89,411.13,2.25,,31.8,67.4
2026-03-20 12:47:54,CVB-003,Fault,1.75,71.39,30.93,358.76,5.01,E26,0,0
2026-03-20 12:57:54,CVB-003,Fault,1.65,84.52,26.67,520.76,4.37,E30,0,0
2026-03-20 13:07:54,CVB-003,Fault,1.95,72.84,25.52,498.51,5.11,E30,0,0
2026-03-20 13:17:54,CVB-003,Running,1.58,90.79,30.61,497.83,3.87,,43.8,72.9
2026-03-20 13:27:54,CVB-003,Fault,2.0,75.73,36.61,460.8,5.7,E23,0,0
2026-03-20 13:37:54,CVB-003,Running,1.72,93.71,27.87,793.46,2.99,,29.1,79.6
2026-03-20 13:47:54,CVB-003,Fault,2.15,70.4,31.58,451.53,3.67,E30,0,0
2026-03-20 13:57:54,CVB-003,Running,2.02,70.73,31.96,321.86,3.56,,39.3,78.3
2026-03-20 14:07:54,CVB-003,Fault,2.0,85.75,36.71,315.71,5.9,E26,0,0
2026-03-20 14:17:54,CVB-003,Fault,2.06,83.63,32.23,260.68,4.99,E30,0,0
2026-03-20 14:27:54,CVB-003,Running,1.8,72.24,38.53,791.28,4.1,,43.9,83.2
2026-03-20 14:37:54,CVB-003,Running,1.72,79.15,32.39,327.32,3.32,,36.0,72.7
2026-03-20 14:47:54,CVB-003,Running,1.85,95.9,35.59,649.74,2.56,,39.3,93.1
2026-03-20 14:57:54,CVB-003,Fault,1.59,90.59,29.13,553.23,3.59,E24,0,0
2026-03-20 15:07:54,CVB-003,Fault,1.95,94.61,35.05,373.2,5.91,E24,0,0
2026-03-20 15:17:54,CVB-003,Running,2.07,86.14,28.35,296.28,3.83,,36.1,68.1
2026-03-20 15:27:54,CVB-003,Fault,1.93,87.57,37.4,786.83,4.76,E29,0,0
2026-03-20 15:37:54,CVB-003,Fault,2.04,72.95,25.86,492.07,2.21,E28,0,0
2026-03-20 15:47:54,CVB-003,Running,1.65,98.99,28.97,416.37,2.56,,33.4,93.8
2026-03-20 15:57:54,CVB-003,Fault,1.65,97.68,34.41,237.66,4.25,E26,0,0
2026-03-20 16:07:54,CVB-003,Fault,2.17,95.35,32.25,469.98,3.63,E21,0,0
2026-03-20 16:17:54,CVB-003,Fault,1.56,97.82,34.82,464.62,4.0,E29,0,0
2026-03-20 16:27:54,CVB-003,Fault,2.13,85.07,34.52,371.79,5.44,E25,0,0
2026-03-20 16:37:54,CVB-003,Fault,1.84,71.01,38.86,677.9,3.98,E30,0,0
2026-03-20 16:47:54,CVB-003,Fault,2.17,97.76,28.53,684.49,3.41,E24,0,0
2026-03-20 16:57:54,CVB-003,Fault,1.73,78.79,39.77,358.6,3.33,E22,0,0
2026-03-20 17:07:54,CVB-003,Running,2.0,74.49,32.43,493.3,5.6,,31.2,89.1
2026-03-20 17:17:54,CVB-003,Running,1.93,87.44,31.73,602.5,4.47,,39.3,79.9
2026-03-20 17:27:54,CVB-003,Running,2.13,91.67,26.6,473.92,3.2,,32.4,84.0
2026-03-20 17:37:54,CVB-003,Fault,1.52,96.87,28.68,515.44,5.43,E24,0,0
2026-03-20 17:47:54,CVB-003,Fault,1.83,81.07,25.0,287.32,4.34,E29,0,0
2026-03-20 17:57:54,CVB-003,Fault,2.04,94.97,37.86,580.94,5.19,E26,0,0
2026-03-20 18:07:54,CVB-003,Fault,1.5,99.71,39.37,329.33,2.48,E30,0,0
2026-03-20 18:17:54,CVB-003,Fault,1.95,87.56,34.63,591.21,3.71,E22,0,0
2026-03-20 18:27:54,CVB-003,Running,1.53,93.56,26.89,233.05,3.71,,39.8,73.9
2026-03-20 18:37:54,CVB-003,Fault,1.88,97.82,33.23,748.65,2.05,E21,0,0
2026-03-20 18:47:54,CVB-003,Fault,2.05,89.54,36.95,488.11,4.41,E22,0,0
2026-03-20 18:57:54,CVB-003,Running,1.54,96.99,37.3,400.41,3.43,,32.6,82.4
2026-03-20 19:07:54,CVB-003,Running,2.16,96.94,28.92,228.53,4.79,,34.1,89.0
2026-03-20 19:17:54,CVB-003,Running,1.87,74.35,39.47,718.18,5.32,,31.0,73.8
2026-03-20 19:27:54,CVB-003,Running,1.69,72.37,27.19,790.26,2.24,,35.5,61.4
2026-03-20 19:37:54,CVB-003,Fault,1.95,87.02,26.39,780.1,3.13,E27,0,0
2026-03-20 19:47:54,CVB-003,Running,1.41,68.85,22.91,1145.3,2.67,,41.5,89.5
2026-03-20 19:57:54,CVB-003,Running,1.57,31.43,22.09,401.96,1.32,,30.5,87.9
2026-03-20 20:07:54,CVB-003,Running,0.64,47.29,6.29,1066.57,1.44,,36.3,89.5
2026-03-20 20:17:54,CVB-003,Running,1.45,39.36,18.99,1063.03,0.59,,37.8,91.8
2026-03-20 20:27:54,CVB-003,Running,1.47,61.08,18.02,991.24,1.86,,39.1,68.1
2026-03-20 20:37:54,CVB-003,Running,0.96,33.16,12.34,1128.25,1.46,,39.5,82.8
2026-03-20 20:47:54,CVB-003,Running,0.81,32.28,35.75,1062.18,0.94,,41.2,70.4
2026-03-20 20:57:54,CVB-003,Running,1.08,66.52,11.93,966.46,0.51,,37.3,60.4
2026-03-20 21:07:54,CVB-003,Running,1.08,81.72,10.59,1099.3,0.93,,29.7,88.6
2026-03-20 21:17:54,CVB-003,Running,1.21,54.49,6.93,1063.78,1.87,,43.6,60.9
2026-03-20 21:27:54,CVB-003,Running,0.81,73.46,23.63,1102.52,0.32,,40.5,68.8
2026-03-20 21:37:54,CVB-003,Running,1.0,35.69,7.69,994.75,1.68,,44.3,94.8
2026-03-20 21:47:54,CVB-003,Running,1.46,38.66,7.24,976.54,1.78,,39.1,80.0
2026-03-20 21:57:54,CVB-003,Running,1.44,47.72,19.98,1181.69,1.84,,33.4,80.3
2026-03-20 22:07:54,CVB-003,Running,1.36,38.7,29.24,895.44,1.83,,36.6,65.7
2026-03-20 22:17:54,CVB-003,Running,1.32,43.37,22.77,810.54,1.88,,41.6,68.5
2026-03-20 22:27:54,CVB-003,Fault,1.05,33.71,32.36,545.92,2.38,E28,0,0
2026-03-20 22:37:54,CVB-003,Running,1.66,32.51,14.41,1117.02,1.59,,38.3,76.7
2026-03-20 22:47:54,CVB-003,Running,0.51,68.51,17.88,902.33,0.82,,28.7,72.6
2026-03-20 22:57:54,CVB-003,Running,1.3,45.8,29.4,536.59,0.87,,37.7,64.7
2026-03-20 23:07:54,CVB-003,Running,1.26,57.39,9.64,969.31,1.48,,29.4,73.2
2026-03-20 23:17:54,CVB-003,Running,1.21,54.0,23.82,1086.13,1.7,,36.1,75.3
2026-03-20 23:27:54,CVB-003,Running,0.56,48.59,30.53,833.61,0.68,,38.8,65.6
2026-03-20 23:37:54,CVB-003,Fault,0.98,90.42,11.38,963.96,1.71,E28,0,0
2026-03-20 23:47:54,CVB-003,Idle,0.72,78.33,14.97,1062.93,1.54,,0,0
2026-03-20 23:57:54,CVB-003,Running,1.3,49.38,11.63,1027.49,1.22,,39.2,85.2
2026-03-21 00:07:54,CVB-003,Fault,2.16,54.04,16.67,1069.71,0.35,E29,0,0
2026-03-21 00:17:54,CVB-003,Running,0.92,35.61,28.28,1107.09,1.25,,28.9,91.3
2026-03-21 00:27:54,CVB-003,Running,1.15,60.23,10.34,1139.77,1.9,,38.1,74.5
2026-03-21 00:37:54,CVB-003,Running,1.47,51.52,23.54,1086.32,1.96,,41.0,61.1
2026-03-21 00:47:54,CVB-003,Running,2.11,30.37,20.38,997.8,1.98,,29.8,75.5
2026-03-21 00:57:54,CVB-003,Fault,1.04,99.15,31.21,1194.23,1.0,E27,0,0
2026-03-21 01:07:54,CVB-003,Running,0.77,35.04,21.47,823.72,1.23,,30.0,60.5
2026-03-21 01:17:54,CVB-003,Idle,1.64,39.24,14.26,585.58,1.64,,0,0
2026-03-21 01:27:54,CVB-003,Running,0.81,46.93,24.84,1062.91,1.68,,40.8,82.4
2026-03-21 01:37:54,CVB-003,Running,1.74,69.3,13.85,1096.27,1.27,,42.3,65.6
2026-03-21 01:47:54,CVB-003,Running,0.78,34.21,8.83,627.8,0.72,,41.8,92.3
2026-03-21 01:57:54,CVB-003,Running,1.32,81.81,12.34,745.06,2.37,,40.9,69.5
2026-03-21 02:07:54,CVB-003,Running,0.65,62.24,5.57,1187.0,0.66,,29.6,82.7
2026-03-21 02:17:54,CVB-003,Idle,0.62,40.31,7.27,1160.39,0.35,,0,0
2026-03-21 02:27:54,CVB-003,Running,1.72,38.16,12.21,830.15,0.75,,35.2,92.5
2026-03-21 02:37:54,CVB-003,Running,1.45,44.62,10.31,1109.98,3.25,,39.7,83.4
2026-03-21 02:47:54,CVB-003,Running,1.22,59.38,19.04,1140.41,0.66,,44.9,71.1
2026-03-21 02:57:54,CVB-003,Running,0.9,55.65,15.68,1044.82,1.42,,31.1,66.7
2026-03-21 03:07:54,CVB-003,Running,1.06,63.02,18.87,1094.72,1.79,,36.8,71.8
2026-03-21 03:17:54,CVB-003,Running,1.0,77.46,6.76,1156.69,1.67,,41.4,88.8
2026-03-21 03:27:54,CVB-003,Running,0.86,58.05,14.65,1163.9,0.75,,28.6,74.9
2026-03-21 03:37:54,CVB-003,Fault,0.55,93.52,23.48,1018.53,1.56,E26,0,0
2026-03-21 03:47:54,CVB-003,Running,1.0,61.41,16.25,1146.14,0.95,,30.4,60.8
2026-03-21 03:57:54,CVB-003,Running,0.52,44.42,12.08,974.03,2.65,,44.9,89.9
2026-03-21 04:07:54,CVB-003,Fault,0.64,40.11,36.51,854.43,1.82,E28,0,0
2026-03-21 04:17:54,CVB-003,Running,0.62,32.27,6.17,1099.81,1.62,,39.5,80.9
2026-03-21 04:27:54,CVB-003,Running,0.76,36.18,12.15,897.12,3.28,,32.5,74.5
2026-03-21 04:37:54,CVB-003,Running,1.43,57.95,19.23,982.57,0.5,,31.3,63.8
2026-03-21 04:47:54,CVB-003,Running,0.79,56.35,19.59,853.09,1.46,,30.7,81.0
2026-03-21 04:57:54,CVB-003,Idle,1.36,49.03,27.86,1084.2,0.77,,0,0
2026-03-21 05:07:54,CVB-003,Running,0.89,33.97,12.56,1182.8,0.9,,40.0,88.2
2026-03-21 05:17:54,CVB-003,Running,1.1,96.62,17.73,867.88,1.19,,41.3,91.5
2026-03-21 05:27:54,CVB-003,Running,1.29,55.0,10.3,891.69,1.8,,41.4,85.0
2026-03-21 05:37:54,CVB-003,Running,0.72,59.85,21.5,816.43,0.3,,30.8,69.0
2026-03-21 05:47:54,CVB-003,Running,1.13,57.88,22.54,953.06,1.71,,36.4,72.6
2026-03-21 05:57:54,CVB-003,Fault,0.75,44.24,36.54,1022.45,1.43,E26,0,0
2026-03-21 06:07:54,CVB-003,Running,1.69,48.68,23.09,539.05,0.63,,44.0,86.0
2026-03-21 06:17:54,CVB-003,Running,0.55,36.4,18.4,1042.61,1.48,,35.0,85.1
2026-03-21 06:27:54,CVB-003,Running,1.82,31.1,14.55,1177.51,1.29,,31.1,80.9
2026-03-21 06:37:54,CVB-003,Running,0.82,31.51,6.51,1048.27,1.36,,44.1,64.0
2026-03-21 06:47:54,CVB-003,Fault,1.29,87.51,39.49,822.67,0.31,E22,0,0
2026-03-21 06:57:54,CVB-003,Fault,0.51,59.37,9.42,333.11,1.02,E29,0,0
2026-03-21 07:07:54,CVB-003,Running,0.98,51.65,5.1,1101.22,0.37,,43.4,66.2
2026-03-21 07:17:54,CVB-003,Running,0.91,45.73,15.03,841.75,0.79,,28.7,87.8
2026-03-21 07:27:54,CVB-003,Running,1.15,56.49,18.64,1162.67,1.13,,39.3,92.5
2026-03-21 07:37:54,CVB-003,Idle,0.7,41.46,22.58,1100.86,0.74,,0,0
2026-03-21 07:47:54,CVB-003,Running,1.18,57.8,19.72,1078.59,0.91,,32.6,62.6
2026-03-21 07:57:54,CVB-003,Running,0.55,67.49,8.02,1179.85,1.36,,35.7,81.4
2026-03-21 08:07:54,CVB-003,Running,0.95,84.51,9.26,972.46,1.45,,45.0,92.4
2026-03-21 08:17:54,CVB-003,Running,0.75,51.86,5.05,388.48,0.89,,34.3,87.5
2026-03-21 08:27:54,CVB-003,Running,0.93,53.58,21.67,1176.19,1.95,,36.0,67.3
2026-03-21 08:37:54,CVB-003,Fault,1.0,45.58,8.69,755.79,4.88,E29,0,0
2026-03-21 08:47:54,CVB-003,Running,0.85,44.7,11.1,955.34,4.95,,42.9,71.7
2026-03-21 08:57:54,CVB-003,Running,1.04,54.23,9.11,1164.02,3.37,,38.8,71.8
2026-03-21 09:07:54,CVB-003,Running,1.09,59.29,17.33,1199.19,1.52,,44.4,85.8
2026-03-21 09:17:54,CVB-003,Running,0.93,89.09,21.63,899.01,1.99,,29.3,90.4
2026-03-21 09:27:54,CVB-003,Running,0.81,37.88,6.65,1130.37,0.71,,35.8,66.5
2026-03-21 09:37:54,CVB-003,Running,1.61,49.59,5.12,1188.89,1.04,,30.5,86.6
2026-03-21 09:47:54,CVB-003,Running,0.81,49.56,9.68,532.65,1.16,,35.1,84.8
2026-03-21 09:57:54,CVB-003,Running,0.67,35.45,16.52,1120.4,1.69,,33.3,87.5
2026-03-21 10:07:54,CVB-003,Fault,2.08,64.45,18.92,909.24,1.87,E28,0,0
2026-03-21 10:17:54,CVB-003,Running,0.98,63.11,19.68,1078.29,0.8,,38.0,68.1
2026-03-21 10:27:54,CVB-003,Running,1.53,59.54,18.06,1114.76,1.07,,43.8,88.6
2026-03-21 10:37:54,CVB-003,Running,0.88,49.23,16.24,1000.05,0.88,,38.0,70.9
2026-03-21 10:47:54,CVB-003,Running,1.43,75.46,17.46,1011.69,1.15,,36.0,70.5
2026-03-21 10:57:54,CVB-003,Running,0.67,57.48,18.85,1042.93,1.21,,31.9,78.4
2026-03-21 11:07:54,CVB-003,Running,0.78,82.01,13.3,880.87,3.91,,28.9,63.1
2026-03-21 11:17:54,CVB-003,Idle,1.5,39.56,22.94,533.61,0.75,,0,0
2026-03-21 11:27:54,CVB-003,Running,1.0,50.92,7.67,861.39,0.88,,35.0,76.0
2026-03-21 11:37:54,CVB-003,Running,0.95,38.44,28.17,1018.48,1.08,,39.2,71.5
2026-03-21 11:47:54,CVB-003,Running,1.46,47.28,18.14,1136.39,1.28,,40.7,75.3
2026-03-21 11:57:54,CVB-003,Running,0.96,35.63,12.74,536.8,1.29,,42.0,85.7
2026-03-21 12:07:54,CVB-003,Running,1.36,42.26,19.07,878.37,1.46,,30.3,78.4
2026-03-21 12:17:54,CVB-003,Idle,0.62,48.3,16.29,1154.58,3.22,,0,0
2026-03-21 12:27:54,CVB-003,Running,1.43,62.53,6.16,1048.06,1.56,,42.2,66.6
2026-03-21 12:37:54,CVB-003,Running,0.95,71.93,21.03,1028.85,1.83,,34.5,88.9
2026-03-21 12:47:54,CVB-003,Running,1.22,37.31,35.13,886.83,1.32,,36.9,70.1
2026-03-21 12:57:54,CVB-003,Running,0.88,56.94,26.94,1057.28,1.91,,37.0,69.9
2026-03-21 13:07:54,CVB-003,Running,1.39,83.26,8.79,819.71,0.32,,38.2,85.8
2026-03-21 13:17:54,CVB-003,Running,0.68,78.76,16.3,809.78,0.31,,31.4,60.8
2026-03-21 13:27:54,CVB-003,Running,0.97,78.36,11.57,1175.48,1.78,,38.9,77.1
2026-03-21 13:37:54,CVB-003,Running,0.76,47.5,14.52,928.2,0.48,,29.7,91.8
2026-03-21 13:47:54,CVB-003,Running,0.61,39.88,20.44,851.01,1.09,,30.4,62.4
2026-03-21 13:57:54,CVB-003,Running,1.69,40.19,17.73,974.67,1.75,,38.4,91.0
2026-03-21 14:07:54,CVB-003,Idle,1.39,48.93,22.69,1132.54,1.33,,0,0
2026-03-21 14:17:54,CVB-003,Running,0.61,35.92,16.99,1115.0,1.44,,32.9,66.3
2026-03-21 14:27:54,CVB-003,Running,0.59,37.48,21.66,1142.55,0.85,,28.1,69.7
2026-03-21 14:37:54,CVB-003,Running,0.89,45.69,9.21,1111.25,1.01,,30.5,84.2
2026-03-21 14:47:54,CVB-003,Running,1.21,48.54,23.4,959.19,0.84,,28.8,82.0
2026-03-21 14:57:54,CVB-003,Idle,1.42,42.78,6.13,875.34,0.67,,0,0
2026-03-21 15:07:54,CVB-003,Running,1.4,38.47,11.84,969.65,1.88,,32.8,72.9
2026-03-21 15:17:54,CVB-003,Running,0.98,42.36,5.56,1121.37,0.67,,41.9,72.4
2026-03-21 15:27:54,CVB-003,Running,1.26,64.55,21.45,589.01,0.64,,33.3,67.1
2026-03-21 15:37:54,CVB-003,Running,1.26,50.59,30.1,958.35,0.91,,34.1,80.3
2026-03-21 15:47:54,CVB-003,Running,0.91,83.93,23.37,887.57,0.56,,34.7,69.5
2026-03-21 15:57:54,CVB-003,Fault,0.64,87.4,7.56,579.67,1.86,E24,0,0
2026-03-21 16:07:54,CVB-003,Running,0.63,46.53,10.69,922.75,2.93,,37.3,67.7
2026-03-21 16:17:54,CVB-003,Running,0.68,34.87,9.01,859.44,1.44,,30.8,82.3
2026-03-21 16:27:54,CVB-003,Fault,2.09,67.77,12.88,904.12,1.04,E30,0,0
2026-03-21 16:37:54,CVB-003,Running,0.7,78.19,9.25,917.62,1.08,,28.9,94.2
2026-03-21 16:47:54,CVB-003,Running,0.81,69.22,11.17,972.57,0.31,,38.8,67.4
2026-03-21 16:57:54,CVB-003,Running,0.66,44.24,15.59,872.31,1.03,,41.5,73.2
2026-03-21 17:07:54,CVB-003,Running,1.35,66.52,13.96,995.14,0.82,,35.0,78.9
2026-03-21 17:17:54,CVB-003,Running,1.21,32.19,14.35,1068.79,1.38,,44.6,74.6
2026-03-21 17:27:54,CVB-003,Running,1.61,41.93,12.73,1192.13,0.97,,37.3,86.5
2026-03-21 17:37:54,CVB-003,Running,1.2,67.71,8.39,1041.63,1.81,,39.6,87.9
2026-03-21 17:47:54,CVB-003,Running,1.41,50.81,19.15,834.67,0.76,,44.6,68.0
2026-03-21 17:57:54,CVB-003,Running,1.37,51.78,16.59,987.57,1.67,,41.4,67.1
2026-03-21 18:07:54,CVB-003,Idle,1.1,55.27,21.14,702.03,1.88,,0,0
2026-03-21 18:17:54,CVB-003,Fault,0.6,37.22,33.23,945.52,1.88,E27,0,0
2026-03-21 18:27:54,CVB-003,Fault,1.19,41.64,36.43,645.51,0.51,E27,0,0
2026-03-21 18:37:54,CVB-003,Running,0.53,79.34,22.95,839.07,1.13,,43.4,84.4
2026-03-21 18:47:54,CVB-003,Running,2.08,56.25,20.04,638.87,1.73,,31.0,70.3
2026-03-21 18:57:54,CVB-003,Running,0.74,61.37,20.56,773.94,1.52,,38.5,64.0
2026-03-21 19:07:54,CVB-003,Fault,0.56,52.1,35.86,874.55,4.14,E24,0,0
2026-03-21 19:17:54,CVB-003,Running,1.23,64.44,19.54,1085.36,0.6,,29.9,83.3
2026-03-21 19:27:54,CVB-003,Running,1.95,58.41,18.96,855.53,0.9,,34.1,82.9
2026-03-21 19:37:54,CVB-003,Running,1.55,33.95,11.93,1011.65,0.67,,36.4,60.9
2026-03-21 19:47:54,CVB-003,Running,0.58,34.43,24.74,1131.73,1.55,,28.1,71.2
2026-03-21 19:57:54,CVB-003,Fault,1.01,60.16,9.68,251.33,0.81,E26,0,0
2026-03-21 20:07:54,CVB-003,Idle,1.36,56.95,8.95,912.4,3.0,,0,0
2026-03-21 20:17:54,CVB-003,Running,0.82,50.07,10.82,978.63,1.14,,35.7,77.2
2026-03-21 20:27:54,CVB-003,Running,1.06,69.85,12.85,1132.31,1.17,,40.2,60.3
2026-03-21 20:37:54,CVB-003,Running,0.66,55.65,9.85,1019.4,0.5,,43.4,64.6
2026-03-21 20:47:54,CVB-003,Fault,0.59,63.06,13.54,953.34,5.71,E26,0,0
2026-03-21 20:57:54,CVB-003,Fault,1.92,32.57,17.76,1142.34,0.43,E21,0,0
2026-03-21 21:07:54,CVB-003,Running,0.77,62.48,13.71,962.22,1.42,,44.2,87.8
2026-03-21 21:17:54,CVB-003,Running,0.95,31.01,15.86,573.94,1.19,,43.5,63.5
2026-03-21 21:27:54,CVB-003,Running,1.34,43.41,20.91,975.59,1.29,,32.6,74.0
2026-03-21 21:37:54,CVB-003,Running,1.99,61.61,11.13,769.85,1.09,,30.6,67.2
2026-03-21 21:47:54,CVB-003,Fault,2.08,39.2,22.48,1062.85,0.62,E30,0,0
2026-03-21 21:57:54,CVB-003,Running,1.14,37.3,16.28,894.29,1.15,,44.3,81.7
2026-03-21 22:07:54,CVB-003,Fault,0.69,43.58,18.69,410.01,1.82,E30,0,0
2026-03-21 22:17:54,CVB-003,Running,1.17,54.26,20.32,914.4,1.07,,32.0,85.3
2026-03-21 22:27:54,CVB-003,Running,1.18,39.59,30.13,981.59,1.95,,33.7,94.3
2026-03-21 22:37:54,CVB-003,Running,0.73,30.12,8.16,964.4,0.76,,32.5,90.7
2026-03-21 22:47:54,CVB-003,Running,1.62,65.29,8.54,884.71,1.78,,31.1,67.6
2026-03-21 22:57:54,CVB-003,Running,0.53,44.55,7.34,1060.96,0.76,,30.5,62.7
2026-03-21 23:07:54,CVB-003,Running,0.77,41.72,14.56,1106.12,2.83,,31.1,81.9
2026-03-21 23:17:54,CVB-003,Running,0.74,75.51,7.22,963.15,1.39,,32.3,73.6
2026-03-21 23:27:54,CVB-003,Running,1.1,47.69,19.57,1060.73,1.2,,41.0,79.9
2026-03-21 23:37:54,CVB-003,Fault,1.57,91.97,10.22,1060.37,0.67,E30,0,0
2026-03-21 23:47:54,CVB-003,Running,1.19,43.58,22.77,929.71,0.43,,29.6,68.8
2026-03-21 23:57:54,CVB-003,Running,1.4,49.14,21.52,867.2,0.38,,29.2,69.4
2026-03-22 00:07:54,CVB-003,Running,0.93,53.61,25.19,1037.97,1.57,,38.3,90.8
2026-03-22 00:17:54,CVB-003,Fault,1.36,83.69,19.0,301.45,1.74,E22,0,0
2026-03-22 00:27:54,CVB-003,Fault,0.51,72.47,37.82,966.13,4.14,E28,0,0
2026-03-22 00:37:54,CVB-003,Running,1.43,46.62,22.2,1055.55,2.26,,43.1,69.2
2026-03-22 00:47:54,CVB-003,Running,1.05,31.47,12.9,1041.8,1.94,,32.4,61.1
2026-03-22 00:57:54,CVB-003,Running,1.52,82.57,12.85,889.14,0.72,,43.6,62.4
2026-03-22 01:07:54,CVB-003,Running,1.08,58.19,19.8,1039.85,0.85,,35.4,91.3
2026-03-22 01:17:54,CVB-003,Running,1.2,36.82,11.8,1029.91,1.32,,42.1,73.6
2026-03-22 01:27:54,CVB-003,Running,0.97,33.99,9.37,1069.06,2.01,,42.4,79.9
2026-03-22 01:37:54,CVB-003,Running,0.84,59.68,15.61,1053.07,1.94,,28.3,81.6
2026-03-22 01:47:54,CVB-003,Fault,0.81,66.69,35.89,1118.88,2.13,E27,0,0
2026-03-22 01:57:54,CVB-003,Running,0.64,56.22,15.53,852.26,1.29,,33.9,87.5
2026-03-22 02:07:54,CVB-003,Idle,0.82,43.45,17.82,981.26,1.3,,0,0
2026-03-22 02:17:54,CVB-003,Running,1.39,67.06,11.45,994.34,1.25,,40.4,85.5
2026-03-22 02:27:54,CVB-003,Running,0.83,67.73,19.89,967.72,1.74,,39.2,88.2
2026-03-22 02:37:54,CVB-003,Running,1.35,53.56,8.5,1074.26,1.03,,31.6,81.8
2026-03-22 02:47:54,CVB-003,Idle,1.18,67.42,7.84,1065.91,0.36,,0,0
2026-03-22 02:57:54,CVB-003,Running,1.26,58.58,10.66,1095.92,0.84,,37.2,62.4
2026-03-22 03:07:54,CVB-003,Running,1.18,49.28,11.67,966.89,1.53,,28.4,62.1
2026-03-22 03:17:54,CVB-003,Running,0.52,38.18,6.52,999.27,1.06,,39.1,91.6
2026-03-22 03:27:54,CVB-003,Running,1.39,38.74,10.74,1045.19,1.67,,28.8,68.6
2026-03-22 03:37:54,CVB-003,Running,1.24,32.45,10.84,695.03,1.41,,28.9,66.3
2026-03-22 03:47:54,CVB-003,Running,2.04,38.9,15.81,1073.66,2.87,,44.6,92.6
2026-03-22 03:57:54,CVB-003,Running,0.96,39.61,20.3,924.46,0.86,,31.5,91.5
2026-03-22 04:07:54,CVB-003,Running,1.11,57.83,20.43,843.15,2.57,,33.4,67.2
2026-03-22 04:17:54,CVB-003,Running,1.04,35.41,8.77,832.9,1.57,,44.6,78.2
2026-03-22 04:27:54,CVB-003,Running,1.29,35.73,13.64,969.03,0.78,,38.7,64.3
2026-03-22 04:37:54,CVB-003,Running,0.81,47.48,31.55,1183.67,0.72,,39.2,75.9
2026-03-22 04:47:54,CVB-003,Running,1.39,32.18,6.07,1130.02,0.89,,30.7,85.9
2026-03-22 04:57:54,CVB-003,Running,0.86,48.16,8.22,1014.81,1.6,,29.4,83.4
2026-03-22 05:07:54,CVB-003,Running,1.09,63.21,6.65,933.53,1.57,,32.7,89.3
2026-03-22 05:17:54,CVB-003,Running,1.5,47.3,7.89,802.36,1.95,,42.8,94.2
2026-03-22 05:27:54,CVB-003,Fault,1.24,51.53,14.87,220.74,1.6,E26,0,0
2026-03-22 05:37:54,CVB-003,Running,0.62,45.03,19.97,1101.37,0.54,,33.8,61.6
2026-03-22 05:47:54,CVB-003,Fault,1.0,96.96,6.53,1084.43,1.14,E27,0,0
2026-03-22 05:57:54,CVB-003,Running,1.57,38.86,19.93,851.0,0.45,,34.0,71.3
2026-03-22 06:07:54,CVB-003,Running,0.85,58.7,18.33,850.2,0.98,,36.5,92.2
2026-03-22 06:17:54,CVB-003,Running,1.18,65.38,15.16,1097.09,2.49,,39.5,62.8
2026-03-22 06:27:54,CVB-003,Running,1.06,42.06,26.68,895.59,1.39,,43.0,71.0
2026-03-22 06:37:54,CVB-003,Running,0.62,38.76,13.31,852.68,1.88,,34.3,81.2
2026-03-22 06:47:54,CVB-003,Running,1.54,55.65,16.35,1156.79,1.59,,37.9,79.4
2026-03-22 06:57:54,CVB-003,Running,1.07,55.1,19.79,627.46,0.89,,28.9,84.8
2026-03-22 07:07:54,CVB-003,Running,1.38,37.22,16.27,575.13,1.9,,32.8,80.5
2026-03-22 07:17:54,CVB-003,Running,0.51,38.15,29.24,1000.96,1.09,,28.3,78.3
2026-03-22 07:27:54,CVB-003,Running,0.73,46.8,8.85,939.32,1.39,,35.7,73.7
2026-03-22 07:37:54,CVB-003,Running,0.67,42.38,30.59,1135.24,0.67,,36.0,60.6
2026-03-22 07:47:54,CVB-003,Running,0.81,58.38,18.9,1099.26,1.46,,33.8,74.5
2026-03-22 07:57:54,CVB-003,Running,1.65,30.51,24.51,452.92,1.44,,39.3,74.5
2026-03-22 08:07:54,CVB-003,Running,0.57,66.74,22.49,837.55,1.15,,36.2,81.1
2026-03-22 08:17:54,CVB-003,Running,0.71,45.4,18.02,921.49,0.43,,35.0,89.7
2026-03-22 08:27:54,CVB-003,Fault,0.78,88.02,17.22,1067.14,1.98,E24,0,0
2026-03-22 08:37:54,CVB-003,Running,0.72,37.92,18.2,900.37,1.74,,39.7,74.5
2026-03-22 08:47:54,CVB-003,Running,1.08,62.53,19.63,620.84,0.4,,30.1,90.0
2026-03-22 08:57:54,CVB-003,Running,0.65,54.9,17.07,863.99,1.93,,36.5,65.9
2026-03-22 09:07:54,CVB-003,Running,2.09,41.06,14.93,835.7,0.44,,42.3,64.8
2026-03-22 09:17:54,CVB-003,Running,0.67,67.87,7.17,931.12,1.88,,28.4,90.0
2026-03-22 09:27:54,CVB-003,Running,0.8,53.22,18.42,902.41,1.08,,44.8,90.2
2026-03-22 09:37:54,CVB-003,Running,1.76,51.44,17.51,421.04,0.36,,39.9,80.8
2026-03-22 09:47:54,CVB-003,Running,1.24,35.67,18.94,1113.72,1.89,,31.2,88.2
2026-03-22 09:57:54,CVB-003,Running,1.08,36.17,13.3,732.5,1.0,,36.4,61.5
2026-03-22 10:07:54,CVB-003,Running,0.64,31.16,9.47,885.87,0.47,,28.2,92.0
2026-03-22 10:17:54,CVB-003,Running,0.9,69.14,23.89,977.52,0.73,,43.2,72.7
2026-03-22 10:27:54,CVB-003,Fault,0.96,79.43,35.25,996.15,1.77,E27,0,0
2026-03-22 10:37:54,CVB-003,Running,0.53,62.75,9.88,1090.32,5.87,,35.2,79.2
2026-03-22 10:47:54,CVB-003,Running,1.25,56.44,15.35,1013.52,2.24,,29.6,93.9
2026-03-22 10:57:54,CVB-003,Fault,0.92,35.11,14.91,819.48,4.32,E21,0,0
2026-03-22 11:07:54,CVB-003,Running,1.28,63.28,14.34,816.35,2.87,,43.1,61.2
2026-03-22 11:17:54,CVB-003,Running,1.01,45.7,19.18,1091.39,1.74,,31.9,80.1
2026-03-22 11:27:54,CVB-003,Running,1.05,38.43,11.36,999.12,0.54,,28.2,70.3
2026-03-22 11:37:54,CVB-003,Running,1.04,61.72,17.61,789.94,0.37,,38.2,90.1
2026-03-22 11:47:54,CVB-003,Fault,1.92,41.31,11.27,1049.94,0.36,E23,0,0
2026-03-22 11:57:54,CVB-003,Fault,1.04,46.75,22.05,389.83,1.73,E26,0,0
2026-03-22 12:07:54,CVB-003,Running,1.34,61.24,5.33,1044.76,1.24,,32.9,83.4
2026-03-22 12:17:54,CVB-003,Running,0.52,72.95,18.81,881.81,1.46,,28.1,73.5
2026-03-22 12:27:54,CVB-003,Running,1.01,48.88,11.18,597.71,1.7,,41.8,77.8
2026-03-22 12:37:54,CVB-003,Running,1.63,63.69,16.86,1112.89,1.25,,41.0,90.6
2026-03-22 12:47:54,CVB-003,Fault,1.55,69.64,13.76,351.04,0.62,E21,0,0
2026-03-22 12:57:54,CVB-003,Running,0.51,51.19,31.1,1103.85,1.88,,33.8,90.8
2026-03-22 13:07:54,CVB-003,Running,1.78,63.66,10.18,1077.75,0.69,,31.0,75.5
2026-03-22 13:17:54,CVB-003,Running,1.31,67.97,7.92,855.8,1.73,,44.4,84.8
2026-03-22 13:27:54,CVB-003,Running,0.87,83.88,11.29,1157.26,1.22,,33.4,75.0
2026-03-22 13:37:54,CVB-003,Fault,0.99,90.52,20.02,1012.82,1.23,E24,0,0
2026-03-22 13:47:54,CVB-003,Running,1.36,47.36,8.55,1003.66,0.72,,40.7,91.5
2026-03-22 13:57:54,CVB-003,Running,1.19,61.1,9.88,1154.29,1.61,,33.8,71.1
2026-03-22 14:07:54,CVB-003,Running,0.84,51.22,7.67,1017.57,0.64,,32.6,83.7
2026-03-22 14:17:54,CVB-003,Running,0.65,71.65,18.43,1086.1,1.85,,43.9,93.6
2026-03-22 14:27:54,CVB-003,Fault,0.92,68.11,17.65,405.36,1.99,E28,0,0
2026-03-22 14:37:54,CVB-003,Running,1.2,33.84,8.78,1044.28,1.27,,41.1,84.9
2026-03-22 14:47:54,CVB-003,Running,1.46,50.42,22.34,1142.12,0.71,,42.7,63.3
2026-03-22 14:57:54,CVB-003,Running,0.77,32.58,8.28,1011.93,0.71,,28.1,91.2
2026-03-22 15:07:54,CVB-003,Running,0.72,66.59,13.62,1067.1,0.32,,37.9,86.4
2026-03-22 15:17:54,CVB-003,Running,0.86,82.42,19.28,836.95,1.56,,36.9,66.0
2026-03-22 15:27:54,CVB-003,Running,1.41,41.69,10.96,1074.09,1.78,,31.6,80.2
2026-03-22 15:37:54,CVB-003,Running,1.04,53.92,10.79,1150.05,0.66,,32.1,89.8
2026-03-22 15:47:54,CVB-003,Running,0.54,59.77,8.04,894.25,1.81,,28.8,88.9
2026-03-22 15:57:54,CVB-003,Running,1.39,52.84,13.66,901.65,0.68,,28.6,93.0
2026-03-22 16:07:54,CVB-003,Running,1.79,76.18,13.63,1188.44,0.92,,29.2,86.3
2026-03-22 16:17:54,CVB-003,Idle,0.83,67.06,8.05,940.8,0.48,,0,0
2026-03-22 16:27:54,CVB-003,Fault,0.93,95.97,19.95,1116.15,0.96,E27,0,0
2026-03-22 16:37:54,CVB-003,Running,1.14,54.5,15.22,842.38,0.95,,43.3,69.7
2026-03-22 16:47:54,CVB-003,Running,0.92,51.83,24.74,888.34,1.85,,29.0,66.2
2026-03-22 16:57:54,CVB-003,Running,0.65,50.99,10.32,1134.18,1.66,,28.3,76.2
2026-03-22 17:07:54,CVB-003,Fault,1.02,88.66,24.81,1099.61,1.04,E29,0,0
2026-03-22 17:17:54,CVB-003,Running,1.43,61.05,6.61,1104.14,1.55,,37.6,88.0
2026-03-22 17:27:54,CVB-003,Running,0.67,53.16,21.41,1183.28,0.42,,31.1,77.8
2026-03-22 17:37:54,CVB-003,Running,1.18,63.79,15.95,1126.14,1.03,,28.8,71.5
2026-03-22 17:47:54,CVB-003,Running,1.72,35.43,17.0,1040.31,0.72,,40.8,72.8
2026-03-22 17:57:54,CVB-003,Running,0.67,45.9,24.46,1002.33,0.38,,44.1,93.9
2026-03-22 18:07:54,CVB-003,Idle,0.98,40.28,16.84,1092.54,1.55,,0,0
2026-03-22 18:17:54,CVB-003,Running,0.53,40.19,28.9,1131.8,0.38,,28.3,94.1
2026-03-22 18:27:54,CVB-003,Fault,0.77,64.2,11.69,294.49,1.85,E23,0,0
2026-03-22 18:37:54,CVB-003,Running,1.68,41.56,18.82,1076.73,1.12,,40.1,61.0
2026-03-22 18:47:54,CVB-003,Running,0.86,65.59,23.31,931.82,1.58,,41.3,81.0
2026-03-22 18:57:54,CVB-003,Idle,1.45,38.76,6.16,1152.66,0.48,,0,0
2026-03-22 19:07:54,CVB-003,Running,1.5,53.77,8.08,853.1,1.9,,28.1,67.6
2026-03-22 19:17:54,CVB-003,Running,0.87,35.47,19.17,976.46,1.86,,32.9,79.6
2026-03-22 19:27:54,CVB-003,Running,1.7,72.94,6.39,904.65,0.41,,36.3,91.0
2026-03-22 19:37:54,CVB-003,Running,1.33,39.2,5.23,1105.15,1.32,,39.9,89.7
2026-03-22 19:47:54,CVB-003,Running,1.7,37.53,16.18,894.7,0.35,,38.5,81.1
2026-03-22 19:57:54,CVB-003,Idle,0.8,40.89,18.44,1142.49,5.4,,0,0
2026-03-22 20:07:54,CVB-003,Running,0.96,74.65,12.79,1029.99,0.7,,41.3,61.1
2026-03-22 20:17:54,CVB-003,Idle,1.19,92.05,13.03,1091.72,2.08,,0,0
2026-03-22 20:27:54,CVB-003,Running,1.21,65.35,17.78,812.68,1.85,,43.3,77.6
2026-03-22 20:37:54,CVB-003,Running,0.96,32.73,24.06,840.35,1.09,,32.2,86.7
2026-03-22 20:47:54,CVB-003,Running,1.58,47.59,19.28,1165.16,0.95,,39.8,79.2
2026-03-22 20:57:54,CVB-003,Running,1.79,53.47,30.95,1049.52,1.17,,30.8,80.2
2026-03-22 21:07:54,CVB-003,Running,0.56,31.03,7.0,1070.95,0.87,,35.9,67.9
2026-03-22 21:17:54,CVB-003,Fault,0.78,46.65,11.42,1188.38,5.55,E30,0,0
2026-03-22 21:27:54,CVB-003,Fault,0.76,63.9,11.11,423.9,1.63,E21,0,0
2026-03-22 21:37:54,CVB-003,Running,1.27,32.04,24.38,730.62,0.57,,40.6,66.2
2026-03-22 21:47:54,CVB-003,Running,1.16,61.68,23.48,903.45,1.13,,38.2,91.4
2026-03-22 21:57:54,CVB-003,Running,1.3,53.86,21.25,1129.6,0.77,,34.2,91.5
2026-03-22 22:07:54,CVB-003,Running,1.06,56.68,24.09,826.77,3.05,,38.0,84.4
2026-03-22 22:17:54,CVB-003,Running,1.21,76.45,14.19,878.02,1.61,,32.9,67.9
2026-03-22 22:27:54,CVB-003,Running,1.82,44.01,6.18,880.39,3.02,,30.5,87.2
2026-03-22 22:37:54,CVB-003,Fault,1.84,47.92,19.7,975.63,1.93,E25,0,0
2026-03-22 22:47:54,CVB-003,Running,1.2,58.83,18.75,1019.1,3.36,,34.8,92.7
2026-03-22 22:57:54,CVB-003,Fault,1.38,96.07,24.02,1193.61,0.41,E27,0,0
2026-03-22 23:07:54,CVB-003,Running,0.98,32.17,21.14,1004.95,0.38,,38.5,73.7
2026-03-22 23:17:54,CVB-003,Running,0.82,44.04,8.7,895.02,5.06,,42.7,65.4
2026-03-22 23:27:54,CVB-003,Running,0.56,47.28,13.12,1062.39,1.55,,30.7,94.0
2026-03-22 23:37:54,CVB-003,Running,1.76,41.1,19.03,1000.23,0.42,,28.2,79.4
2026-03-22 23:47:54,CVB-003,Running,1.79,68.14,8.74,1110.31,1.25,,39.1,73.5
2026-03-22 23:57:54,CVB-003,Running,1.33,34.41,28.08,939.11,1.15,,44.3,81.8
2026-03-23 00:07:54,CVB-003,Running,1.06,65.58,6.85,937.47,1.29,,39.9,80.6
2026-03-23 00:17:54,CVB-003,Running,1.43,45.89,12.98,809.98,0.62,,29.1,63.1
2026-03-23 00:27:54,CVB-003,Running,1.45,47.87,6.51,989.85,1.3,,42.2,66.0
2026-03-23 00:37:54,CVB-003,Running,0.77,62.29,17.93,1049.76,1.47,,43.9,74.6
2026-03-23 00:47:54,CVB-003,Running,1.58,42.79,21.09,934.15,0.54,,41.4,91.6
2026-03-23 00:57:54,CVB-003,Running,0.54,33.79,7.14,843.26,1.05,,37.1,61.5
2026-03-23 01:07:54,CVB-003,Running,1.1,40.04,20.82,1066.41,1.4,,43.0,88.3
2026-03-23 01:17:54,CVB-003,Running,1.02,67.04,19.56,807.25,1.67,,28.2,89.8
2026-03-23 01:27:54,CVB-003,Fault,1.01,40.71,10.65,935.97,5.6,E21,0,0
2026-03-23 01:37:54,CVB-003,Running,1.48,43.65,19.41,1124.14,0.36,,29.8,68.3
2026-03-23 01:47:54,CVB-003,Fault,1.62,42.14,33.1,864.31,0.79,E28,0,0
2026-03-23 01:57:54,CVB-003,Running,1.28,34.59,19.48,1009.47,1.62,,41.9,69.4
2026-03-23 02:07:54,CVB-003,Fault,1.06,53.39,11.42,551.65,4.95,E24,0,0
2026-03-23 02:17:54,CVB-003,Running,1.75,44.78,12.08,1148.68,0.96,,42.6,77.9
2026-03-23 02:27:54,CVB-003,Running,1.51,54.94,11.06,1027.92,0.79,,32.6,61.4
2026-03-23 02:37:54,CVB-003,Running,1.38,52.54,20.89,850.83,1.1,,32.6,85.5
2026-03-23 02:47:54,CVB-003,Running,1.42,33.76,6.97,1146.56,1.73,,36.3,71.2
2026-03-23 02:57:54,CVB-003,Fault,1.0,89.84,16.53,1185.75,0.93,E25,0,0
2026-03-23 03:07:54,CVB-003,Running,1.18,51.22,23.56,868.79,0.95,,31.3,73.0
2026-03-23 03:17:54,CVB-003,Running,0.91,48.34,7.78,894.38,1.1,,32.3,78.6
2026-03-23 03:27:54,CVB-003,Running,1.11,43.78,24.8,1128.48,0.36,,41.3,88.8
2026-03-23 03:37:54,CVB-003,Fault,1.39,97.91,18.56,238.98,1.77,E27,0,0
2026-03-23 03:47:54,CVB-003,Running,1.07,38.93,9.27,764.06,1.48,,28.5,67.6
2026-03-23 03:57:54,CVB-003,Running,1.24,51.14,19.97,1142.7,1.81,,36.3,86.1
2026-03-23 04:07:54,CVB-003,Running,1.15,32.07,6.59,918.11,1.17,,36.0,79.5
2026-03-23 04:17:54,CVB-003,Running,1.29,47.88,20.72,1057.74,1.89,,30.4,71.4
2026-03-23 04:27:54,CVB-003,Running,1.44,40.55,20.28,1107.99,0.73,,33.8,65.8
2026-03-23 04:37:54,CVB-003,Running,1.74,43.77,31.55,923.6,0.69,,37.0,80.4
2026-03-23 04:47:54,CVB-003,Running,1.27,63.29,8.53,1103.25,0.79,,39.7,84.2
2026-03-23 04:57:54,CVB-003,Running,1.06,50.12,13.94,1152.18,1.92,,39.6,66.2
2026-03-23 05:07:54,CVB-003,Running,0.63,36.01,11.34,1140.87,1.5,,44.2,74.4
2026-03-23 05:17:54,CVB-003,Running,1.14,61.72,20.23,973.81,1.57,,31.8,80.1
2026-03-23 05:27:54,CVB-003,Running,0.79,69.13,19.09,713.7,1.04,,38.8,93.6
2026-03-23 05:37:54,CVB-003,Running,1.69,49.77,7.75,1002.07,0.94,,33.0,93.6
2026-03-23 05:47:54,CVB-003,Running,1.38,52.81,16.08,1124.04,0.33,,39.0,60.8
2026-03-23 05:57:54,CVB-003,Fault,2.1,62.68,16.92,927.89,0.85,E25,0,0
2026-03-23 06:07:54,CVB-003,Idle,1.27,52.6,6.96,1068.28,1.43,,0,0
2026-03-23 06:17:54,CVB-003,Running,1.13,57.79,10.46,993.51,1.39,,40.3,80.6
2026-03-23 06:27:54,CVB-003,Running,0.85,54.77,8.97,798.23,2.19,,40.6,62.2
2026-03-23 06:37:54,CVB-003,Running,1.36,60.35,9.64,949.26,1.12,,32.3,85.3
2026-03-23 06:47:54,CVB-003,Running,0.89,43.39,11.45,827.84,1.4,,29.6,60.0
2026-03-23 06:57:54,CVB-003,Idle,0.58,55.11,5.6,834.14,1.28,,0,0
2026-03-23 07:07:54,CVB-003,Running,1.5,58.32,20.26,909.18,1.74,,29.5,64.2
2026-03-23 07:17:54,CVB-003,Running,0.79,45.6,21.19,1094.14,0.89,,43.8,89.7
2026-03-23 07:27:54,CVB-003,Running,1.22,43.04,19.72,882.75,1.11,,29.6,61.9
2026-03-23 07:37:54,CVB-003,Running,1.02,53.82,21.82,1090.41,1.94,,39.6,63.1
2026-03-23 07:47:54,CVB-003,Running,1.14,56.25,9.73,957.94,1.86,,39.9,68.9
2026-03-23 07:57:54,CVB-003,Running,1.26,32.55,11.74,960.36,0.4,,34.6,84.9
2026-03-23 08:07:54,CVB-003,Running,1.8,33.09,13.91,1096.39,1.51,,42.8,89.4
2026-03-23 08:17:54,CVB-003,Running,0.59,44.56,20.07,1075.13,1.37,,32.2,74.5
2026-03-23 08:27:54,CVB-003,Running,0.98,36.53,11.34,957.03,1.48,,33.1,80.7
2026-03-23 08:37:54,CVB-003,Running,0.54,72.73,17.1,1040.53,2.44,,44.6,92.9
2026-03-23 08:47:54,CVB-003,Fault,2.06,38.68,7.1,956.44,1.1,E21,0,0
2026-03-23 08:57:54,CVB-003,Running,0.75,63.77,12.19,1077.28,1.98,,30.9,81.9
2026-03-23 09:07:54,CVB-003,Running,1.22,46.55,28.05,945.83,0.57,,34.3,90.9
2026-03-23 09:17:54,CVB-003,Running,0.82,31.03,13.74,400.07,1.23,,43.8,87.9
2026-03-23 09:27:54,CVB-003,Running,0.64,51.09,12.49,940.3,1.4,,44.0,74.4
2026-03-23 09:37:54,CVB-003,Idle,1.35,46.49,11.42,860.36,0.47,,0,0
2026-03-23 09:47:54,CVB-003,Running,1.5,59.04,28.82,992.07,0.83,,34.0,60.9
2026-03-23 09:57:54,CVB-003,Fault,1.04,42.8,32.01,1022.42,1.01,E25,0,0
2026-03-23 10:07:54,CVB-003,Running,0.94,47.86,19.6,950.77,1.64,,41.0,68.5
2026-03-23 10:17:54,CVB-003,Running,0.8,41.06,24.48,991.8,0.55,,43.8,75.1
2026-03-23 10:27:54,CVB-003,Running,1.0,32.97,33.75,1019.77,0.72,,44.4,64.0
2026-03-23 10:37:54,CVB-003,Running,0.82,40.1,13.33,1145.72,1.03,,32.6,93.2
2026-03-23 10:47:54,CVB-003,Running,0.74,45.11,20.02,1032.24,0.46,,36.2,85.2
2026-03-23 10:57:54,CVB-003,Running,0.86,55.82,15.48,1002.39,1.46,,42.8,75.8
2026-03-23 11:07:54,CVB-003,Running,1.3,40.13,24.16,1173.08,2.65,,33.4,71.9
2026-03-23 11:17:54,CVB-003,Running,0.98,47.54,7.83,1006.09,0.95,,41.4,92.1
2026-03-23 11:27:54,CVB-003,Running,1.66,50.77,14.86,1015.15,0.52,,38.1,82.4
2026-03-23 11:37:54,CVB-003,Running,1.82,42.79,7.27,928.83,0.36,,31.8,70.6
2026-03-23 11:47:54,CVB-003,Running,0.91,59.58,24.61,893.72,1.85,,41.0,71.8
2026-03-23 11:57:54,CVB-003,Running,1.38,58.55,14.45,1128.46,0.33,,41.8,77.6
2026-03-23 12:07:54,CVB-003,Running,0.62,30.0,14.78,1053.16,1.76,,39.9,76.7
2026-03-23 12:17:54,CVB-003,Running,1.35,31.9,14.11,1125.18,1.77,,35.0,79.9
2026-03-23 12:27:54,CVB-003,Running,1.5,43.04,5.22,822.1,0.77,,28.8,84.6
2026-03-23 12:37:54,CVB-003,Running,0.66,68.92,20.47,224.51,1.34,,30.5,72.4
2026-03-23 12:47:54,CVB-003,Running,0.66,39.5,11.09,605.37,0.42,,31.5,79.3
2026-03-23 12:57:54,CVB-003,Running,1.23,36.58,11.31,763.78,1.74,,28.6,77.7
2026-03-23 13:07:54,CVB-003,Fault,0.51,42.62,16.01,258.74,1.35,E27,0,0
2026-03-23 13:17:54,CVB-003,Fault,1.37,31.33,18.96,224.62,0.38,E28,0,0
2026-03-23 13:27:54,CVB-003,Running,1.28,42.7,16.06,1131.18,1.77,,33.7,75.7
2026-03-23 13:37:54,CVB-003,Running,1.06,41.55,16.47,889.08,2.36,,35.2,66.7
2026-03-23 13:47:54,CVB-003,Running,2.18,38.63,10.22,881.68,1.62,,35.2,65.7
2026-03-23 13:57:54,CVB-003,Running,0.93,31.84,14.61,939.96,1.63,,40.8,71.5
2026-03-23 14:07:54,CVB-003,Running,1.5,60.29,13.84,852.34,0.8,,39.7,88.1
2026-03-23 14:17:54,CVB-003,Running,1.11,32.59,23.24,1011.44,0.88,,40.9,87.4
2026-03-23 14:27:54,CVB-003,Running,0.55,89.32,30.55,517.78,1.91,,30.0,73.3
2026-03-23 14:37:54,CVB-003,Idle,0.62,62.89,29.45,1187.68,2.97,,0,0
2026-03-23 14:47:54,CVB-003,Running,1.16,31.68,11.24,813.57,1.3,,36.1,74.2
2026-03-23 14:57:54,CVB-003,Running,1.12,94.76,20.79,932.81,1.56,,36.6,61.4
2026-03-23 15:07:54,CVB-003,Running,1.29,52.5,14.74,921.76,1.17,,36.2,78.3
2026-03-23 15:17:54,CVB-003,Running,0.85,60.91,18.36,1058.76,1.34,,34.9,84.6
2026-03-23 15:27:54,CVB-003,Running,0.54,70.52,16.83,1019.51,1.95,,37.4,86.6
2026-03-23 15:37:54,CVB-003,Running,0.92,63.69,25.07,843.8,1.26,,35.6,62.6
2026-03-23 15:47:54,CVB-003,Running,1.45,34.63,13.13,1024.38,0.33,,37.3,73.3
2026-03-23 15:57:54,CVB-003,Running,1.55,70.82,11.51,954.02,1.05,,42.7,67.7
2026-03-23 16:07:54,CVB-003,Running,1.63,48.1,22.34,1177.64,1.88,,38.9,93.0
2026-03-23 16:17:54,CVB-003,Running,0.86,55.23,17.34,986.5,0.67,,41.2,63.3
2026-03-23 16:27:54,CVB-003,Idle,1.39,67.51,10.3,900.99,2.63,,0,0
2026-03-23 16:37:54,CVB-003,Running,1.27,47.21,11.9,1095.94,1.83,,38.1,85.5
2026-03-23 16:47:54,CVB-003,Running,0.59,52.93,21.7,1127.12,0.73,,42.1,64.7
2026-03-23 16:57:54,CVB-003,Running,1.31,47.77,23.62,924.98,1.11,,40.0,77.0
2026-03-23 17:07:54,CVB-003,Running,0.62,63.79,5.07,1077.52,0.63,,34.0,73.5
2026-03-23 17:17:54,CVB-003,Running,0.64,58.79,9.16,849.15,0.89,,37.8,72.3
2026-03-23 17:27:54,CVB-003,Running,1.37,60.91,11.79,1161.05,0.4,,39.0,78.4
2026-03-23 17:37:54,CVB-003,Fault,0.51,32.87,9.11,399.19,0.66,E22,0,0
2026-03-23 17:47:54,CVB-003,Running,0.75,36.33,8.09,979.53,1.03,,43.0,71.8
2026-03-23 17:57:54,CVB-003,Running,1.01,55.38,12.7,1056.07,0.8,,44.6,70.1
2026-03-23 18:07:54,CVB-003,Running,0.69,76.26,22.7,1146.53,1.8,,32.4,88.5
2026-03-23 18:17:54,CVB-003,Running,0.5,39.2,22.95,883.69,0.63,,43.3,84.9
2026-03-23 18:27:54,CVB-003,Running,0.61,30.59,5.82,1072.24,0.64,,41.5,83.3
2026-03-23 18:37:54,CVB-003,Running,0.6,90.97,21.36,969.35,1.78,,37.0,84.3
2026-03-23 18:47:54,CVB-003,Running,1.14,37.76,26.93,1157.64,1.23,,36.2,69.1
2026-03-23 18:57:54,CVB-003,Running,1.6,30.86,13.53,1138.41,0.95,,34.8,93.3
2026-03-23 19:07:54,CVB-003,Running,1.49,35.74,14.89,852.73,1.93,,41.3,94.8
2026-03-23 19:17:54,CVB-003,Running,1.46,55.65,20.53,1182.19,0.4,,29.3,90.3
2026-03-23 19:27:54,CVB-003,Running,1.39,56.06,19.18,825.72,1.34,,31.1,93.5
2026-03-23 19:37:54,CVB-003,Running,0.92,69.22,16.05,1022.86,1.89,,28.7,93.4
2026-03-23 19:47:54,CVB-003,Running,0.7,68.95,26.96,807.16,1.32,,28.4,61.8
2026-03-23 19:57:54,CVB-003,Running,1.24,45.91,32.06,1060.79,0.79,,35.6,78.3
2026-03-23 20:07:54,CVB-003,Running,1.03,39.24,15.66,1175.71,1.63,,30.3,75.9
2026-03-23 20:17:54,CVB-003,Running,1.46,31.49,18.42,1020.27,1.82,,43.0,70.2
2026-03-23 20:27:54,CVB-003,Running,1.01,42.45,14.09,642.67,1.71,,44.7,86.4
2026-03-23 20:37:54,CVB-003,Running,0.91,50.93,12.01,1059.83,0.78,,37.3,78.9
2026-03-23 20:47:54,CVB-003,Running,0.51,59.91,17.34,556.49,0.55,,29.3,67.9
2026-03-23 20:57:54,CVB-003,Running,1.09,41.31,7.2,1069.33,0.75,,29.4,74.2
2026-03-23 21:07:54,CVB-003,Running,1.69,66.85,8.71,973.91,1.68,,39.7,67.2
2026-03-23 21:17:54,CVB-003,Running,1.24,45.45,9.53,528.35,2.82,,29.8,62.2
2026-03-23 21:27:54,CVB-003,Running,1.63,53.28,23.42,933.78,3.0,,28.5,62.6
2026-03-23 21:37:54,CVB-003,Running,0.51,60.28,20.43,893.1,1.66,,34.2,72.9
2026-03-23 21:47:54,CVB-003,Running,0.93,40.55,23.9,874.29,1.2,,36.1,63.4
2026-03-23 21:57:54,CVB-003,Running,0.83,36.74,24.34,978.3,0.44,,28.7,76.5
2026-03-23 22:07:54,CVB-003,Running,0.69,49.84,23.6,997.28,1.61,,44.7,71.1
2026-03-23 22:17:54,CVB-003,Running,1.41,66.4,16.9,960.42,1.77,,44.5,71.1
2026-03-23 22:27:54,CVB-003,Running,0.59,58.93,27.05,924.7,0.82,,31.7,92.0
2026-03-23 22:37:54,CVB-003,Fault,0.94,48.8,19.28,767.41,4.52,E25,0,0
2026-03-23 22:47:54,CVB-003,Running,0.82,75.28,5.1,1157.11,1.65,,34.9,91.7
2026-03-23 22:57:54,CVB-003,Running,0.89,65.07,29.7,1012.9,1.43,,42.1,63.1
2026-03-23 23:07:54,CVB-003,Running,1.44,48.81,24.1,804.89,2.1,,39.0,85.8
2026-03-23 23:17:54,CVB-003,Running,1.36,58.91,22.46,1183.71,0.43,,32.8,69.5
2026-03-23 23:27:54,CVB-003,Running,0.8,69.47,25.85,989.21,1.42,,30.5,91.8
2026-03-23 23:37:54,CVB-003,Running,0.63,32.5,24.86,1096.94,1.02,,34.8,67.9
2026-03-23 23:47:54,CVB-003,Running,1.44,33.91,17.27,1167.74,0.84,,40.8,70.0
2026-03-23 23:57:54,CVB-003,Running,0.69,33.94,22.32,925.79,1.62,,32.9,63.4
2026-03-24 00:07:54,CVB-003,Running,0.98,56.13,17.84,970.12,0.71,,39.6,93.1
2026-03-24 00:17:54,CVB-003,Running,1.35,77.25,21.71,981.15,0.49,,37.0,94.4
2026-03-24 00:27:54,CVB-003,Running,1.2,64.35,10.67,999.32,1.49,,39.1,82.9
2026-03-24 00:37:54,CVB-003,Running,0.75,49.11,27.99,862.49,1.72,,41.7,84.6
2026-03-24 00:47:54,CVB-003,Running,0.82,30.16,14.48,724.29,1.36,,39.8,69.4
2026-03-24 00:57:54,CVB-003,Fault,2.05,30.85,18.14,1039.59,1.27,E29,0,0
2026-03-24 01:07:54,CVB-003,Running,1.23,50.21,9.11,1042.24,0.79,,38.8,63.2
2026-03-24 01:17:54,CVB-003,Running,0.77,58.84,17.73,952.49,1.17,,38.4,77.9
2026-03-24 01:27:54,CVB-003,Running,1.24,45.75,6.78,1184.01,1.08,,38.2,90.7
2026-03-24 01:37:54,CVB-003,Running,1.33,39.66,27.31,854.8,5.23,,33.8,86.5
2026-03-24 01:47:54,CVB-003,Running,0.92,57.97,10.22,1116.46,1.5,,31.4,82.8
2026-03-24 01:57:54,CVB-003,Running,0.99,66.33,31.27,804.75,0.36,,43.2,69.1
2026-03-24 02:07:54,CVB-003,Running,1.01,80.63,11.85,1065.0,0.53,,41.5,67.9
2026-03-24 02:17:54,CVB-003,Running,1.14,64.54,12.18,1073.55,1.33,,38.3,73.8
2026-03-24 02:27:54,CVB-003,Running,0.68,53.4,9.45,839.82,1.63,,37.9,63.0
2026-03-24 02:37:54,CVB-003,Fault,0.6,32.95,6.01,298.45,1.6,E25,0,0
2026-03-24 02:47:54,CVB-003,Running,1.08,63.29,19.23,868.21,1.54,,42.6,91.7
2026-03-24 02:57:54,CVB-003,Running,1.29,42.87,21.11,730.44,1.28,,42.1,63.7
2026-03-24 03:07:54,CVB-003,Running,1.48,52.47,15.38,867.78,1.98,,44.1,79.4
2026-03-24 03:17:54,CVB-003,Running,1.15,54.69,9.18,532.01,1.87,,33.1,85.0
2026-03-24 03:27:54,CVB-003,Running,1.29,51.61,17.76,975.07,0.69,,31.8,67.3
2026-03-24 03:37:54,CVB-003,Fault,1.58,36.76,11.26,456.9,0.33,E24,0,0
2026-03-24 03:47:54,CVB-003,Running,0.82,50.75,23.34,840.45,1.17,,41.8,79.8
2026-03-24 03:57:54,CVB-003,Running,1.02,62.24,23.21,992.5,1.6,,36.8,85.8
2026-03-24 04:07:54,CVB-003,Idle,0.57,60.81,31.19,893.94,1.06,,0,0
2026-03-24 04:17:54,CVB-003,Running,1.18,55.79,13.03,893.17,3.18,,35.3,63.3
2026-03-24 04:27:54,CVB-003,Fault,1.79,59.74,33.96,845.64,1.46,E28,0,0
2026-03-24 04:37:54,CVB-003,Running,1.47,99.22,17.62,965.67,1.29,,32.9,92.2
2026-03-24 04:47:54,CVB-003,Running,0.55,33.86,10.41,919.43,1.25,,32.1,72.6
2026-03-24 04:57:54,CVB-003,Running,0.82,67.8,16.51,934.12,0.95,,35.5,82.3
2026-03-24 05:07:54,CVB-003,Running,1.31,66.26,5.68,1019.49,1.33,,33.3,94.1
2026-03-24 05:17:54,CVB-003,Running,1.42,52.73,20.79,1015.84,1.89,,33.5,71.4
2026-03-24 05:27:54,CVB-003,Running,1.5,58.77,21.49,917.77,1.95,,43.8,82.3
2026-03-24 05:37:54,CVB-003,Running,1.47,66.93,13.4,912.24,0.6,,34.7,77.4
2026-03-24 05:47:54,CVB-003,Running,1.24,31.42,6.43,1145.64,3.31,,38.7,61.8
2026-03-24 05:57:54,CVB-003,Fault,0.52,73.82,24.07,1007.66,3.62,E25,0,0
2026-03-24 06:07:54,CVB-003,Fault,1.92,63.97,14.24,884.42,1.21,E23,0,0
2026-03-24 06:17:54,CVB-003,Running,0.52,52.06,22.19,853.82,0.4,,37.0,84.4
2026-03-24 06:27:54,CVB-003,Running,1.24,77.61,22.85,953.62,1.42,,39.5,72.9
2026-03-24 06:37:54,CVB-003,Fault,0.52,43.53,38.94,828.26,0.42,E25,0,0
2026-03-24 06:47:54,CVB-003,Running,1.3,68.83,22.56,1133.26,2.06,,31.9,88.8
2026-03-24 06:57:54,CVB-003,Running,0.62,48.87,11.15,965.32,0.8,,35.1,72.8
2026-03-24 07:07:54,CVB-003,Running,1.01,37.2,6.68,891.17,1.61,,42.6,87.8
2026-03-24 07:17:54,CVB-003,Running,1.13,59.84,20.35,1038.28,1.63,,40.2,94.3
2026-03-24 07:27:54,CVB-003,Fault,1.76,41.97,23.42,808.01,5.15,E29,0,0
2026-03-24 07:37:54,CVB-003,Running,0.91,61.82,19.98,1137.2,1.25,,36.1,68.5
2026-03-24 07:47:54,CVB-003,Running,1.14,46.72,16.44,981.11,2.37,,34.0,79.7
2026-03-24 07:57:54,CVB-003,Running,0.95,63.87,11.13,983.09,1.92,,39.8,62.9
2026-03-24 08:07:54,CVB-003,Running,0.69,45.22,11.85,1044.49,2.65,,42.4,89.6
2026-03-24 08:17:54,CVB-003,Running,0.86,47.9,5.52,1061.04,0.66,,38.1,83.5
2026-03-24 08:27:54,CVB-003,Running,0.98,64.23,14.55,1129.95,2.05,,42.4,76.4
2026-03-24 08:37:54,CVB-003,Running,0.63,68.07,32.68,912.84,0.36,,38.6,78.8
2026-03-24 08:47:54,CVB-003,Running,0.82,69.73,10.17,1173.52,0.91,,40.1,82.9
2026-03-24 08:57:54,CVB-003,Idle,1.33,46.4,11.77,873.5,1.97,,0,0
2026-03-24 09:07:54,CVB-003,Running,0.84,30.39,14.41,852.3,1.48,,34.6,71.4
2026-03-24 09:17:54,CVB-003,Running,1.06,80.76,10.45,863.04,1.97,,28.4,74.3
2026-03-24 09:27:54,CVB-003,Fault,1.11,94.54,13.7,905.68,1.84,E25,0,0
2026-03-24 09:37:54,CVB-003,Running,0.86,77.23,21.04,889.57,1.63,,32.4,69.7
2026-03-24 09:47:54,CVB-003,Fault,1.8,32.59,26.35,1032.78,5.59,E23,0,0
2026-03-24 09:57:54,CVB-003,Fault,0.68,90.82,27.99,824.79,0.54,E21,0,0
2026-03-24 10:07:54,CVB-003,Fault,1.83,64.0,19.74,262.55,0.81,E27,0,0
2026-03-24 10:17:54,CVB-003,Running,1.22,41.15,16.04,613.8,0.9,,30.0,82.6
2026-03-24 10:27:54,CVB-003,Running,1.35,40.51,24.82,1021.32,1.84,,43.6,80.7
2026-03-24 10:37:54,CVB-003,Running,1.52,62.39,16.26,1192.55,1.32,,35.3,75.1
2026-03-24 10:47:54,CVB-003,Running,0.65,67.09,16.15,992.67,1.45,,32.9,65.6
2026-03-24 10:57:54,CVB-003,Running,0.88,49.17,16.0,821.48,1.69,,42.9,76.6
2026-03-24 11:07:54,CVB-003,Running,1.29,53.02,13.02,1179.52,0.64,,38.5,65.1
2026-03-24 11:17:54,CVB-003,Running,1.15,60.96,18.82,1181.67,1.6,,43.0,85.7
2026-03-24 11:27:54,CVB-003,Running,1.03,64.42,26.2,974.48,1.13,,41.4,73.4
