timestamp,machine_id,status,pressure_bar,temperature_c,flow_l_min,motor_current_a,vibration_mm_s,error_code,cycle_time_s,oee_pct
2026-03-17 11:37:54,HYD-P02,Running,171.8,71.38,77.27,19.58,2.09,,36.7,70.1
2026-03-17 11:47:54,HYD-P02,Running,291.44,36.7,22.16,24.74,0.7,,42.1,73.9
2026-03-17 11:57:54,HYD-P02,Running,101.1,50.57,42.46,35.04,1.14,,43.3,73.7
2026-03-17 12:07:54,HYD-P02,Running,167.75,59.19,66.2,13.38,0.77,,31.5,86.6
2026-03-17 12:17:54,HYD-P02,Running,144.79,40.36,38.2,29.43,2.73,,31.7,60.8
2026-03-17 12:27:54,HYD-P02,Fault,294.89,40.16,43.31,39.53,0.91,E19,0,0
2026-03-17 12:37:54,HYD-P02,Fault,219.25,58.45,11.07,50.31,3.02,E11,0,0
2026-03-17 12:47:54,HYD-P02,Running,157.21,38.99,12.15,22.69,0.69,,28.4,87.0
2026-03-17 12:57:54,HYD-P02,Idle,145.31,58.25,68.03,37.58,2.2,,0,0
2026-03-17 13:07:54,HYD-P02,Fault,171.48,76.29,72.19,26.72,2.26,E13,0,0
2026-03-17 13:17:54,HYD-P02,Running,159.63,35.93,47.94,10.4,2.14,,42.9,84.8
2026-03-17 13:27:54,HYD-P02,Running,130.4,51.78,31.28,34.31,0.61,,42.6,79.6
2026-03-17 13:37:54,HYD-P02,Running,218.79,53.56,25.3,34.62,1.43,,40.3,78.9
2026-03-17 13:47:54,HYD-P02,Running,195.9,49.51,79.01,14.43,2.72,,34.9,93.6
2026-03-17 13:57:54,HYD-P02,Running,255.06,58.12,47.05,30.41,1.36,,44.7,65.1
2026-03-17 14:07:54,HYD-P02,Running,194.9,56.28,78.63,34.74,2.56,,44.8,79.0
2026-03-17 14:17:54,HYD-P02,Running,186.32,48.76,64.38,33.63,1.31,,34.3,92.8
2026-03-17 14:27:54,HYD-P02,Running,222.9,43.78,65.09,46.4,2.59,,31.2,60.0
2026-03-17 14:37:54,HYD-P02,Running,175.68,62.17,19.5,22.18,1.85,,41.8,60.8
2026-03-17 14:47:54,HYD-P02,Fault,273.63,54.4,12.53,22.66,1.51,E15,0,0
2026-03-17 14:57:54,HYD-P02,Running,156.24,50.48,58.11,30.37,1.75,,32.3,76.6
2026-03-17 15:07:54,HYD-P02,Running,212.94,45.57,72.84,30.55,1.45,,40.9,63.0
2026-03-17 15:17:54,HYD-P02,Running,113.81,55.77,25.64,20.12,1.67,,37.4,84.6
2026-03-17 15:27:54,HYD-P02,Fault,192.06,70.26,60.51,55.06,3.36,E20,0,0
2026-03-17 15:37:54,HYD-P02,Running,238.75,36.22,61.89,37.07,0.91,,33.6,63.8
2026-03-17 15:47:54,HYD-P02,Fault,225.61,47.16,7.76,37.16,0.61,E16,0,0
2026-03-17 15:57:54,HYD-P02,Running,187.54,52.85,76.88,41.64,2.95,,28.4,77.4
2026-03-17 16:07:54,HYD-P02,Running,164.5,57.44,52.61,11.01,2.26,,29.5,90.7
2026-03-17 16:17:54,HYD-P02,Fault,171.19,41.08,28.25,50.86,0.99,E19,0,0
2026-03-17 16:27:54,HYD-P02,Running,139.45,71.85,44.8,16.97,0.83,,28.2,62.1
2026-03-17 16:37:54,HYD-P02,Fault,116.91,49.64,8.8,37.62,2.5,E18,0,0
2026-03-17 16:47:54,HYD-P02,Running,132.12,48.83,71.52,46.67,0.86,,36.1,94.6
2026-03-17 16:57:54,HYD-P02,Running,253.29,45.34,76.26,22.19,0.61,,34.7,66.7
2026-03-17 17:07:54,HYD-P02,Running,156.05,55.91,74.45,38.48,1.52,,38.8,68.4
2026-03-17 17:17:54,HYD-P02,Running,174.57,69.0,53.7,33.31,0.6,,32.8,82.8
2026-03-17 17:27:54,HYD-P02,Running,151.22,50.13,71.32,24.63,2.6,,37.5,83.9
2026-03-17 17:37:54,HYD-P02,Running,217.87,43.43,78.51,28.49,4.26,,42.9,80.8
2026-03-17 17:47:54,HYD-P02,Running,239.02,40.99,78.34,20.05,1.2,,39.4,66.6
2026-03-17 17:57:54,HYD-P02,Running,218.03,52.21,61.16,26.59,1.66,,30.0,85.3
2026-03-17 18:07:54,HYD-P02,Running,137.05,50.84,73.24,21.25,2.29,,35.8,71.9
2026-03-17 18:17:54,HYD-P02,Running,110.81,44.41,43.58,48.12,1.74,,37.4,88.7
2026-03-17 18:27:54,HYD-P02,Running,163.07,59.54,49.37,44.37,0.85,,40.9,94.8
2026-03-17 18:37:54,HYD-P02,Fault,251.41,68.03,25.75,22.7,6.98,E12,0,0
2026-03-17 18:47:54,HYD-P02,Running,193.65,45.75,57.1,18.0,2.6,,37.4,71.1
2026-03-17 18:57:54,HYD-P02,Running,220.86,40.08,77.27,47.4,1.17,,29.6,89.6
2026-03-17 19:07:54,HYD-P02,Running,168.93,39.34,26.44,19.25,2.0,,31.6,63.5
2026-03-17 19:17:54,HYD-P02,Running,264.25,53.48,56.9,26.24,2.7,,41.4,78.3
2026-03-17 19:27:54,HYD-P02,Running,174.85,55.96,42.38,28.03,1.44,,31.5,71.0
2026-03-17 19:37:54,HYD-P02,Fault,137.31,40.77,48.18,59.35,2.24,E11,0,0
2026-03-17 19:47:54,HYD-P02,Running,151.78,47.27,74.55,42.55,1.42,,36.1,65.9
2026-03-17 19:57:54,HYD-P02,Running,196.75,55.25,78.75,32.82,4.83,,39.8,61.8
2026-03-17 20:07:54,HYD-P02,Running,268.64,42.33,36.71,16.87,1.8,,29.6,61.8
2026-03-17 20:17:54,HYD-P02,Running,217.64,58.54,52.88,36.85,2.52,,40.1,62.4
2026-03-17 20:27:54,HYD-P02,Idle,266.35,38.1,65.65,14.58,1.11,,0,0
2026-03-17 20:37:54,HYD-P02,Running,214.95,35.52,23.41,11.45,0.83,,42.2,80.1
2026-03-17 20:47:54,HYD-P02,Running,136.87,37.75,58.41,12.01,0.5,,41.6,83.7
2026-03-17 20:57:54,HYD-P02,Running,181.22,48.13,76.6,28.17,2.37,,36.9,74.3
2026-03-17 21:07:54,HYD-P02,Running,174.96,40.17,42.05,28.13,1.44,,33.3,67.0
2026-03-17 21:17:54,HYD-P02,Fault,283.07,38.68,67.43,29.47,1.11,E14,0,0
2026-03-17 21:27:54,HYD-P02,Running,137.94,52.82,32.28,38.79,0.86,,29.7,73.1
2026-03-17 21:37:54,HYD-P02,Running,236.41,56.8,12.94,26.55,4.96,,29.2,71.6
2026-03-17 21:47:54,HYD-P02,Fault,176.01,76.52,53.7,45.1,1.43,E16,0,0
2026-03-17 21:57:54,HYD-P02,Idle,169.04,42.12,15.17,23.15,2.41,,0,0
2026-03-17 22:07:54,HYD-P02,Running,209.3,36.68,75.98,29.82,2.31,,30.4,92.0
2026-03-17 22:17:54,HYD-P02,Running,257.68,36.05,77.21,27.08,2.56,,37.3,68.9
2026-03-17 22:27:54,HYD-P02,Running,100.09,72.88,48.96,44.68,2.81,,29.4,76.1
2026-03-17 22:37:54,HYD-P02,Running,192.52,56.26,35.49,36.68,1.33,,37.0,83.4
2026-03-17 22:47:54,HYD-P02,Running,188.47,55.15,34.72,23.02,2.85,,44.5,94.7
2026-03-17 22:57:54,HYD-P02,Running,261.83,41.44,53.3,16.57,1.66,,29.7,79.0
2026-03-17 23:07:54,HYD-P02,Running,211.38,43.28,11.62,37.85,3.63,,35.4,88.5
2026-03-17 23:17:54,HYD-P02,Fault,170.98,89.06,12.36,24.76,1.97,E14,0,0
2026-03-17 23:27:54,HYD-P02,Running,191.59,38.98,42.61,40.82,0.52,,36.4,63.2
2026-03-17 23:37:54,HYD-P02,Running,221.21,59.8,1.78,39.51,2.21,,37.7,61.4
2026-03-17 23:47:54,HYD-P02,Running,149.52,83.74,56.86,15.77,1.48,,38.1,81.5
2026-03-17 23:57:54,HYD-P02,Running,224.77,36.62,35.6,31.0,4.21,,28.5,89.8
2026-03-18 00:07:54,HYD-P02,Running,204.24,43.97,37.62,22.03,1.09,,33.3,71.4
2026-03-18 00:17:54,HYD-P02,Running,122.31,36.99,27.06,44.49,0.68,,39.7,80.3
2026-03-18 00:27:54,HYD-P02,Idle,165.3,51.11,53.13,38.12,1.68,,0,0
2026-03-18 00:37:54,HYD-P02,Running,128.72,60.47,35.13,24.93,1.49,,33.5,64.7
2026-03-18 00:47:54,HYD-P02,Running,245.0,42.87,53.99,10.22,2.89,,36.3,94.6
2026-03-18 00:57:54,HYD-P02,Running,232.63,50.1,74.44,22.54,2.08,,41.6,73.1
2026-03-18 01:07:54,HYD-P02,Running,284.48,47.53,39.95,32.1,1.83,,38.4,81.4
2026-03-18 01:17:54,HYD-P02,Running,242.47,46.37,52.83,32.67,3.67,,38.7,87.7
2026-03-18 01:27:54,HYD-P02,Running,231.74,57.85,33.86,27.73,1.25,,28.7,68.0
2026-03-18 01:37:54,HYD-P02,Running,138.12,48.27,19.52,21.91,2.9,,32.7,88.5
2026-03-18 01:47:54,HYD-P02,Running,162.51,58.81,58.4,28.01,4.98,,39.2,70.1
2026-03-18 01:57:54,HYD-P02,Running,254.7,49.02,52.7,30.55,4.29,,28.4,64.5
2026-03-18 02:07:54,HYD-P02,Running,138.73,51.8,74.36,14.92,4.86,,37.2,79.2
2026-03-18 02:17:54,HYD-P02,Fault,269.66,56.33,2.4,33.83,2.91,E18,0,0
2026-03-18 02:27:54,HYD-P02,Running,175.07,48.36,48.87,33.56,0.73,,41.7,79.1
2026-03-18 02:37:54,HYD-P02,Running,102.73,55.11,25.19,41.46,2.54,,36.1,92.4
2026-03-18 02:47:54,HYD-P02,Running,104.47,54.82,68.44,22.07,2.05,,38.0,84.4
2026-03-18 02:57:54,HYD-P02,Idle,211.7,58.34,53.45,19.67,2.75,,0,0
2026-03-18 03:07:54,HYD-P02,Fault,185.64,84.97,40.32,10.22,1.66,E12,0,0
2026-03-18 03:17:54,HYD-P02,Running,184.21,62.04,79.77,20.22,0.58,,33.4,70.9
2026-03-18 03:27:54,HYD-P02,Running,144.02,36.37,77.84,17.75,0.88,,35.0,62.6
2026-03-18 03:37:54,HYD-P02,Fault,111.27,42.5,9.81,31.35,2.83,E12,0,0
2026-03-18 03:47:54,HYD-P02,Running,114.27,43.34,30.96,34.01,1.19,,37.4,78.9
2026-03-18 03:57:54,HYD-P02,Idle,221.74,49.43,37.83,18.93,2.38,,0,0
2026-03-18 04:07:54,HYD-P02,Running,163.03,41.73,10.69,27.65,3.95,,34.1,79.0
2026-03-18 04:17:54,HYD-P02,Idle,188.63,54.85,11.68,27.07,2.08,,0,0
2026-03-18 04:27:54,HYD-P02,Running,206.22,58.93,50.58,10.16,1.18,,41.2,66.6
2026-03-18 04:37:54,HYD-P02,Running,108.91,51.67,51.67,22.14,2.78,,32.2,90.0
2026-03-18 04:47:54,HYD-P02,Running,163.03,47.44,44.33,17.59,0.96,,30.0,83.5
2026-03-18 04:57:54,HYD-P02,Running,106.03,53.62,61.04,16.54,1.94,,40.2,89.0
2026-03-18 05:07:54,HYD-P02,Fault,273.21,38.61,67.14,19.75,2.15,E18,0,0
2026-03-18 05:17:54,HYD-P02,Idle,228.66,44.73,59.95,17.28,1.18,,0,0
2026-03-18 05:27:54,HYD-P02,Fault,283.91,73.33,14.59,22.4,0.85,E17,0,0
2026-03-18 05:37:54,HYD-P02,Running,170.99,36.63,38.19,16.03,2.6,,32.6,76.8
2026-03-18 05:47:54,HYD-P02,Running,120.02,51.13,79.19,29.26,1.17,,32.3,63.5
2026-03-18 05:57:54,HYD-P02,Running,177.47,45.09,19.57,48.99,1.11,,43.8,90.0
2026-03-18 06:07:54,HYD-P02,Running,238.66,50.69,20.2,19.82,1.88,,28.0,66.8
2026-03-18 06:17:54,HYD-P02,Running,256.13,41.28,55.17,30.1,1.91,,34.5,81.9
2026-03-18 06:27:54,HYD-P02,Running,148.71,43.92,51.95,22.92,2.22,,43.2,68.1
2026-03-18 06:37:54,HYD-P02,Running,130.74,59.9,16.81,23.24,2.35,,29.6,69.0
2026-03-18 06:47:54,HYD-P02,Running,161.37,51.08,73.59,49.24,0.73,,38.2,86.1
2026-03-18 06:57:54,HYD-P02,Running,136.18,41.93,65.44,37.79,2.98,,43.1,63.5
2026-03-18 07:07:54,HYD-P02,Running,134.4,35.0,76.08,26.69,2.35,,37.7,83.4
2026-03-18 07:17:54,HYD-P02,Running,223.35,36.13,69.64,18.85,3.9,,28.5,85.4
2026-03-18 07:27:54,HYD-P02,Running,155.0,54.03,45.91,35.01,1.45,,28.6,66.1
2026-03-18 07:37:54,HYD-P02,Running,163.05,62.36,14.15,30.99,2.28,,43.0,78.6
2026-03-18 07:47:54,HYD-P02,Running,188.75,49.64,47.18,27.83,1.04,,30.9,89.3
2026-03-18 07:57:54,HYD-P02,Running,147.36,58.16,70.14,18.87,1.66,,37.9,87.9
2026-03-18 08:07:54,HYD-P02,Running,108.07,48.34,53.6,29.49,2.54,,31.1,90.7
2026-03-18 08:17:54,HYD-P02,Running,136.07,72.87,24.45,12.51,0.73,,37.3,89.0
2026-03-18 08:27:54,HYD-P02,Running,259.81,38.49,61.93,41.48,1.56,,29.4,86.6
2026-03-18 08:37:54,HYD-P02,Fault,202.2,43.44,0.12,56.65,7.43,E16,0,0
2026-03-18 08:47:54,HYD-P02,Running,211.33,37.03,48.85,23.17,2.12,,38.7,93.9
2026-03-18 08:57:54,HYD-P02,Running,274.49,44.48,19.14,32.58,0.71,,37.8,76.7
2026-03-18 09:07:54,HYD-P02,Running,236.54,62.64,50.08,19.42,1.77,,28.8,61.7
2026-03-18 09:17:54,HYD-P02,Running,232.87,50.92,17.24,14.5,0.81,,41.6,77.9
2026-03-18 09:27:54,HYD-P02,Fault,155.43,64.65,54.61,26.58,6.41,E14,0,0
2026-03-18 09:37:54,HYD-P02,Running,228.4,50.45,21.02,29.09,2.81,,29.1,69.4
2026-03-18 09:47:54,HYD-P02,Running,252.45,55.87,53.35,10.15,1.15,,31.0,93.2
2026-03-18 09:57:54,HYD-P02,Running,239.63,44.45,51.7,42.68,0.66,,38.5,70.3
2026-03-18 10:07:54,HYD-P02,Running,185.71,53.26,29.52,22.59,1.42,,37.0,67.5
2026-03-18 10:17:54,HYD-P02,Running,216.74,73.1,37.5,21.7,2.38,,42.7,61.5
2026-03-18 10:27:54,HYD-P02,Fault,134.36,43.5,37.63,37.34,5.25,E17,0,0
2026-03-18 10:37:54,HYD-P02,Fault,229.46,59.0,74.98,52.26,3.48,E19,0,0
2026-03-18 10:47:54,HYD-P02,Fault,247.34,59.31,69.91,46.88,7.06,E15,0,0
2026-03-18 10:57:54,HYD-P02,Running,237.47,54.13,69.71,19.45,1.49,,30.4,63.6
2026-03-18 11:07:54,HYD-P02,Running,262.0,53.03,52.66,15.96,2.08,,31.7,74.2
2026-03-18 11:17:54,HYD-P02,Running,133.86,56.37,77.37,28.36,2.4,,34.6,76.2
2026-03-18 11:27:54,HYD-P02,Running,161.08,56.6,20.64,34.61,0.57,,41.2,63.9
2026-03-18 11:37:54,HYD-P02,Running,189.58,41.11,48.34,17.92,2.95,,40.3,74.5
2026-03-18 11:47:54,HYD-P02,Fault,288.63,44.2,28.04,43.11,3.25,E20,0,0
2026-03-18 11:57:54,HYD-P02,Running,180.88,44.93,70.28,32.7,0.93,,44.0,81.2
2026-03-18 12:07:54,HYD-P02,Running,111.03,43.38,25.53,30.86,1.23,,34.9,86.2
2026-03-18 12:17:54,HYD-P02,Running,194.57,43.44,43.73,33.72,4.39,,30.2,87.3
2026-03-18 12:27:54,HYD-P02,Fault,271.26,59.76,32.19,36.54,4.74,E13,0,0
2026-03-18 12:37:54,HYD-P02,Running,110.9,40.32,66.06,20.22,3.86,,35.4,63.8
2026-03-18 12:47:54,HYD-P02,Running,172.79,51.1,32.65,17.91,0.6,,43.2,60.2
2026-03-18 12:57:54,HYD-P02,Running,167.11,42.46,60.03,36.81,0.62,,34.4,85.3
2026-03-18 13:07:54,HYD-P02,Running,263.34,52.35,22.85,26.93,2.51,,31.1,60.6
2026-03-18 13:17:54,HYD-P02,Running,248.78,39.14,62.37,28.78,1.93,,41.3,70.4
2026-03-18 13:27:54,HYD-P02,Running,190.7,53.24,78.87,36.67,1.84,,34.5,93.3
2026-03-18 13:37:54,HYD-P02,Running,149.55,60.32,38.58,39.25,0.94,,31.1,87.3
2026-03-18 13:47:54,HYD-P02,Running,144.16,59.23,53.59,22.23,2.98,,34.8,64.1
2026-03-18 13:57:54,HYD-P02,Fault,245.85,81.63,38.57,31.73,1.05,E20,0,0
2026-03-18 14:07:54,HYD-P02,Fault,197.53,48.01,53.67,58.19,0.51,E17,0,0
2026-03-18 14:17:54,HYD-P02,Running,117.67,52.38,40.48,35.47,1.98,,39.5,75.2
2026-03-18 14:27:54,HYD-P02,Running,217.54,44.46,24.37,10.45,1.56,,39.7,65.1
2026-03-18 14:37:54,HYD-P02,Running,179.28,59.51,35.12,18.01,1.1,,33.3,77.8
2026-03-18 14:47:54,HYD-P02,Running,106.08,89.39,33.42,58.52,1.48,,28.9,89.2
2026-03-18 14:57:54,HYD-P02,Running,175.58,70.02,40.09,35.63,3.13,,38.4,69.8
2026-03-18 15:07:54,HYD-P02,Running,190.98,43.03,66.42,25.65,2.87,,38.7,61.8
2026-03-18 15:17:54,HYD-P02,Running,195.63,57.39,55.93,11.75,2.71,,41.0,74.4
2026-03-18 15:27:54,HYD-P02,Fault,120.58,86.98,49.53,24.22,0.62,E20,0,0
2026-03-18 15:37:54,HYD-P02,Fault,265.55,89.05,35.77,15.95,0.72,E16,0,0
2026-03-18 15:47:54,HYD-P02,Running,239.59,57.9,48.03,23.93,2.99,,39.5,62.8
2026-03-18 15:57:54,HYD-P02,Running,156.97,45.55,78.77,24.03,2.94,,31.2,75.7
2026-03-18 16:07:54,HYD-P02,Idle,181.78,49.81,30.12,11.43,1.24,,0,0
2026-03-18 16:17:54,HYD-P02,Running,164.67,36.32,60.92,21.95,2.82,,40.6,77.5
2026-03-18 16:27:54,HYD-P02,Running,237.28,72.51,72.69,27.67,0.76,,36.8,94.1
2026-03-18 16:37:54,HYD-P02,Running,181.92,47.28,56.39,22.78,2.69,,42.9,89.7
2026-03-18 16:47:54,HYD-P02,Running,202.23,35.73,65.02,10.69,1.97,,35.3,83.8
2026-03-18 16:57:54,HYD-P02,Running,168.04,45.07,34.16,33.4,2.48,,28.0,78.9
2026-03-18 17:07:54,HYD-P02,Running,266.81,50.73,29.55,30.36,0.54,,44.8,92.8
2026-03-18 17:17:54,HYD-P02,Running,160.74,36.82,76.22,45.71,1.49,,38.1,61.4
2026-03-18 17:27:54,HYD-P02,Idle,215.89,45.75,37.33,10.48,2.73,,0,0
2026-03-18 17:37:54,HYD-P02,Running,105.09,53.24,52.54,27.95,1.77,,30.2,90.9
2026-03-18 17:47:54,HYD-P02,Running,210.31,50.74,37.01,26.37,2.53,,39.8,75.4
2026-03-18 17:57:54,HYD-P02,Fault,126.86,45.04,31.76,29.7,6.85,E12,0,0
2026-03-18 18:07:54,HYD-P02,Running,109.52,59.33,51.93,14.5,2.79,,40.2,65.4
2026-03-18 18:17:54,HYD-P02,Fault,148.02,47.35,67.43,30.45,6.93,E14,0,0
2026-03-18 18:27:54,HYD-P02,Idle,204.33,51.59,65.33,31.83,1.64,,0,0
2026-03-18 18:37:54,HYD-P02,Running,125.19,39.4,71.15,15.48,1.65,,30.4,88.9
2026-03-18 18:47:54,HYD-P02,Running,127.85,58.79,64.36,33.69,1.06,,37.3,91.6
2026-03-18 18:57:54,HYD-P02,Running,115.47,41.52,74.96,32.84,2.83,,44.1,73.6
2026-03-18 19:07:54,HYD-P02,Running,125.78,40.54,40.6,30.59,4.72,,29.8,84.9
2026-03-18 19:17:54,HYD-P02,Running,103.85,47.97,76.97,10.47,1.72,,42.0,67.8
2026-03-18 19:27:54,HYD-P02,Idle,194.22,70.13,54.62,13.4,1.71,,0,0
2026-03-18 19:37:54,HYD-P02,Fault,205.7,41.73,8.39,19.23,1.63,E16,0,0
2026-03-18 19:47:54,HYD-P02,Running,132.49,50.48,45.17,38.52,4.6,,33.4,60.6
2026-03-18 19:57:54,HYD-P02,Running,242.91,56.61,37.01,12.61,0.94,,37.0,94.9
2026-03-18 20:07:54,HYD-P02,Fault,178.56,50.13,65.47,53.61,1.79,E16,0,0
2026-03-18 20:17:54,HYD-P02,Running,233.53,48.94,66.55,38.67,1.96,,40.8,78.9
2026-03-18 20:27:54,HYD-P02,Running,229.39,52.65,78.99,18.39,2.33,,34.2,90.3
2026-03-18 20:37:54,HYD-P02,Idle,226.24,47.55,56.86,40.83,2.96,,0,0
2026-03-18 20:47:54,HYD-P02,Fault,100.94,77.34,58.35,36.35,3.47,E12,0,0
2026-03-18 20:57:54,HYD-P02,Running,230.27,60.08,22.03,28.99,0.96,,33.2,89.8
2026-03-18 21:07:54,HYD-P02,Running,157.46,59.88,49.98,39.71,1.62,,35.5,93.2
2026-03-18 21:17:54,HYD-P02,Fault,122.46,80.49,64.32,21.07,2.9,E13,0,0
2026-03-18 21:27:54,HYD-P02,Running,221.16,62.01,27.58,36.36,2.07,,29.0,85.8
2026-03-18 21:37:54,HYD-P02,Running,177.94,47.24,53.16,25.98,1.51,,39.3,66.2
2026-03-18 21:47:54,HYD-P02,Idle,152.51,41.51,53.72,14.07,1.93,,0,0
2026-03-18 21:57:54,HYD-P02,Running,113.54,56.37,42.94,17.23,3.11,,40.2,93.6
2026-03-18 22:07:54,HYD-P02,Running,126.33,40.38,63.03,26.93,0.97,,28.5,66.4
2026-03-18 22:17:54,HYD-P02,Running,243.28,40.35,30.27,44.27,2.63,,33.2,79.4
2026-03-18 22:27:54,HYD-P02,Running,234.51,44.09,67.36,26.2,2.85,,30.1,85.4
2026-03-18 22:37:54,HYD-P02,Running,211.55,39.04,34.83,53.33,1.94,,40.2,64.1
2026-03-18 22:47:54,HYD-P02,Fault,190.54,49.56,5.71,14.86,2.17,E19,0,0
2026-03-18 22:57:54,HYD-P02,Idle,207.81,52.7,28.3,38.37,0.83,,0,0
2026-03-18 23:07:54,HYD-P02,Running,245.81,44.11,63.57,41.88,5.13,,41.8,84.0
2026-03-18 23:17:54,HYD-P02,Running,175.52,45.96,61.6,36.36,1.39,,37.1,92.4
2026-03-18 23:27:54,HYD-P02,Running,238.38,55.34,10.17,17.09,0.71,,41.5,71.2
2026-03-18 23:37:54,HYD-P02,Running,152.03,58.85,54.23,12.81,2.11,,43.8,93.0
2026-03-18 23:47:54,HYD-P02,Running,199.6,62.98,72.07,11.7,2.78,,44.9,62.9
2026-03-18 23:57:54,HYD-P02,Running,174.98,37.88,58.0,13.47,2.67,,44.3,74.4
2026-03-19 00:07:54,HYD-P02,Running,120.95,71.57,26.96,13.14,0.6,,28.5,64.8
2026-03-19 00:17:54,HYD-P02,Running,211.39,45.94,75.53,16.42,0.98,,31.5,60.5
2026-03-19 00:27:54,HYD-P02,Running,197.59,42.54,28.98,15.28,3.05,,34.7,78.4
2026-03-19 00:37:54,HYD-P02,Running,228.98,43.17,55.78,10.51,0.98,,44.9,72.2
2026-03-19 00:47:54,HYD-P02,Fault,218.65,53.4,9.31,27.07,2.45,E11,0,0
2026-03-19 00:57:54,HYD-P02,Running,134.33,38.55,76.11,26.19,2.41,,42.4,69.1
2026-03-19 01:07:54,HYD-P02,Running,264.85,38.52,23.23,28.43,1.89,,30.8,81.7
2026-03-19 01:17:54,HYD-P02,Running,208.23,66.39,44.74,35.8,2.86,,33.4,93.4
2026-03-19 01:27:54,HYD-P02,Running,231.79,35.19,71.99,50.59,6.09,,37.6,86.9
2026-03-19 01:37:54,HYD-P02,Running,163.48,50.57,55.41,20.44,2.61,,32.3,89.5
2026-03-19 01:47:54,HYD-P02,Running,221.51,35.07,10.59,47.84,1.02,,40.5,74.4
2026-03-19 01:57:54,HYD-P02,Running,167.4,58.58,45.43,40.13,4.45,,29.8,80.7
2026-03-19 02:07:54,HYD-P02,Running,116.23,36.52,15.08,13.05,4.43,,44.5,88.5
2026-03-19 02:17:54,HYD-P02,Fault,245.5,47.3,44.04,41.97,6.31,E19,0,0
2026-03-19 02:27:54,HYD-P02,Running,167.02,49.9,32.27,20.01,2.51,,38.3,65.5
2026-03-19 02:37:54,HYD-P02,Running,240.81,55.96,46.21,20.6,3.48,,42.5,60.7
2026-03-19 02:47:54,HYD-P02,Fault,255.32,37.5,57.61,50.68,3.89,E18,0,0
2026-03-19 02:57:54,HYD-P02,Running,137.85,84.83,52.63,12.04,2.39,,32.6,60.1
2026-03-19 03:07:54,HYD-P02,Running,249.62,71.77,16.11,34.23,2.58,,43.8,73.8
2026-03-19 03:17:54,HYD-P02,Running,248.45,51.2,55.42,34.41,1.89,,35.0,73.4
2026-03-19 03:27:54,HYD-P02,Running,254.33,36.23,35.97,15.23,0.96,,44.4,83.4
2026-03-19 03:37:54,HYD-P02,Running,187.43,59.89,20.88,37.33,1.58,,39.2,60.9
2026-03-19 03:47:54,HYD-P02,Running,177.34,48.51,25.34,41.58,0.57,,38.7,63.3
2026-03-19 03:57:54,HYD-P02,Running,240.48,54.98,61.06,27.15,2.71,,35.6,65.1
2026-03-19 04:07:54,HYD-P02,Running,269.52,53.27,57.56,37.83,2.54,,44.5,92.5
2026-03-19 04:17:54,HYD-P02,Running,145.62,53.95,72.81,25.39,1.93,,36.6,75.3
2026-03-19 04:27:54,HYD-P02,Fault,275.18,41.49,14.74,12.81,2.61,E12,0,0
2026-03-19 04:37:54,HYD-P02,Running,160.48,51.7,50.65,34.51,0.91,,37.5,77.7
2026-03-19 04:47:54,HYD-P02,Running,212.82,59.98,48.63,18.01,1.07,,43.4,63.1
2026-03-19 04:57:54,HYD-P02,Running,116.87,47.36,34.89,30.23,1.88,,40.3,72.4
2026-03-19 05:07:54,HYD-P02,Running,169.04,55.12,43.89,11.36,1.55,,42.2,73.2
2026-03-19 05:17:54,HYD-P02,Running,208.05,45.73,50.7,23.32,1.35,,30.7,92.7
2026-03-19 05:27:54,HYD-P02,Running,136.47,41.88,20.02,38.8,1.16,,39.8,68.0
2026-03-19 05:37:54,HYD-P02,Running,258.72,44.88,79.25,28.06,3.04,,29.5,62.6
2026-03-19 05:47:54,HYD-P02,Running,116.94,59.86,59.67,29.2,2.55,,34.9,68.1
2026-03-19 05:57:54,HYD-P02,Running,161.14,77.8,75.1,25.33,2.45,,34.1,93.5
2026-03-19 06:07:54,HYD-P02,Running,174.34,50.41,59.02,30.91,2.47,,42.4,76.5
2026-03-19 06:17:54,HYD-P02,Running,234.49,36.63,62.01,27.2,0.6,,43.4,60.1
2026-03-19 06:27:54,HYD-P02,Running,225.0,41.79,44.82,13.14,1.32,,34.7,73.2
2026-03-19 06:37:54,HYD-P02,Running,163.33,50.44,61.93,30.89,1.28,,37.6,84.1
2026-03-19 06:47:54,HYD-P02,Running,149.1,59.47,22.96,14.04,0.95,,41.3,94.8
2026-03-19 06:57:54,HYD-P02,Running,239.31,36.11,14.74,31.85,1.99,,37.4,73.8
2026-03-19 07:07:54,HYD-P02,Idle,137.28,51.19,15.79,27.98,0.52,,0,0
2026-03-19 07:17:54,HYD-P02,Running,185.86,42.47,35.01,49.21,2.21,,43.4,90.2
2026-03-19 07:27:54,HYD-P02,Running,164.7,43.17,29.71,37.94,2.66,,35.5,78.8
2026-03-19 07:37:54,HYD-P02,Running,283.52,54.2,31.54,28.26,1.11,,34.9,73.3
2026-03-19 07:47:54,HYD-P02,Idle,195.03,43.41,26.5,28.11,2.81,,0,0
2026-03-19 07:57:54,HYD-P02,Running,163.82,37.96,30.86,23.56,1.7,,33.3,64.7
2026-03-19 08:07:54,HYD-P02,Fault,110.1,76.19,79.01,49.11,2.54,E19,0,0
2026-03-19 08:17:54,HYD-P02,Fault,249.01,88.57,26.5,39.46,1.74,E14,0,0
2026-03-19 08:27:54,HYD-P02,Fault,125.93,58.54,67.14,58.02,2.99,E15,0,0
2026-03-19 08:37:54,HYD-P02,Running,195.79,38.68,11.65,17.54,2.71,,35.3,84.4
2026-03-19 08:47:54,HYD-P02,Running,229.96,46.53,69.14,39.5,0.94,,39.4,84.3
2026-03-19 08:57:54,HYD-P02,Fault,148.64,54.92,36.1,59.45,2.13,E18,0,0
2026-03-19 09:07:54,HYD-P02,Running,121.85,57.0,19.44,31.39,2.42,,40.5,94.2
2026-03-19 09:17:54,HYD-P02,Running,193.12,37.12,66.41,17.29,2.1,,36.3,61.1
2026-03-19 09:27:54,HYD-P02,Running,183.26,39.24,14.75,29.65,4.69,,34.6,68.6
2026-03-19 09:37:54,HYD-P02,Running,256.58,35.83,67.57,31.58,0.86,,31.9,89.7
2026-03-19 09:47:54,HYD-P02,Running,101.77,56.58,64.42,31.45,1.69,,43.4,89.5
2026-03-19 09:57:54,HYD-P02,Running,125.84,57.92,35.7,34.78,1.84,,29.1,81.1
2026-03-19 10:07:54,HYD-P02,Running,205.69,35.39,65.34,30.09,1.99,,35.8,77.6
2026-03-19 10:17:54,HYD-P02,Running,231.12,55.1,45.54,25.43,2.72,,29.0,94.8
2026-03-19 10:27:54,HYD-P02,Running,186.82,46.98,46.96,21.31,5.27,,40.7,73.3
2026-03-19 10:37:54,HYD-P02,Running,140.17,55.79,55.54,17.06,0.76,,44.8,83.1
2026-03-19 10:47:54,HYD-P02,Running,158.78,58.59,79.0,25.44,4.16,,30.9,64.2
2026-03-19 10:57:54,HYD-P02,Fault,102.24,57.22,6.92,23.02,4.82,E20,0,0
2026-03-19 11:07:54,HYD-P02,Running,183.72,47.02,20.67,42.95,2.49,,43.6,68.2
2026-03-19 11:17:54,HYD-P02,Running,239.28,51.03,15.1,44.83,2.38,,38.9,66.8
2026-03-19 11:27:54,HYD-P02,Fault,229.95,55.8,22.09,33.19,7.51,E13,0,0
2026-03-19 11:37:54,HYD-P02,Fault,294.52,43.24,42.75,19.94,0.62,E17,0,0
2026-03-19 11:47:54,HYD-P02,Fault,113.8,84.71,37.95,40.9,2.98,E15,0,0
2026-03-19 11:57:54,HYD-P02,Fault,283.41,44.97,74.98,28.56,4.23,E19,0,0
2026-03-19 12:07:54,HYD-P02,Running,164.48,42.36,52.06,28.65,2.02,,37.0,78.9
2026-03-19 12:17:54,HYD-P02,Running,178.01,37.96,60.93,33.45,3.06,,35.3,72.7
2026-03-19 12:27:54,HYD-P02,Running,185.4,35.58,27.59,13.98,2.41,,42.4,82.1
2026-03-19 12:37:54,HYD-P02,Fault,224.66,35.37,53.2,59.44,1.42,E12,0,0
2026-03-19 12:47:54,HYD-P02,Running,154.18,59.29,14.87,12.71,1.72,,31.1,62.6
2026-03-19 12:57:54,HYD-P02,Running,219.59,38.62,17.13,14.13,0.91,,36.1,77.9
2026-03-19 13:07:54,HYD-P02,Running,251.07,59.89,63.26,37.49,4.11,,34.3,89.2
2026-03-19 13:17:54,HYD-P02,Idle,258.7,35.07,27.58,24.91,6.72,,0,0
2026-03-19 13:27:54,HYD-P02,Running,132.93,43.55,23.17,34.82,2.66,,36.6,92.2
2026-03-19 13:37:54,HYD-P02,Running,233.11,42.0,14.85,37.37,0.9,,35.7,63.2
2026-03-19 13:47:54,HYD-P02,Fault,110.87,48.56,66.35,50.66,2.86,E11,0,0
2026-03-19 13:57:54,HYD-P02,Running,261.49,50.26,73.15,48.16,3.37,,43.0,86.0
2026-03-19 14:07:54,HYD-P02,Fault,222.54,36.33,31.98,50.71,1.28,E18,0,0
2026-03-19 14:17:54,HYD-P02,Running,205.1,37.17,67.11,19.82,2.53,,37.6,76.4
2026-03-19 14:27:54,HYD-P02,Running,185.96,45.3,35.43,32.98,2.33,,41.5,78.0
2026-03-19 14:37:54,HYD-P02,Running,171.12,55.27,19.02,12.12,0.61,,37.5,81.4
2026-03-19 14:47:54,HYD-P02,Running,127.48,42.42,67.02,23.14,2.7,,42.8,65.3
2026-03-19 14:57:54,HYD-P02,Running,160.84,48.64,4.29,26.44,2.99,,36.6,79.2
2026-03-19 15:07:54,HYD-P02,Running,147.69,58.03,57.84,22.18,0.62,,35.6,75.6
2026-03-19 15:17:54,HYD-P02,Running,107.52,50.5,41.85,16.18,2.56,,37.2,71.7
2026-03-19 15:27:54,HYD-P02,Running,116.07,52.5,59.96,36.68,3.17,,41.2,92.9
2026-03-19 15:37:54,HYD-P02,Fault,269.73,79.93,76.55,11.62,0.92,E20,0,0
2026-03-19 15:47:54,HYD-P02,Running,135.07,58.3,24.99,10.02,3.27,,33.3,87.8
2026-03-19 15:57:54,HYD-P02,Running,230.79,62.37,68.75,12.37,3.43,,31.1,90.7
2026-03-19 16:07:54,HYD-P02,Running,198.2,41.49,57.06,52.83,1.73,,42.4,76.2
2026-03-19 16:17:54,HYD-P02,Running,239.61,49.75,21.68,32.53,3.02,,44.3,81.8
2026-03-19 16:27:54,HYD-P02,Fault,215.93,85.35,20.18,38.13,1.57,E15,0,0
2026-03-19 16:37:54,HYD-P02,Running,260.86,57.75,79.43,28.46,2.9,,40.9,68.5
2026-03-19 16:47:54,HYD-P02,Running,185.06,44.03,10.59,27.08,2.11,,35.3,92.0
2026-03-19 16:57:54,HYD-P02,Running,108.82,52.93,22.65,17.25,1.17,,40.2,93.5
2026-03-19 17:07:54,HYD-P02,Running,185.54,49.53,42.5,10.08,1.44,,30.7,71.5
2026-03-19 17:17:54,HYD-P02,Running,194.93,36.82,42.77,36.97,0.76,,31.1,62.1
2026-03-19 17:27:54,HYD-P02,Idle,242.05,38.74,38.46,12.09,0.58,,0,0
2026-03-19 17:37:54,HYD-P02,Fault,163.26,43.9,7.64,37.41,1.11,E12,0,0
2026-03-19 17:47:54,HYD-P02,Running,257.85,38.4,36.9,38.73,1.64,,44.9,79.5
2026-03-19 17:57:54,HYD-P02,Running,167.67,56.52,15.93,22.7,0.62,,32.1,83.5
2026-03-19 18:07:54,HYD-P02,Running,219.6,38.54,51.24,44.62,0.56,,28.0,75.6
2026-03-19 18:17:54,HYD-P02,Running,256.89,52.84,30.86,38.72,4.59,,30.9,72.3
2026-03-19 18:27:54,HYD-P02,Running,217.85,57.75,61.18,23.01,1.76,,34.3,79.3
2026-03-19 18:37:54,HYD-P02,Running,261.77,53.74,48.23,12.83,0.61,,44.9,71.9
2026-03-19 18:47:54,HYD-P02,Running,180.25,50.1,52.85,38.28,1.95,,41.7,69.7
2026-03-19 18:57:54,HYD-P02,Running,146.65,61.44,30.09,14.88,4.1,,37.1,81.9
2026-03-19 19:07:54,HYD-P02,Running,134.3,38.89,36.65,18.36,0.83,,36.9,63.8
2026-03-19 19:17:54,HYD-P02,Fault,243.02,50.06,20.61,28.82,5.11,E11,0,0
2026-03-19 19:27:54,HYD-P02,Running,207.16,56.31,46.33,37.91,0.76,,31.3,91.4
2026-03-19 19:37:54,HYD-P02,Fault,175.5,57.16,43.75,59.84,4.43,E18,0,0
2026-03-19 19:47:54,HYD-P02,Running,153.38,37.4,27.92,40.23,2.0,,43.0,84.0
2026-03-19 19:57:54,HYD-P02,Running,170.45,50.2,29.55,25.93,4.57,,42.3,86.0
2026-03-19 20:07:54,HYD-P02,Running,110.03,39.06,68.09,13.56,1.75,,37.5,72.9
2026-03-19 20:17:54,HYD-P02,Running,226.22,46.51,73.46,31.01,0.71,,34.7,72.7
2026-03-19 20:27:54,HYD-P02,Running,143.04,41.37,46.46,39.39,2.01,,31.8,74.6
2026-03-19 20:37:54,HYD-P02,Fault,289.42,46.34,30.14,36.46,3.59,E14,0,0
2026-03-19 20:47:54,HYD-P02,Running,199.82,53.47,53.29,30.21,4.03,,43.1,61.4
2026-03-19 20:57:54,HYD-P02,Running,242.37,52.18,16.23,29.18,2.77,,39.2,80.0
2026-03-19 21:07:54,HYD-P02,Running,133.09,55.12,63.21,18.45,2.89,,39.3,72.8
2026-03-19 21:17:54,HYD-P02,Fault,136.83,58.73,6.9,47.06,2.17,E11,0,0
2026-03-19 21:27:54,HYD-P02,Running,207.82,46.67,74.97,18.06,1.63,,43.2,87.9
2026-03-19 21:37:54,HYD-P02,Running,215.81,50.89,41.63,21.12,2.64,,43.8,80.8
2026-03-19 21:47:54,HYD-P02,Running,244.34,63.13,24.74,21.1,2.77,,43.7,92.8
2026-03-19 21:57:54,HYD-P02,Running,145.95,65.13,55.76,38.2,1.49,,31.1,89.9
2026-03-19 22:07:54,HYD-P02,Running,167.98,38.42,63.04,17.97,2.83,,45.0,93.4
2026-03-19 22:17:54,HYD-P02,Running,187.53,57.43,68.99,19.5,2.3,,37.6,67.7
2026-03-19 22:27:54,HYD-P02,Running,133.9,52.02,5.34,13.66,2.55,,30.0,72.9
2026-03-19 22:37:54,HYD-P02,Running,113.86,42.02,41.76,18.38,1.58,,41.6,69.1
2026-03-19 22:47:54,HYD-P02,Running,197.57,36.22,58.57,29.44,0.56,,41.5,90.6
2026-03-19 22:57:54,HYD-P02,Running,133.38,46.32,44.02,15.65,0.78,,39.0,61.6
2026-03-19 23:07:54,HYD-P02,Idle,205.04,55.34,23.77,21.02,2.15,,0,0
2026-03-19 23:17:54,HYD-P02,Fault,274.56,39.45,38.55,29.88,0.8,E15,0,0
2026-03-19 23:27:54,HYD-P02,Idle,186.05,54.23,43.88,30.82,0.91,,0,0
2026-03-19 23:37:54,HYD-P02,Running,156.71,52.73,43.45,10.8,1.94,,36.2,68.6
2026-03-19 23:47:54,HYD-P02,Running,156.03,55.68,60.97,14.45,2.23,,31.9,81.6
2026-03-19 23:57:54,HYD-P02,Running,190.51,42.18,61.47,33.45,1.39,,35.2,63.0
2026-03-20 00:07:54,HYD-P02,Running,105.21,57.68,47.55,21.67,2.9,,41.7,89.0
2026-03-20 00:17:54,HYD-P02,Fault,105.79,76.87,41.25,34.71,2.73,E19,0,0
2026-03-20 00:27:54,HYD-P02,Running,127.43,72.89,70.51,31.22,2.65,,36.1,71.4
2026-03-20 00:37:54,HYD-P02,Running,119.65,59.25,61.45,38.57,1.77,,40.8,70.2
2026-03-20 00:47:54,HYD-P02,Running,151.92,56.45,63.04,30.56,0.95,,34.9,73.2
2026-03-20 00:57:54,HYD-P02,Running,192.69,40.28,74.01,36.91,1.7,,29.1,82.7
2026-03-20 01:07:54,HYD-P02,Running,140.73,47.29,12.36,19.46,2.87,,39.1,71.3
2026-03-20 01:17:54,HYD-P02,Fault,289.8,44.63,23.44,29.92,2.57,E16,0,0
2026-03-20 01:27:54,HYD-P02,Running,147.07,46.9,35.09,41.74,0.67,,44.6,69.4
2026-03-20 01:37:54,HYD-P02,Running,265.33,43.25,54.17,27.29,2.96,,35.7,77.4
2026-03-20 01:47:54,HYD-P02,Fault,109.03,55.28,1.69,30.0,4.73,E13,0,0
2026-03-20 01:57:54,HYD-P02,Running,113.47,58.52,65.11,38.4,1.83,,34.9,79.8
2026-03-20 02:07:54,HYD-P02,Running,132.34,47.26,24.79,33.11,2.13,,28.5,93.6
2026-03-20 02:17:54,HYD-P02,Running,244.58,46.88,41.15,38.08,2.21,,39.9,70.8
2026-03-20 02:27:54,HYD-P02,Running,251.83,43.22,77.23,33.57,0.95,,28.8,64.2
2026-03-20 02:37:54,HYD-P02,Running,266.84,47.16,79.59,23.68,1.7,,28.0,74.7
2026-03-20 02:47:54,HYD-P02,Running,159.35,51.63,44.05,27.79,2.71,,41.9,73.5
2026-03-20 02:57:54,HYD-P02,Running,203.59,87.87,4.07,30.97,0.59,,37.6,81.6
2026-03-20 03:07:54,HYD-P02,Running,166.21,69.52,28.24,16.68,2.24,,40.2,66.3
2026-03-20 03:17:54,HYD-P02,Running,124.23,45.34,37.98,35.6,2.79,,37.5,79.9
2026-03-20 03:27:54,HYD-P02,Running,159.02,45.35,37.91,17.85,2.81,,33.2,69.0
2026-03-20 03:37:54,HYD-P02,Running,267.93,44.89,55.35,17.27,2.64,,35.7,67.9
2026-03-20 03:47:54,HYD-P02,Running,231.56,48.15,59.44,14.38,3.66,,38.3,76.7
2026-03-20 03:57:54,HYD-P02,Idle,248.25,48.33,51.34,18.09,0.76,,0,0
2026-03-20 04:07:54,HYD-P02,Running,185.65,52.28,14.79,43.27,1.8,,38.7,87.5
2026-03-20 04:17:54,HYD-P02,Running,170.89,56.48,34.67,42.78,1.26,,30.5,81.4
2026-03-20 04:27:54,HYD-P02,Running,223.44,53.43,28.18,47.34,2.65,,37.0,80.8
2026-03-20 04:37:54,HYD-P02,Running,187.35,55.99,53.32,34.18,2.02,,32.4,72.6
2026-03-20 04:47:54,HYD-P02,Running,138.91,44.7,12.23,21.13,1.24,,42.1,65.5
2026-03-20 04:57:54,HYD-P02,Fault,120.36,39.87,30.99,29.68,5.7,E20,0,0
2026-03-20 05:07:54,HYD-P02,Fault,211.22,51.45,52.42,55.52,2.87,E13,0,0
2026-03-20 05:17:54,HYD-P02,Running,142.09,58.98,68.28,46.63,2.72,,32.5,94.8
2026-03-20 05:27:54,HYD-P02,Running,226.22,63.43,70.08,14.9,2.02,,34.6,66.3
2026-03-20 05:37:54,HYD-P02,Running,209.47,53.97,28.01,28.71,0.84,,34.8,94.7
2026-03-20 05:47:54,HYD-P02,Running,231.67,40.49,48.11,46.92,1.57,,43.9,60.4
2026-03-20 05:57:54,HYD-P02,Running,121.3,50.25,38.91,11.7,1.43,,44.0,66.1
2026-03-20 06:07:54,HYD-P02,Running,187.26,55.4,21.74,37.54,0.62,,35.8,93.1
2026-03-20 06:17:54,HYD-P02,Running,221.42,57.93,4.54,14.9,1.23,,41.8,85.3
2026-03-20 06:27:54,HYD-P02,Running,138.84,46.56,26.1,29.27,1.3,,29.8,87.5
2026-03-20 06:37:54,HYD-P02,Running,229.34,36.25,52.5,37.61,2.19,,33.8,90.5
2026-03-20 06:47:54,HYD-P02,Running,253.11,55.07,61.29,32.75,1.14,,40.6,93.2
2026-03-20 06:57:54,HYD-P02,Running,194.08,54.24,11.86,12.58,4.06,,28.7,84.4
2026-03-20 07:07:54,HYD-P02,Running,182.92,53.57,19.16,12.22,2.66,,39.8,87.9
2026-03-20 07:17:54,HYD-P02,Running,189.74,49.69,35.11,27.95,2.74,,29.7,66.1
2026-03-20 07:27:54,HYD-P02,Fault,241.8,41.24,30.91,58.57,0.78,E16,0,0
2026-03-20 07:37:54,HYD-P02,Running,139.1,44.56,74.53,10.05,0.99,,33.0,75.5
2026-03-20 07:47:54,HYD-P02,Running,102.78,47.96,54.81,18.13,5.5,,34.4,77.8
2026-03-20 07:57:54,HYD-P02,Running,191.81,39.74,49.81,37.11,2.09,,44.1,80.9
2026-03-20 08:07:54,HYD-P02,Running,134.98,58.03,67.69,20.76,1.55,,33.9,62.9
2026-03-20 08:17:54,HYD-P02,Running,120.07,49.32,29.05,12.14,2.89,,31.7,65.3
2026-03-20 08:27:54,HYD-P02,Running,213.62,45.06,47.8,14.63,2.57,,39.3,93.4
2026-03-20 08:37:54,HYD-P02,Running,257.54,41.48,58.78,12.91,0.77,,40.9,61.4
2026-03-20 08:47:54,HYD-P02,Running,180.16,52.61,69.14,48.51,4.66,,34.3,70.4
2026-03-20 08:57:54,HYD-P02,Running,232.52,48.46,52.61,39.74,0.52,,29.9,71.4
2026-03-20 09:07:54,HYD-P02,Running,108.77,42.64,70.21,57.95,2.82,,38.9,76.8
2026-03-20 09:17:54,HYD-P02,Running,178.12,58.99,36.91,32.47,0.8,,30.2,70.4
2026-03-20 09:27:54,HYD-P02,Running,191.58,45.9,24.51,19.17,3.57,,37.0,87.9
2026-03-20 09:37:54,HYD-P02,Running,264.65,57.93,71.71,12.7,1.62,,34.9,81.3
2026-03-20 09:47:54,HYD-P02,Running,141.65,37.41,61.9,45.5,4.75,,28.4,84.1
2026-03-20 09:57:54,HYD-P02,Fault,100.32,89.04,52.35,21.88,0.51,E16,0,0
2026-03-20 10:07:54,HYD-P02,Running,140.52,57.48,20.11,30.67,2.61,,39.2,79.8
2026-03-20 10:17:54,HYD-P02,Running,108.95,52.44,47.44,17.32,2.61,,31.5,90.5
2026-03-20 10:27:54,HYD-P02,Running,157.8,58.99,49.02,12.5,0.79,,37.2,88.4
2026-03-20 10:37:54,HYD-P02,Running,160.37,37.62,38.28,10.02,3.31,,30.7,91.5
2026-03-20 10:47:54,HYD-P02,Running,122.85,56.23,33.43,23.83,2.64,,33.5,92.8
2026-03-20 10:57:54,HYD-P02,Running,205.05,57.39,25.7,47.56,2.56,,38.8,92.7
2026-03-20 11:07:54,HYD-P02,Running,228.45,41.18,11.27,38.7,4.84,,34.0,80.8
2026-03-20 11:17:54,HYD-P02,Running,179.99,52.32,49.85,10.5,2.33,,34.4,84.4
2026-03-20 11:27:54,HYD-P02,Running,180.08,50.29,69.77,23.45,1.77,,44.2,72.0
2026-03-20 11:37:54,HYD-P02,Fault,278.18,84.55,17.38,45.79,3.89,E13,0,0
2026-03-20 11:47:54,HYD-P02,Fault,258.24,89.96,4.38,44.84,6.66,E15,0,0
2026-03-20 11:57:54,HYD-P02,Fault,259.96,85.28,12.84,59.54,6.82,E15,0,0
2026-03-20 12:07:54,HYD-P02,Fault,283.86,81.88,13.43,55.82,3.21,E20,0,0
2026-03-20 12:17:54,HYD-P02,Running,277.96,86.89,6.4,48.76,5.51,,30.8,64.9
2026-03-20 12:27:54,HYD-P02,Idle,281.9,84.03,8.4,55.35,6.56,,0,0
2026-03-20 12:37:54,HYD-P02,Fault,261.46,84.99,4.82,45.41,6.79,E12,0,0
2026-03-20 12:47:54,HYD-P02,Fault,282.48,60.22,14.47,50.13,5.14,E17,0,0
2026-03-20 12:57:54,HYD-P02,Fault,258.07,88.04,6.45,59.68,5.88,E20,0,0
2026-03-20 13:07:54,HYD-P02,Fault,283.15,87.67,14.32,55.03,7.16,E12,0,0
2026-03-20 13:17:54,HYD-P02,Fault,274.86,72.05,6.31,53.72,3.1,E15,0,0
2026-03-20 13:27:54,HYD-P02,Running,299.07,83.93,4.84,49.55,7.79,,33.1,61.4
2026-03-20 13:37:54,HYD-P02,Running,293.34,88.65,14.36,53.15,5.53,,38.4,71.6
2026-03-20 13:47:54,HYD-P02,Fault,289.06,66.59,4.99,53.89,7.05,E20,0,0
2026-03-20 13:57:54,HYD-P02,Fault,283.11,87.72,15.34,54.89,5.41,E16,0,0
2026-03-20 14:07:54,HYD-P02,Fault,274.99,73.49,7.41,56.58,4.86,E18,0,0
2026-03-20 14:17:54,HYD-P02,Fault,293.36,89.55,4.26,56.43,4.23,E16,0,0
2026-03-20 14:27:54,HYD-P02,Fault,275.13,79.58,13.46,43.13,7.93,E16,0,0
2026-03-20 14:37:54,HYD-P02,Fault,258.97,88.74,6.37,55.99,6.36,E14,0,0
2026-03-20 14:47:54,HYD-P02,Fault,262.77,77.12,5.29,47.32,7.37,E16,0,0
2026-03-20 14:57:54,HYD-P02,Fault,291.07,66.89,8.47,40.37,6.53,E14,0,0
2026-03-20 15:07:54,HYD-P02,Fault,276.53,86.81,12.4,49.18,3.85,E18,0,0
2026-03-20 15:17:54,HYD-P02,Fault,296.69,68.35,1.74,51.96,6.66,E12,0,0
2026-03-20 15:27:54,HYD-P02,Fault,273.67,66.13,12.13,52.26,4.57,E19,0,0
2026-03-20 15:37:54,HYD-P02,Fault,273.22,82.18,8.69,57.35,6.14,E17,0,0
2026-03-20 15:47:54,HYD-P02,Running,271.96,78.15,5.88,58.89,3.86,,38.4,80.1
2026-03-20 15:57:54,HYD-P02,Running,263.79,82.98,4.8,55.31,7.79,,40.0,78.9
2026-03-20 16:07:54,HYD-P02,Running,285.66,62.55,2.77,47.76,7.25,,40.3,80.4
2026-03-20 16:17:54,HYD-P02,Running,286.83,72.36,13.29,43.49,7.84,,28.9,65.0
2026-03-20 16:27:54,HYD-P02,Fault,287.51,69.14,18.46,48.2,6.62,E18,0,0
2026-03-20 16:37:54,HYD-P02,Running,259.24,71.26,9.16,53.29,5.8,,40.9,65.6
2026-03-20 16:47:54,HYD-P02,Running,269.64,77.73,0.3,53.42,6.61,,38.4,94.5
2026-03-20 16:57:54,HYD-P02,Running,251.6,65.05,8.21,46.17,4.93,,30.8,63.7
2026-03-20 17:07:54,HYD-P02,Fault,271.41,83.4,4.23,58.23,6.88,E19,0,0
2026-03-20 17:17:54,HYD-P02,Fault,270.62,74.42,8.36,51.27,7.24,E20,0,0
2026-03-20 17:27:54,HYD-P02,Fault,287.53,89.38,8.53,43.07,3.63,E17,0,0
2026-03-20 17:37:54,HYD-P02,Fault,271.77,87.4,18.56,40.43,7.64,E18,0,0
2026-03-20 17:47:54,HYD-P02,Fault,272.09,85.46,14.96,54.02,3.16,E19,0,0
2026-03-20 17:57:54,HYD-P02,Running,258.02,80.3,10.6,53.34,7.62,,29.5,82.2
2026-03-20 18:07:54,HYD-P02,Fault,289.97,80.01,3.76,55.68,7.37,E17,0,0
2026-03-20 18:17:54,HYD-P02,Fault,281.79,60.64,5.08,54.86,7.57,E17,0,0
2026-03-20 18:27:54,HYD-P02,Fault,263.0,80.15,1.77,58.07,7.45,E12,0,0
2026-03-20 18:37:54,HYD-P02,Fault,273.15,66.93,16.35,55.35,4.84,E15,0,0
2026-03-20 18:47:54,HYD-P02,Fault,281.2,77.83,0.01,52.14,6.46,E13,0,0
2026-03-20 18:57:54,HYD-P02,Running,260.18,84.51,14.53,55.79,7.38,,37.8,61.6
2026-03-20 19:07:54,HYD-P02,Running,277.8,73.76,16.27,40.04,6.52,,38.4,75.9
2026-03-20 19:17:54,HYD-P02,Fault,279.6,61.68,18.31,45.38,3.27,E18,0,0
2026-03-20 19:27:54,HYD-P02,Fault,275.9,66.37,5.6,51.06,7.5,E11,0,0
2026-03-20 19:37:54,HYD-P02,Fault,298.41,86.4,15.07,54.7,3.72,E14,0,0
2026-03-20 19:47:54,HYD-P02,Fault,142.59,35.35,33.95,50.12,2.86,E19,0,0
2026-03-20 19:57:54,HYD-P02,Fault,231.0,39.66,27.99,15.01,5.79,E13,0,0
2026-03-20 20:07:54,HYD-P02,Running,134.9,60.52,47.01,18.06,0.55,,36.4,80.7
2026-03-20 20:17:54,HYD-P02,Running,114.96,41.77,34.41,12.26,2.29,,44.2,92.3
2026-03-20 20:27:54,HYD-P02,Running,141.56,35.7,53.48,21.69,2.83,,31.1,73.1
2026-03-20 20:37:54,HYD-P02,Fault,226.3,39.64,8.32,30.2,0.75,E20,0,0
2026-03-20 20:47:54,HYD-P02,Running,253.85,45.79,32.91,14.48,2.24,,43.9,65.3
2026-03-20 20:57:54,HYD-P02,Fault,287.84,40.91,44.85,27.14,2.9,E11,0,0
2026-03-20 21:07:54,HYD-P02,Fault,171.37,36.5,28.19,26.89,7.4,E18,0,0
2026-03-20 21:17:54,HYD-P02,Running,265.05,81.77,26.55,21.42,4.02,,36.4,66.5
2026-03-20 21:27:54,HYD-P02,Running,294.71,58.05,64.61,39.96,3.33,,36.1,60.2
2026-03-20 21:37:54,HYD-P02,Running,136.73,74.68,65.57,33.6,0.96,,39.0,60.5
2026-03-20 21:47:54,HYD-P02,Running,132.2,53.88,63.95,31.91,1.26,,41.6,76.6
2026-03-20 21:57:54,HYD-P02,Running,192.55,39.57,41.19,49.23,0.7,,41.9,85.2
2026-03-20 22:07:54,HYD-P02,Fault,299.12,58.7,41.55,13.36,5.32,E12,0,0
2026-03-20 22:17:54,HYD-P02,Running,239.52,56.04,45.79,39.8,2.33,,43.0,68.9
2026-03-20 22:27:54,HYD-P02,Fault,218.67,47.84,32.83,11.76,6.58,E15,0,0
2026-03-20 22:37:54,HYD-P02,Fault,292.48,51.43,78.6,40.33,2.62,E17,0,0
2026-03-20 22:47:54,HYD-P02,Running,107.55,53.15,69.43,39.23,2.9,,42.2,87.5
2026-03-20 22:57:54,HYD-P02,Running,141.79,45.93,77.04,13.52,1.82,,35.3,65.2
2026-03-20 23:07:54,HYD-P02,Running,125.23,39.98,61.18,35.99,1.32,,40.9,60.1
2026-03-20 23:17:54,HYD-P02,Fault,286.46,54.83,79.64,27.81,0.51,E20,0,0
2026-03-20 23:27:54,HYD-P02,Running,118.2,71.97,9.55,21.53,2.07,,36.4,92.7
2026-03-20 23:37:54,HYD-P02,Running,187.3,54.33,64.4,21.65,2.33,,44.8,93.3
2026-03-20 23:47:54,HYD-P02,Running,229.99,47.0,34.7,49.21,2.93,,39.6,68.7
2026-03-20 23:57:54,HYD-P02,Running,251.94,58.83,10.96,19.55,1.89,,32.4,77.5
2026-03-21 00:07:54,HYD-P02,Running,244.43,59.32,35.59,10.36,1.31,,35.0,61.0
2026-03-21 00:17:54,HYD-P02,Running,241.52,41.26,62.24,22.96,0.63,,30.3,90.8
2026-03-21 00:27:54,HYD-P02,Running,221.52,48.48,15.07,29.58,1.99,,44.5,65.2
2026-03-21 00:37:54,HYD-P02,Running,121.11,47.52,12.62,14.08,2.78,,31.3,70.9
2026-03-21 00:47:54,HYD-P02,Running,133.34,35.43,29.57,47.72,1.88,,37.3,84.0
2026-03-21 00:57:54,HYD-P02,Running,194.25,59.36,21.07,36.77,3.06,,30.9,61.9
2026-03-21 01:07:54,HYD-P02,Running,103.53,68.42,47.5,57.23,0.94,,40.5,92.4
2026-03-21 01:17:54,HYD-P02,Running,152.63,51.37,51.94,24.93,2.38,,41.9,91.2
2026-03-21 01:27:54,HYD-P02,Running,213.09,53.14,38.33,14.33,2.97,,33.1,88.9
2026-03-21 01:37:54,HYD-P02,Fault,288.66,35.17,64.61,16.15,1.73,E14,0,0
2026-03-21 01:47:54,HYD-P02,Running,244.17,74.99,29.79,13.05,2.57,,31.1,75.9
2026-03-21 01:57:54,HYD-P02,Fault,281.76,55.23,75.91,38.58,1.19,E20,0,0
2026-03-21 02:07:54,HYD-P02,Running,232.58,48.64,70.66,18.8,0.7,,29.0,67.3
2026-03-21 02:17:54,HYD-P02,Fault,282.38,55.16,53.94,39.21,1.28,E14,0,0
2026-03-21 02:27:54,HYD-P02,Running,146.09,53.47,29.14,40.87,1.58,,40.6,72.5
2026-03-21 02:37:54,HYD-P02,Running,186.22,59.25,36.58,34.55,0.75,,36.4,66.8
2026-03-21 02:47:54,HYD-P02,Running,179.68,35.06,34.01,30.32,1.75,,41.7,85.3
2026-03-21 02:57:54,HYD-P02,Running,141.58,48.42,44.31,10.55,2.54,,31.1,65.6
2026-03-21 03:07:54,HYD-P02,Running,146.65,41.97,31.19,13.55,1.28,,37.0,60.1
2026-03-21 03:17:54,HYD-P02,Running,174.5,70.95,43.1,16.08,4.4,,35.6,89.0
2026-03-21 03:27:54,HYD-P02,Running,236.86,61.34,76.3,37.57,0.79,,39.7,86.2
2026-03-21 03:37:54,HYD-P02,Running,170.0,45.37,26.3,21.64,2.4,,39.6,81.6
2026-03-21 03:47:54,HYD-P02,Idle,107.64,37.46,70.72,34.64,1.41,,0,0
2026-03-21 03:57:54,HYD-P02,Running,130.9,40.59,62.37,59.23,2.19,,28.1,64.8
2026-03-21 04:07:54,HYD-P02,Running,214.07,46.7,26.35,56.9,4.23,,43.2,83.7
2026-03-21 04:17:54,HYD-P02,Running,188.21,41.28,27.24,20.17,1.62,,42.7,91.5
2026-03-21 04:27:54,HYD-P02,Fault,293.95,51.84,41.98,36.01,0.54,E15,0,0
2026-03-21 04:37:54,HYD-P02,Running,215.2,44.88,78.22,27.55,1.46,,34.5,72.3
2026-03-21 04:47:54,HYD-P02,Running,159.76,44.72,60.96,46.2,4.16,,43.8,84.4
2026-03-21 04:57:54,HYD-P02,Idle,241.5,60.82,14.07,14.36,3.96,,0,0
2026-03-21 05:07:54,HYD-P02,Running,106.96,55.33,35.48,18.46,2.37,,37.1,67.8
2026-03-21 05:17:54,HYD-P02,Fault,181.27,36.65,3.01,44.25,0.69,E14,0,0
2026-03-21 05:27:54,HYD-P02,Running,252.02,44.43,65.82,39.67,1.51,,31.9,90.4
2026-03-21 05:37:54,HYD-P02,Running,149.5,37.27,0.17,47.61,1.55,,36.6,88.3
2026-03-21 05:47:54,HYD-P02,Running,228.33,46.81,39.26,35.93,2.43,,43.4,71.5
2026-03-21 05:57:54,HYD-P02,Running,254.68,49.07,40.48,21.29,0.61,,38.2,65.6
2026-03-21 06:07:54,HYD-P02,Idle,102.83,42.32,70.55,18.41,1.67,,0,0
2026-03-21 06:17:54,HYD-P02,Running,252.03,36.53,27.35,17.91,1.83,,31.9,83.3
2026-03-21 06:27:54,HYD-P02,Running,251.95,59.47,66.58,18.9,3.6,,40.0,83.5
2026-03-21 06:37:54,HYD-P02,Running,124.3,41.49,61.12,14.43,1.89,,44.9,75.7
2026-03-21 06:47:54,HYD-P02,Running,120.42,57.31,28.63,35.79,2.86,,37.3,92.2
2026-03-21 06:57:54,HYD-P02,Running,203.74,38.13,45.87,24.26,4.79,,41.6,78.1
2026-03-21 07:07:54,HYD-P02,Fault,249.05,40.84,13.35,17.06,7.36,E20,0,0
2026-03-21 07:17:54,HYD-P02,Running,171.14,53.56,39.64,22.87,0.52,,39.2,71.3
2026-03-21 07:27:54,HYD-P02,Idle,210.51,57.05,40.34,23.09,4.41,,0,0
2026-03-21 07:37:54,HYD-P02,Running,179.05,39.52,44.15,23.66,0.65,,44.0,65.2
2026-03-21 07:47:54,HYD-P02,Running,265.23,55.75,49.41,39.06,3.33,,30.7,90.9
2026-03-21 07:57:54,HYD-P02,Running,143.34,45.1,21.94,13.11,1.95,,42.6,66.3
2026-03-21 08:07:54,HYD-P02,Fault,275.41,59.03,52.98,49.79,2.2,E12,0,0
2026-03-21 08:17:54,HYD-P02,Running,260.93,46.26,65.57,34.19,4.85,,41.2,91.1
2026-03-21 08:27:54,HYD-P02,Running,241.2,39.96,70.11,37.5,1.06,,41.7,65.6
2026-03-21 08:37:54,HYD-P02,Fault,166.54,57.9,2.22,32.24,1.31,E16,0,0
2026-03-21 08:47:54,HYD-P02,Running,191.91,43.13,33.14,13.82,2.98,,37.2,63.0
2026-03-21 08:57:54,HYD-P02,Running,117.68,43.7,19.75,22.88,1.58,,34.7,71.6
2026-03-21 09:07:54,HYD-P02,Running,229.45,42.59,55.29,32.47,0.56,,36.6,79.1
2026-03-21 09:17:54,HYD-P02,Fault,100.42,59.84,70.79,50.45,7.14,E13,0,0
2026-03-21 09:27:54,HYD-P02,Fault,124.89,57.6,76.67,17.15,5.78,E11,0,0
2026-03-21 09:37:54,HYD-P02,Running,126.0,58.93,30.4,17.34,3.31,,39.1,71.6
2026-03-21 09:47:54,HYD-P02,Fault,108.91,53.23,37.02,30.49,7.57,E19,0,0
2026-03-21 09:57:54,HYD-P02,Running,142.73,50.59,34.74,18.84,2.8,,30.2,88.4
2026-03-21 10:07:54,HYD-P02,Fault,286.93,60.0,27.58,18.08,0.9,E18,0,0
2026-03-21 10:17:54,HYD-P02,Running,212.7,57.69,56.89,13.54,1.74,,36.2,70.8
2026-03-21 10:27:54,HYD-P02,Running,124.01,44.6,72.02,26.99,1.35,,29.7,64.6
2026-03-21 10:37:54,HYD-P02,Running,111.4,47.04,44.05,35.65,1.3,,36.6,92.1
2026-03-21 10:47:54,HYD-P02,Fault,115.43,52.53,45.54,32.99,6.71,E19,0,0
2026-03-21 10:57:54,HYD-P02,Running,147.31,36.53,26.35,16.91,0.52,,31.6,87.0
2026-03-21 11:07:54,HYD-P02,Running,262.8,51.65,18.51,27.74,1.15,,30.2,84.2
2026-03-21 11:17:54,HYD-P02,Running,119.69,47.54,69.12,30.26,1.85,,31.1,92.5
2026-03-21 11:27:54,HYD-P02,Fault,293.15,36.04,42.93,38.85,2.39,E19,0,0
2026-03-21 11:37:54,HYD-P02,Running,114.29,58.57,48.04,18.7,0.64,,38.8,87.5
2026-03-21 11:47:54,HYD-P02,Running,179.09,53.47,66.49,31.32,1.51,,40.6,69.3
2026-03-21 11:57:54,HYD-P02,Running,198.77,44.06,71.74,19.57,2.46,,37.4,66.0
2026-03-21 12:07:54,HYD-P02,Running,101.29,62.75,59.82,15.04,1.25,,35.0,80.6
2026-03-21 12:17:54,HYD-P02,Fault,127.04,87.77,29.75,12.62,0.94,E11,0,0
2026-03-21 12:27:54,HYD-P02,Running,198.27,55.79,28.06,17.87,1.36,,44.4,72.6
2026-03-21 12:37:54,HYD-P02,Fault,110.01,51.18,2.32,47.37,3.44,E14,0,0
2026-03-21 12:47:54,HYD-P02,Idle,126.65,55.91,19.5,35.57,1.55,,0,0
2026-03-21 12:57:54,HYD-P02,Running,169.21,43.01,26.65,22.54,1.69,,30.2,69.8
2026-03-21 13:07:54,HYD-P02,Running,206.98,35.37,47.78,22.71,1.56,,31.8,63.9
2026-03-21 13:17:54,HYD-P02,Running,232.91,37.87,67.55,31.38,1.25,,40.2,73.6
2026-03-21 13:27:54,HYD-P02,Running,222.57,71.23,47.84,21.65,2.88,,40.8,74.8
2026-03-21 13:37:54,HYD-P02,Running,218.51,39.5,69.13,34.27,2.65,,37.4,60.7
2026-03-21 13:47:54,HYD-P02,Running,266.92,49.12,61.84,41.69,1.61,,32.5,86.9
2026-03-21 13:57:54,HYD-P02,Running,140.3,43.38,69.43,23.46,0.53,,33.0,78.8
2026-03-21 14:07:54,HYD-P02,Running,156.78,45.45,36.85,15.94,2.27,,28.2,93.5
2026-03-21 14:17:54,HYD-P02,Running,134.07,50.65,64.52,12.74,1.09,,38.3,89.2
2026-03-21 14:27:54,HYD-P02,Fault,293.43,36.94,22.99,29.43,0.73,E19,0,0
2026-03-21 14:37:54,HYD-P02,Running,178.38,46.43,42.51,23.54,2.64,,32.4,74.5
2026-03-21 14:47:54,HYD-P02,Running,201.92,40.85,68.55,12.01,2.71,,34.3,78.1
2026-03-21 14:57:54,HYD-P02,Running,105.03,66.79,30.02,10.33,1.34,,39.0,89.3
2026-03-21 15:07:54,HYD-P02,Running,143.51,45.3,22.0,16.84,1.17,,36.7,67.4
2026-03-21 15:17:54,HYD-P02,Running,196.69,35.56,62.05,13.61,0.96,,35.0,90.0
2026-03-21 15:27:54,HYD-P02,Running,196.36,50.36,47.13,22.93,2.4,,41.7,61.6
2026-03-21 15:37:54,HYD-P02,Running,130.79,42.62,61.78,36.05,1.7,,40.6,71.0
2026-03-21 15:47:54,HYD-P02,Fault,148.4,85.06,28.28,30.83,4.3,E12,0,0
2026-03-21 15:57:54,HYD-P02,Running,160.22,35.74,31.21,40.7,1.94,,43.2,60.5
2026-03-21 16:07:54,HYD-P02,Running,221.44,54.17,56.94,27.0,0.9,,30.6,84.6
2026-03-21 16:17:54,HYD-P02,Running,215.42,40.83,17.38,26.02,1.27,,34.9,70.2
2026-03-21 16:27:54,HYD-P02,Running,291.54,52.17,78.35,47.71,1.26,,28.3,69.9
2026-03-21 16:37:54,HYD-P02,Running,191.57,35.67,30.78,34.59,0.5,,38.3,65.7
2026-03-21 16:47:54,HYD-P02,Running,134.8,53.56,67.18,30.92,2.23,,29.3,85.4
2026-03-21 16:57:54,HYD-P02,Running,259.43,35.14,77.23,16.65,4.77,,42.7,86.6
2026-03-21 17:07:54,HYD-P02,Idle,115.44,41.31,75.26,37.04,0.73,,0,0
2026-03-21 17:17:54,HYD-P02,Running,216.21,60.82,29.36,11.28,1.01,,37.2,78.1
2026-03-21 17:27:54,HYD-P02,Running,244.14,62.39,29.94,26.51,2.43,,42.3,71.4
2026-03-21 17:37:54,HYD-P02,Fault,199.08,77.21,54.77,26.95,1.67,E12,0,0
2026-03-21 17:47:54,HYD-P02,Running,100.33,52.14,73.07,13.31,1.52,,37.5,78.6
2026-03-21 17:57:54,HYD-P02,Running,136.02,36.42,30.51,15.84,1.16,,33.5,80.8
2026-03-21 18:07:54,HYD-P02,Running,127.58,59.96,72.5,12.44,7.24,,30.4,65.7
2026-03-21 18:17:54,HYD-P02,Fault,132.24,49.64,29.37,20.93,6.65,E18,0,0
2026-03-21 18:27:54,HYD-P02,Fault,222.45,41.25,65.66,59.18,1.44,E15,0,0
2026-03-21 18:37:54,HYD-P02,Running,257.1,45.62,24.75,23.19,2.85,,44.5,90.6
2026-03-21 18:47:54,HYD-P02,Running,140.8,47.75,41.14,23.55,1.79,,40.1,74.4
2026-03-21 18:57:54,HYD-P02,Running,244.11,35.96,47.82,39.1,1.96,,37.9,79.8
2026-03-21 19:07:54,HYD-P02,Running,236.71,57.63,23.03,28.14,0.91,,38.5,60.4
2026-03-21 19:17:54,HYD-P02,Running,110.9,58.29,30.62,21.31,2.77,,39.2,65.4
2026-03-21 19:27:54,HYD-P02,Running,190.48,48.7,65.09,35.95,1.79,,35.7,66.6
2026-03-21 19:37:54,HYD-P02,Running,165.07,41.18,22.93,34.22,2.53,,31.4,78.5
2026-03-21 19:47:54,HYD-P02,Running,214.67,74.87,21.76,18.69,4.96,,43.8,65.1
2026-03-21 19:57:54,HYD-P02,Running,212.05,71.89,59.68,36.12,1.91,,30.0,67.1
2026-03-21 20:07:54,HYD-P02,Running,174.36,50.89,27.94,26.2,2.58,,30.7,87.5
2026-03-21 20:17:54,HYD-P02,Running,120.31,43.24,58.94,41.83,1.08,,36.2,74.9
2026-03-21 20:27:54,HYD-P02,Running,220.06,41.53,44.04,27.05,2.44,,44.6,61.2
2026-03-21 20:37:54,HYD-P02,Running,155.5,56.98,16.59,38.06,1.52,,36.9,80.0
2026-03-21 20:47:54,HYD-P02,Running,122.94,57.88,66.27,10.2,2.85,,30.0,65.7
2026-03-21 20:57:54,HYD-P02,Fault,110.88,51.51,44.28,54.96,2.11,E16,0,0
2026-03-21 21:07:54,HYD-P02,Running,258.38,54.04,22.7,35.0,1.96,,38.0,78.0
2026-03-21 21:17:54,HYD-P02,Running,168.94,53.29,71.11,35.4,2.02,,36.4,60.9
2026-03-21 21:27:54,HYD-P02,Running,180.18,54.36,23.94,10.15,1.53,,40.9,62.5
2026-03-21 21:37:54,HYD-P02,Running,105.12,48.93,41.44,17.17,2.66,,29.3,72.3
2026-03-21 21:47:54,HYD-P02,Running,138.37,36.83,50.53,26.34,4.47,,43.2,75.8
2026-03-21 21:57:54,HYD-P02,Running,220.12,44.14,27.02,29.4,0.51,,38.0,91.2
2026-03-21 22:07:54,HYD-P02,Running,207.52,42.79,79.08,17.46,2.28,,29.4,78.9
2026-03-21 22:17:54,HYD-P02,Running,188.28,39.01,63.88,21.15,1.89,,32.7,94.0
2026-03-21 22:27:54,HYD-P02,Running,199.01,35.31,29.45,12.72,1.21,,38.2,90.3
2026-03-21 22:37:54,HYD-P02,Running,151.38,40.0,56.29,17.91,7.72,,42.3,77.1
2026-03-21 22:47:54,HYD-P02,Running,244.74,59.81,11.68,31.47,2.04,,40.3,84.2
2026-03-21 22:57:54,HYD-P02,Running,142.32,37.3,74.63,21.36,4.07,,37.5,72.0
2026-03-21 23:07:54,HYD-P02,Idle,136.15,37.79,21.94,33.96,0.9,,0,0
2026-03-21 23:17:54,HYD-P02,Running,235.75,46.9,41.8,24.41,2.47,,39.5,83.8
2026-03-21 23:27:54,HYD-P02,Running,196.09,46.09,13.9,46.18,1.11,,42.9,77.0
2026-03-21 23:37:54,HYD-P02,Running,161.23,39.5,65.54,10.08,0.53,,29.3,78.7
2026-03-21 23:47:54,HYD-P02,Fault,281.22,57.68,9.07,11.45,0.63,E17,0,0
2026-03-21 23:57:54,HYD-P02,Fault,165.1,75.66,73.23,46.33,0.52,E12,0,0
2026-03-22 00:07:54,HYD-P02,Fault,276.49,61.77,68.33,10.86,0.56,E13,0,0
2026-03-22 00:17:54,HYD-P02,Running,215.11,44.28,55.85,13.36,0.97,,28.8,85.1
2026-03-22 00:27:54,HYD-P02,Running,119.96,43.72,49.58,19.65,2.95,,30.3,71.2
2026-03-22 00:37:54,HYD-P02,Running,244.4,42.13,50.83,10.49,2.3,,33.9,72.3
2026-03-22 00:47:54,HYD-P02,Running,232.95,54.05,44.37,27.91,0.87,,36.4,71.0
2026-03-22 00:57:54,HYD-P02,Running,101.81,45.21,70.42,22.69,1.24,,30.6,74.8
2026-03-22 01:07:54,HYD-P02,Fault,102.41,54.99,15.04,53.74,0.51,E12,0,0
2026-03-22 01:17:54,HYD-P02,Running,221.34,36.35,54.32,15.38,1.02,,33.2,79.9
2026-03-22 01:27:54,HYD-P02,Running,257.51,53.63,60.8,38.17,1.96,,35.8,80.0
2026-03-22 01:37:54,HYD-P02,Running,213.77,50.93,46.08,19.01,1.95,,34.6,64.3
2026-03-22 01:47:54,HYD-P02,Running,232.17,47.37,53.57,38.65,1.67,,44.5,94.8
2026-03-22 01:57:54,HYD-P02,Running,227.13,37.22,71.33,13.01,0.56,,36.3,67.6
2026-03-22 02:07:54,HYD-P02,Running,121.55,52.47,60.96,39.95,1.15,,37.5,64.7
2026-03-22 02:17:54,HYD-P02,Running,124.58,55.1,42.56,29.58,1.6,,38.6,84.8
2026-03-22 02:27:54,HYD-P02,Fault,180.24,38.52,61.16,50.94,0.5,E14,0,0
2026-03-22 02:37:54,HYD-P02,Idle,219.76,42.33,37.82,28.14,2.72,,0,0
2026-03-22 02:47:54,HYD-P02,Running,149.71,37.1,61.4,21.67,1.61,,39.7,81.8
2026-03-22 02:57:54,HYD-P02,Running,243.91,35.09,67.32,16.4,2.43,,38.6,87.3
2026-03-22 03:07:54,HYD-P02,Running,173.91,40.46,44.85,31.0,6.2,,28.5,88.1
2026-03-22 03:17:54,HYD-P02,Fault,286.76,65.68,6.14,25.1,2.08,E11,0,0
2026-03-22 03:27:54,HYD-P02,Running,218.66,36.34,36.21,36.06,2.4,,35.3,74.7
2026-03-22 03:37:54,HYD-P02,Running,238.9,45.74,70.57,22.15,2.16,,42.4,88.3
2026-03-22 03:47:54,HYD-P02,Running,243.28,45.29,15.74,27.85,1.02,,31.7,80.5
2026-03-22 03:57:54,HYD-P02,Running,201.91,55.97,70.53,12.32,2.27,,38.0,81.7
2026-03-22 04:07:54,HYD-P02,Running,147.04,49.93,32.45,33.25,1.04,,31.8,80.7
2026-03-22 04:17:54,HYD-P02,Running,115.21,70.78,76.07,29.53,2.78,,32.9,92.6
2026-03-22 04:27:54,HYD-P02,Running,102.44,39.56,64.48,36.27,0.98,,37.0,92.0
2026-03-22 04:37:54,HYD-P02,Running,145.03,58.23,43.86,25.12,2.62,,36.9,91.8
2026-03-22 04:47:54,HYD-P02,Running,167.54,51.22,16.57,18.7,0.62,,44.8,67.0
2026-03-22 04:57:54,HYD-P02,Running,186.33,42.65,54.5,36.1,0.56,,36.8,84.0
2026-03-22 05:07:54,HYD-P02,Fault,185.11,39.82,34.49,56.21,0.89,E12,0,0
2026-03-22 05:17:54,HYD-P02,Fault,260.86,38.52,14.01,54.19,1.3,E19,0,0
2026-03-22 05:27:54,HYD-P02,Running,141.67,58.17,39.35,20.75,0.75,,32.3,75.1
2026-03-22 05:37:54,HYD-P02,Fault,271.57,43.44,44.9,13.98,1.39,E16,0,0
2026-03-22 05:47:54,HYD-P02,Running,115.98,41.42,24.12,28.35,0.51,,42.2,67.1
2026-03-22 05:57:54,HYD-P02,Running,180.16,47.81,39.1,11.26,3.04,,31.3,90.9
2026-03-22 06:07:54,HYD-P02,Running,240.49,40.3,23.65,46.94,1.85,,31.8,94.4
2026-03-22 06:17:54,HYD-P02,Running,141.7,64.04,55.03,11.99,1.99,,43.6,91.3
2026-03-22 06:27:54,HYD-P02,Running,120.24,59.75,26.57,28.28,1.25,,35.9,72.4
2026-03-22 06:37:54,HYD-P02,Running,212.77,59.7,20.85,29.21,1.93,,43.1,80.5
2026-03-22 06:47:54,HYD-P02,Running,182.28,59.56,7.17,14.41,2.64,,34.0,78.6
2026-03-22 06:57:54,HYD-P02,Running,120.99,50.26,48.12,14.61,1.91,,35.8,70.0
2026-03-22 07:07:54,HYD-P02,Running,154.39,58.72,24.0,32.13,2.22,,31.4,77.5
2026-03-22 07:17:54,HYD-P02,Running,119.37,54.67,43.79,38.13,3.84,,41.0,65.9
2026-03-22 07:27:54,HYD-P02,Running,104.67,53.06,57.36,23.78,1.23,,29.7,94.4
2026-03-22 07:37:54,HYD-P02,Running,100.37,56.09,78.0,12.59,4.62,,41.6,63.2
2026-03-22 07:47:54,HYD-P02,Running,122.44,57.16,69.3,22.43,2.59,,43.8,68.2
2026-03-22 07:57:54,HYD-P02,Running,121.66,37.98,76.75,51.52,1.68,,40.0,87.9
2026-03-22 08:07:54,HYD-P02,Running,147.45,54.99,58.27,48.89,1.67,,33.5,69.1
2026-03-22 08:17:54,HYD-P02,Running,166.78,42.85,24.64,35.95,2.21,,40.7,76.2
2026-03-22 08:27:54,HYD-P02,Running,261.66,50.06,38.15,28.26,1.48,,37.3,77.7
2026-03-22 08:37:54,HYD-P02,Running,166.49,35.57,21.01,12.38,1.5,,29.9,82.1
2026-03-22 08:47:54,HYD-P02,Running,104.18,53.46,68.44,49.28,1.85,,42.4,87.4
2026-03-22 08:57:54,HYD-P02,Running,265.34,35.66,20.42,31.46,1.99,,28.8,80.5
2026-03-22 09:07:54,HYD-P02,Running,216.9,38.6,73.61,37.16,2.82,,33.2,91.6
2026-03-22 09:17:54,HYD-P02,Running,136.39,45.52,50.66,25.56,1.06,,33.8,84.2
2026-03-22 09:27:54,HYD-P02,Fault,284.61,37.54,68.32,16.54,1.35,E16,0,0
2026-03-22 09:37:54,HYD-P02,Running,235.76,51.09,57.07,32.17,2.28,,28.8,72.9
2026-03-22 09:47:54,HYD-P02,Running,131.39,42.78,49.0,49.2,3.3,,39.0,71.3
2026-03-22 09:57:54,HYD-P02,Running,258.01,37.85,43.61,26.01,3.07,,42.9,75.8
2026-03-22 10:07:54,HYD-P02,Running,108.02,40.8,68.26,20.71,1.16,,37.8,70.3
2026-03-22 10:17:54,HYD-P02,Running,248.45,45.58,77.23,11.99,0.84,,31.7,77.5
2026-03-22 10:27:54,HYD-P02,Running,230.29,58.62,62.39,37.3,2.16,,36.7,93.7
2026-03-22 10:37:54,HYD-P02,Fault,131.26,83.47,15.59,29.86,2.99,E13,0,0
2026-03-22 10:47:54,HYD-P02,Running,156.39,44.32,57.61,17.42,1.47,,43.5,70.5
2026-03-22 10:57:54,HYD-P02,Running,226.98,44.72,40.72,20.7,0.71,,32.6,92.6
2026-03-22 11:07:54,HYD-P02,Fault,117.24,60.04,1.62,25.41,4.13,E15,0,0
2026-03-22 11:17:54,HYD-P02,Running,114.83,42.5,48.77,11.76,2.54,,36.3,75.7
2026-03-22 11:27:54,HYD-P02,Fault,299.89,52.97,44.3,39.91,2.43,E13,0,0
2026-03-22 11:37:54,HYD-P02,Fault,227.91,58.32,7.26,31.21,1.89,E17,0,0
2026-03-22 11:47:54,HYD-P02,Fault,118.47,59.75,77.15,59.97,2.79,E11,0,0
2026-03-22 11:57:54,HYD-P02,Running,227.35,52.0,36.12,11.19,1.02,,35.2,67.7
2026-03-22 12:07:54,HYD-P02,Running,153.71,37.34,56.86,29.07,1.51,,28.5,65.7
2026-03-22 12:17:54,HYD-P02,Running,228.75,64.56,41.63,14.2,2.53,,34.5,77.1
2026-03-22 12:27:54,HYD-P02,Running,132.73,54.56,74.28,28.37,1.96,,31.1,84.0
2026-03-22 12:37:54,HYD-P02,Running,232.12,42.47,12.16,33.78,1.31,,40.6,71.7
2026-03-22 12:47:54,HYD-P02,Running,264.44,58.42,66.77,17.67,1.7,,43.5,68.0
2026-03-22 12:57:54,HYD-P02,Fault,284.06,40.84,41.67,32.17,4.37,E14,0,0
2026-03-22 13:07:54,HYD-P02,Idle,113.92,54.54,51.02,19.5,4.75,,0,0
2026-03-22 13:17:54,HYD-P02,Fault,279.67,47.39,25.69,30.95,1.76,E19,0,0
2026-03-22 13:27:54,HYD-P02,Running,136.48,49.56,76.3,22.99,0.93,,41.6,77.0
2026-03-22 13:37:54,HYD-P02,Running,182.32,69.23,51.47,13.87,2.6,,37.3,89.3
2026-03-22 13:47:54,HYD-P02,Running,164.17,39.95,63.29,17.9,0.99,,28.9,66.8
2026-03-22 13:57:54,HYD-P02,Running,175.33,59.42,40.11,30.26,0.85,,29.6,70.1
2026-03-22 14:07:54,HYD-P02,Running,160.56,37.58,13.2,14.25,4.72,,32.2,89.7
2026-03-22 14:17:54,HYD-P02,Fault,119.31,41.95,3.2,27.61,0.94,E13,0,0
2026-03-22 14:27:54,HYD-P02,Running,114.34,50.35,10.76,17.68,1.06,,31.9,66.1
2026-03-22 14:37:54,HYD-P02,Running,156.82,54.92,63.98,34.97,1.21,,33.2,77.5
2026-03-22 14:47:54,HYD-P02,Running,220.62,45.7,2.64,22.88,2.36,,34.1,75.3
2026-03-22 14:57:54,HYD-P02,Running,200.5,56.67,59.71,28.75,1.68,,34.9,87.1
2026-03-22 15:07:54,HYD-P02,Running,126.63,59.0,39.95,18.03,1.48,,41.4,90.5
2026-03-22 15:17:54,HYD-P02,Running,192.94,42.5,66.97,17.48,2.24,,42.9,87.2
2026-03-22 15:27:54,HYD-P02,Running,238.57,52.99,40.28,30.96,1.52,,43.0,80.2
2026-03-22 15:37:54,HYD-P02,Running,212.19,40.06,65.3,37.71,0.76,,30.7,76.0
2026-03-22 15:47:54,HYD-P02,Running,240.1,53.62,33.48,38.21,1.87,,35.3,83.4
2026-03-22 15:57:54,HYD-P02,Running,293.54,48.46,48.22,28.48,2.4,,29.6,90.1
2026-03-22 16:07:54,HYD-P02,Fault,175.01,73.45,31.8,10.88,7.42,E17,0,0
2026-03-22 16:17:54,HYD-P02,Idle,263.82,54.33,36.43,34.44,2.76,,0,0
2026-03-22 16:27:54,HYD-P02,Running,157.99,40.2,27.35,33.51,1.24,,34.7,71.3
2026-03-22 16:37:54,HYD-P02,Running,121.62,55.78,70.55,32.52,2.54,,35.8,86.2
2026-03-22 16:47:54,HYD-P02,Running,220.98,42.51,69.24,35.39,4.34,,35.0,91.9
2026-03-22 16:57:54,HYD-P02,Running,185.07,66.15,21.53,26.52,1.05,,29.8,73.6
2026-03-22 17:07:54,HYD-P02,Fault,217.79,37.84,34.81,31.94,7.26,E14,0,0
2026-03-22 17:17:54,HYD-P02,Idle,140.78,51.65,59.41,30.57,0.75,,0,0
2026-03-22 17:27:54,HYD-P02,Running,219.57,53.21,71.9,16.5,3.5,,29.8,60.4
2026-03-22 17:37:54,HYD-P02,Running,198.17,51.44,22.85,36.97,2.78,,37.6,90.9
2026-03-22 17:47:54,HYD-P02,Running,238.87,48.61,9.65,28.07,0.86,,32.4,91.3
2026-03-22 17:57:54,HYD-P02,Running,145.35,38.9,13.19,40.61,2.96,,42.2,92.5
2026-03-22 18:07:54,HYD-P02,Running,268.42,37.0,25.93,12.59,1.01,,40.0,80.4
2026-03-22 18:17:54,HYD-P02,Fault,227.14,77.03,60.14,59.71,2.51,E12,0,0
2026-03-22 18:27:54,HYD-P02,Running,266.81,50.8,74.52,12.25,1.03,,42.4,72.9
2026-03-22 18:37:54,HYD-P02,Fault,229.03,36.79,77.84,56.37,2.93,E17,0,0
2026-03-22 18:47:54,HYD-P02,Running,186.64,41.24,40.9,12.28,2.8,,28.9,80.9
2026-03-22 18:57:54,HYD-P02,Running,199.28,45.16,40.66,19.7,1.74,,29.3,64.9
2026-03-22 19:07:54,HYD-P02,Running,172.98,58.36,52.57,18.28,2.77,,38.3,77.7
2026-03-22 19:17:54,HYD-P02,Running,189.68,35.77,19.9,20.22,2.85,,31.5,72.7
2026-03-22 19:27:54,HYD-P02,Running,232.98,39.61,25.19,22.13,1.4,,32.4,90.6
2026-03-22 19:37:54,HYD-P02,Running,199.5,72.89,36.47,10.15,1.77,,35.2,66.3
2026-03-22 19:47:54,HYD-P02,Running,264.01,55.2,20.21,34.38,2.0,,44.8,88.1
2026-03-22 19:57:54,HYD-P02,Running,252.71,46.79,50.09,43.51,0.9,,37.4,66.3
2026-03-22 20:07:54,HYD-P02,Running,142.59,46.78,51.56,28.18,0.58,,28.7,86.3
2026-03-22 20:17:54,HYD-P02,Running,190.8,65.6,62.27,20.41,7.56,,44.4,93.0
2026-03-22 20:27:54,HYD-P02,Running,124.71,49.8,20.46,18.68,2.84,,36.3,94.3
2026-03-22 20:37:54,HYD-P02,Running,169.65,38.19,71.09,53.0,2.78,,33.1,81.5
2026-03-22 20:47:54,HYD-P02,Running,118.94,54.02,16.56,26.67,1.22,,30.2,61.3
2026-03-22 20:57:54,HYD-P02,Fault,260.2,50.26,2.22,39.44,2.28,E14,0,0
2026-03-22 21:07:54,HYD-P02,Running,187.78,62.19,59.64,31.56,2.79,,40.2,80.9
2026-03-22 21:17:54,HYD-P02,Fault,294.43,58.95,67.05,19.18,1.86,E20,0,0
2026-03-22 21:27:54,HYD-P02,Running,100.1,59.12,22.93,36.82,2.5,,34.4,85.5
2026-03-22 21:37:54,HYD-P02,Running,163.06,46.31,46.64,43.99,1.54,,35.1,79.6
2026-03-22 21:47:54,HYD-P02,Running,234.84,65.37,50.72,31.69,0.9,,34.8,69.4
2026-03-22 21:57:54,HYD-P02,Running,225.6,39.51,68.7,30.26,0.85,,31.6,77.9
2026-03-22 22:07:54,HYD-P02,Running,141.09,38.15,13.31,36.19,1.32,,35.8,89.6
2026-03-22 22:17:54,HYD-P02,Running,104.32,47.47,20.9,21.07,4.99,,39.2,81.7
2026-03-22 22:27:54,HYD-P02,Running,189.97,58.27,39.33,34.31,1.07,,43.5,64.9
2026-03-22 22:37:54,HYD-P02,Idle,127.57,50.43,11.58,38.54,2.57,,0,0
2026-03-22 22:47:54,HYD-P02,Running,259.28,39.42,16.84,37.0,1.02,,42.2,73.9
2026-03-22 22:57:54,HYD-P02,Running,222.91,59.28,33.84,11.35,2.84,,31.1,61.6
2026-03-22 23:07:54,HYD-P02,Running,261.7,63.59,42.42,28.13,3.12,,28.4,84.8
2026-03-22 23:17:54,HYD-P02,Running,164.54,39.61,62.93,31.0,4.48,,38.2,60.1
2026-03-22 23:27:54,HYD-P02,Fault,249.63,38.57,7.94,34.11,2.36,E17,0,0
2026-03-22 23:37:54,HYD-P02,Running,170.31,48.36,13.31,32.02,1.61,,30.0,70.3
2026-03-22 23:47:54,HYD-P02,Running,129.37,57.81,60.2,22.84,1.57,,31.0,76.5
2026-03-22 23:57:54,HYD-P02,Running,162.71,54.59,25.19,19.63,1.52,,40.3,62.1
2026-03-23 00:07:54,HYD-P02,Fault,110.39,67.18,75.64,56.29,1.57,E13,0,0
2026-03-23 00:17:54,HYD-P02,Running,202.59,43.89,72.14,29.07,2.12,,31.8,77.4
2026-03-23 00:27:54,HYD-P02,Running,266.92,39.81,19.39,34.91,1.11,,37.6,84.4
2026-03-23 00:37:54,HYD-P02,Running,205.46,62.15,55.97,35.54,1.02,,40.8,78.7
2026-03-23 00:47:54,HYD-P02,Running,173.63,55.04,40.55,49.85,2.8,,29.6,87.3
2026-03-23 00:57:54,HYD-P02,Running,104.55,43.83,43.58,23.35,1.05,,29.1,65.1
2026-03-23 01:07:54,HYD-P02,Running,141.95,40.52,34.93,20.96,2.83,,36.0,74.4
2026-03-23 01:17:54,HYD-P02,Running,176.7,38.99,68.13,21.03,1.27,,33.4,93.6
2026-03-23 01:27:54,HYD-P02,Running,245.6,44.58,71.52,30.17,2.41,,42.9,84.9
2026-03-23 01:37:54,HYD-P02,Running,241.7,52.55,55.06,30.54,0.85,,29.9,75.3
2026-03-23 01:47:54,HYD-P02,Fault,155.69,77.21,73.58,39.52,2.64,E11,0,0
2026-03-23 01:57:54,HYD-P02,Idle,151.73,49.18,28.22,45.2,0.63,,0,0
2026-03-23 02:07:54,HYD-P02,Running,191.64,42.32,70.45,38.42,0.98,,43.0,84.3
2026-03-23 02:17:54,HYD-P02,Running,204.81,36.6,49.29,23.36,1.52,,30.4,90.2
2026-03-23 02:27:54,HYD-P02,Running,178.03,37.82,73.0,10.81,0.62,,39.5,70.2
2026-03-23 02:37:54,HYD-P02,Running,118.98,54.33,32.21,16.38,2.19,,44.1,77.8
2026-03-23 02:47:54,HYD-P02,Running,203.7,47.47,25.15,10.26,2.19,,32.9,75.2
2026-03-23 02:57:54,HYD-P02,Running,119.96,44.26,54.1,13.41,1.15,,42.7,91.8
2026-03-23 03:07:54,HYD-P02,Running,156.13,59.23,24.65,18.75,3.69,,40.2,91.3
2026-03-23 03:17:54,HYD-P02,Running,181.13,74.27,54.62,32.06,2.1,,29.0,68.5
2026-03-23 03:27:54,HYD-P02,Running,157.74,36.9,39.81,29.64,2.11,,35.8,72.3
2026-03-23 03:37:54,HYD-P02,Running,250.84,37.58,75.88,23.42,2.54,,28.6,93.7
2026-03-23 03:47:54,HYD-P02,Running,123.22,57.8,18.97,26.76,1.71,,29.6,72.8
2026-03-23 03:57:54,HYD-P02,Running,163.64,59.44,15.69,34.95,1.95,,31.4,67.0
2026-03-23 04:07:54,HYD-P02,Fault,171.47,64.81,9.7,21.25,2.11,E16,0,0
2026-03-23 04:17:54,HYD-P02,Running,165.96,44.24,34.36,29.68,1.77,,34.6,83.1
2026-03-23 04:27:54,HYD-P02,Running,268.11,43.38,16.81,18.03,1.87,,31.5,88.5
2026-03-23 04:37:54,HYD-P02,Running,100.97,43.52,69.54,32.62,1.9,,32.3,62.4
2026-03-23 04:47:54,HYD-P02,Running,210.8,64.8,42.24,13.19,2.51,,31.2,92.0
2026-03-23 04:57:54,HYD-P02,Running,184.65,57.15,58.33,16.71,2.61,,41.5,76.4
2026-03-23 05:07:54,HYD-P02,Running,242.52,73.18,28.41,31.97,2.8,,41.3,62.2
2026-03-23 05:17:54,HYD-P02,Running,112.44,72.41,36.72,30.25,2.72,,33.9,83.1
2026-03-23 05:27:54,HYD-P02,Running,203.76,46.74,70.05,37.1,2.19,,36.1,73.2
2026-03-23 05:37:54,HYD-P02,Running,165.18,45.07,37.76,31.7,2.64,,41.2,60.6
2026-03-23 05:47:54,HYD-P02,Running,155.0,55.6,28.3,30.46,2.45,,44.3,66.4
2026-03-23 05:57:54,HYD-P02,Fault,186.92,41.1,20.8,56.93,1.11,E12,0,0
2026-03-23 06:07:54,HYD-P02,Running,218.29,37.07,22.23,11.32,2.57,,28.2,77.6
2026-03-23 06:17:54,HYD-P02,Running,152.3,40.22,48.12,23.67,2.63,,32.9,77.5
2026-03-23 06:27:54,HYD-P02,Running,173.8,62.8,44.18,34.55,2.93,,43.7,94.5
2026-03-23 06:37:54,HYD-P02,Fault,142.54,55.31,2.08,38.49,2.54,E16,0,0
2026-03-23 06:47:54,HYD-P02,Idle,177.77,48.47,73.34,39.66,0.82,,0,0
2026-03-23 06:57:54,HYD-P02,Fault,203.38,51.45,3.91,43.04,2.47,E20,0,0
2026-03-23 07:07:54,HYD-P02,Running,292.97,55.6,26.87,16.09,4.29,,33.4,74.7
2026-03-23 07:17:54,HYD-P02,Running,132.56,54.07,68.71,40.58,1.97,,38.1,68.2
2026-03-23 07:27:54,HYD-P02,Running,178.16,55.24,69.44,15.2,2.87,,44.2,62.3
2026-03-23 07:37:54,HYD-P02,Running,241.5,50.62,17.4,42.63,1.61,,32.1,74.6
2026-03-23 07:47:54,HYD-P02,Running,237.43,86.83,19.85,22.87,4.71,,41.3,91.3
2026-03-23 07:57:54,HYD-P02,Running,215.37,56.8,33.22,35.89,4.96,,44.1,83.6
2026-03-23 08:07:54,HYD-P02,Running,101.26,47.43,46.87,39.36,4.17,,33.2,83.4
2026-03-23 08:17:54,HYD-P02,Running,171.16,56.59,65.45,48.12,2.23,,36.4,73.9
2026-03-23 08:27:54,HYD-P02,Running,198.73,58.95,34.17,37.18,0.56,,34.7,87.2
2026-03-23 08:37:54,HYD-P02,Running,168.98,49.8,45.94,34.92,1.92,,35.6,73.9
2026-03-23 08:47:54,HYD-P02,Running,248.43,39.68,56.13,26.13,1.66,,32.1,71.1
2026-03-23 08:57:54,HYD-P02,Running,120.34,46.92,46.03,35.08,0.56,,43.5,72.9
2026-03-23 09:07:54,HYD-P02,Fault,103.7,76.09,76.1,23.22,2.45,E19,0,0
2026-03-23 09:17:54,HYD-P02,Running,185.75,38.48,71.78,20.53,4.07,,29.9,94.2
2026-03-23 09:27:54,HYD-P02,Running,105.91,44.03,17.18,18.09,0.95,,37.5,91.1
2026-03-23 09:37:54,HYD-P02,Fault,169.46,63.49,1.41,13.7,0.87,E12,0,0
2026-03-23 09:47:54,HYD-P02,Fault,158.71,47.34,65.25,56.62,0.87,E14,0,0
2026-03-23 09:57:54,HYD-P02,Idle,161.21,37.98,43.07,10.41,2.1,,0,0
2026-03-23 10:07:54,HYD-P02,Running,139.25,44.62,28.33,27.23,1.67,,38.8,94.8
2026-03-23 10:17:54,HYD-P02,Running,148.99,52.26,65.76,38.38,1.42,,41.2,77.4
2026-03-23 10:27:54,HYD-P02,Running,257.61,54.72,38.24,16.57,0.66,,35.3,79.2
2026-03-23 10:37:54,HYD-P02,Running,223.41,56.85,64.85,15.95,2.35,,44.0,72.4
2026-03-23 10:47:54,HYD-P02,Running,164.34,45.41,46.05,18.99,0.89,,41.8,76.5
2026-03-23 10:57:54,HYD-P02,Running,100.69,50.22,66.39,33.14,1.05,,32.3,68.5
2026-03-23 11:07:54,HYD-P02,Running,164.59,43.43,41.36,33.71,0.65,,28.5,66.1
2026-03-23 11:17:54,HYD-P02,Running,169.52,35.2,36.82,32.74,1.92,,35.6,92.0
2026-03-23 11:27:54,HYD-P02,Fault,121.28,42.87,75.33,39.08,6.69,E17,0,0
2026-03-23 11:37:54,HYD-P02,Running,183.86,43.86,61.35,19.0,2.14,,29.6,67.3
2026-03-23 11:47:54,HYD-P02,Running,109.71,49.92,61.2,34.73,2.05,,33.6,62.8
2026-03-23 11:57:54,HYD-P02,Running,235.85,63.59,21.75,15.01,2.71,,30.5,75.2
2026-03-23 12:07:54,HYD-P02,Running,235.92,43.6,51.41,25.86,2.19,,33.8,62.8
2026-03-23 12:17:54,HYD-P02,Running,164.71,69.05,24.85,12.81,2.75,,42.1,70.9
2026-03-23 12:27:54,HYD-P02,Running,203.3,58.1,48.43,13.23,1.12,,29.6,89.5
2026-03-23 12:37:54,HYD-P02,Running,200.17,44.36,63.31,15.0,2.71,,35.2,78.0
2026-03-23 12:47:54,HYD-P02,Running,176.67,46.05,55.35,22.72,2.01,,28.3,89.5
2026-03-23 12:57:54,HYD-P02,Running,189.66,45.9,23.56,31.37,2.55,,43.6,64.4
2026-03-23 13:07:54,HYD-P02,Running,208.54,51.92,11.73,18.41,2.44,,37.0,61.3
2026-03-23 13:17:54,HYD-P02,Running,227.53,64.38,28.71,17.27,0.62,,37.4,87.5
2026-03-23 13:27:54,HYD-P02,Running,136.95,44.05,42.72,28.29,3.66,,40.7,82.0
2026-03-23 13:37:54,HYD-P02,Running,112.76,40.08,46.15,16.75,2.72,,42.5,83.3
2026-03-23 13:47:54,HYD-P02,Fault,172.55,37.68,1.47,38.46,2.01,E16,0,0
2026-03-23 13:57:54,HYD-P02,Running,236.46,39.04,14.27,12.5,4.01,,38.5,65.5
2026-03-23 14:07:54,HYD-P02,Running,136.93,36.89,33.07,33.34,3.05,,36.7,75.8
2026-03-23 14:17:54,HYD-P02,Fault,289.3,49.87,63.74,15.89,1.29,E13,0,0
2026-03-23 14:27:54,HYD-P02,Fault,293.28,55.17,49.66,36.61,1.27,E11,0,0
2026-03-23 14:37:54,HYD-P02,Running,147.43,54.03,16.49,40.09,2.47,,39.6,76.1
2026-03-23 14:47:54,HYD-P02,Running,193.82,53.09,45.44,11.34,2.58,,35.6,62.5
2026-03-23 14:57:54,HYD-P02,Running,147.04,42.02,15.45,10.09,2.14,,41.5,66.1
2026-03-23 15:07:54,HYD-P02,Idle,211.03,36.92,43.2,33.39,1.54,,0,0
2026-03-23 15:17:54,HYD-P02,Running,201.51,51.21,79.42,28.01,1.78,,39.0,75.0
2026-03-23 15:27:54,HYD-P02,Fault,106.41,37.02,25.98,44.74,5.34,E19,0,0
2026-03-23 15:37:54,HYD-P02,Running,219.14,51.78,39.24,23.76,0.7,,41.3,86.4
2026-03-23 15:47:54,HYD-P02,Running,219.78,41.49,56.33,21.86,2.56,,35.7,77.4
2026-03-23 15:57:54,HYD-P02,Running,166.92,37.91,50.06,14.24,1.96,,30.3,74.1
2026-03-23 16:07:54,HYD-P02,Fault,238.55,40.47,3.63,12.95,2.63,E15,0,0
2026-03-23 16:17:54,HYD-P02,Running,106.98,40.44,63.04,30.02,1.25,,43.1,66.2
2026-03-23 16:27:54,HYD-P02,Fault,209.13,89.27,18.06,12.9,2.07,E13,0,0
2026-03-23 16:37:54,HYD-P02,Fault,134.01,59.76,32.43,17.86,5.75,E19,0,0
2026-03-23 16:47:54,HYD-P02,Fault,158.12,47.08,3.77,38.84,5.83,E20,0,0
2026-03-23 16:57:54,HYD-P02,Running,134.18,52.25,13.45,32.4,2.89,,38.1,83.1
2026-03-23 17:07:54,HYD-P02,Running,240.26,49.96,22.62,21.31,0.86,,37.2,66.0
2026-03-23 17:17:54,HYD-P02,Running,142.11,39.81,11.14,33.18,2.13,,36.2,83.7
2026-03-23 17:27:54,HYD-P02,Running,209.36,48.02,54.59,27.45,2.0,,43.8,64.7
2026-03-23 17:37:54,HYD-P02,Running,116.56,45.23,45.05,12.85,2.16,,43.2,60.3
2026-03-23 17:47:54,HYD-P02,Running,254.23,56.35,38.8,12.84,2.57,,35.8,93.4
2026-03-23 17:57:54,HYD-P02,Running,167.29,56.67,45.11,22.32,1.9,,37.8,91.2
2026-03-23 18:07:54,HYD-P02,Running,203.46,49.52,43.52,15.0,4.53,,28.2,62.7
2026-03-23 18:17:54,HYD-P02,Running,152.21,52.39,12.22,15.83,2.51,,36.0,90.1
2026-03-23 18:27:54,HYD-P02,Running,186.76,36.14,70.09,30.18,2.37,,41.2,77.6
2026-03-23 18:37:54,HYD-P02,Running,163.16,56.69,75.02,34.93,2.63,,31.7,82.1
2026-03-23 18:47:54,HYD-P02,Running,148.32,43.55,36.34,31.02,1.89,,38.7,89.5
2026-03-23 18:57:54,HYD-P02,Running,224.72,56.69,74.28,47.03,0.97,,30.1,79.0
2026-03-23 19:07:54,HYD-P02,Running,189.74,37.44,66.35,17.01,1.04,,32.1,91.3
2026-03-23 19:17:54,HYD-P02,Running,189.67,53.42,57.31,22.86,1.41,,37.2,64.7
2026-03-23 19:27:54,HYD-P02,Running,209.41,53.73,30.55,44.83,0.97,,40.9,63.3
2026-03-23 19:37:54,HYD-P02,Running,109.66,40.39,31.53,10.86,0.8,,40.0,94.1
2026-03-23 19:47:54,HYD-P02,Running,127.04,39.29,71.06,30.65,2.48,,41.8,62.1
2026-03-23 19:57:54,HYD-P02,Running,136.85,45.85,20.86,13.0,1.23,,40.9,79.3
2026-03-23 20:07:54,HYD-P02,Running,123.3,35.77,34.68,21.04,1.27,,39.9,92.8
2026-03-23 20:17:54,HYD-P02,Fault,264.72,36.63,79.38,58.03,1.27,E20,0,0
2026-03-23 20:27:54,HYD-P02,Running,206.0,46.69,69.85,35.16,2.21,,36.6,88.9
2026-03-23 20:37:54,HYD-P02,Idle,111.41,54.5,2.0,28.5,1.94,,0,0
2026-03-23 20:47:54,HYD-P02,Running,136.28,44.54,76.19,15.2,1.37,,34.5,79.9
2026-03-23 20:57:54,HYD-P02,Running,251.31,54.56,60.61,33.79,1.26,,38.7,65.2
2026-03-23 21:07:54,HYD-P02,Fault,282.74,53.62,31.48,30.24,1.08,E14,0,0
2026-03-23 21:17:54,HYD-P02,Running,115.38,48.17,56.74,25.23,1.4,,32.8,85.5
2026-03-23 21:27:54,HYD-P02,Fault,241.57,48.86,46.99,34.64,7.59,E19,0,0
2026-03-23 21:37:54,HYD-P02,Running,240.39,59.72,72.75,35.31,1.12,,43.4,90.6
2026-03-23 21:47:54,HYD-P02,Idle,149.01,37.4,44.29,44.58,1.81,,0,0
2026-03-23 21:57:54,HYD-P02,Running,219.73,38.41,47.32,39.58,2.03,,34.4,93.7
2026-03-23 22:07:54,HYD-P02,Running,188.36,41.46,7.01,35.6,2.68,,28.9,89.6
2026-03-23 22:17:54,HYD-P02,Running,236.23,74.45,51.42,38.53,1.62,,36.2,72.5
2026-03-23 22:27:54,HYD-P02,Fault,148.87,36.91,45.34,50.96,1.23,E13,0,0
2026-03-23 22:37:54,HYD-P02,Running,204.14,44.2,79.0,19.83,2.98,,40.9,60.6
2026-03-23 22:47:54,HYD-P02,Running,161.34,49.42,49.07,14.07,2.75,,41.5,75.2
2026-03-23 22:57:54,HYD-P02,Running,205.45,57.49,27.46,35.33,2.95,,32.1,71.3
2026-03-23 23:07:54,HYD-P02,Running,173.58,53.89,38.05,12.14,2.39,,32.9,68.6
2026-03-23 23:17:54,HYD-P02,Running,228.92,51.78,50.73,31.6,4.54,,30.4,79.2
2026-03-23 23:27:54,HYD-P02,Running,150.02,50.26,65.55,25.11,2.77,,36.3,72.3
2026-03-23 23:37:54,HYD-P02,Running,171.23,44.68,23.1,22.67,2.2,,38.1,74.1
2026-03-23 23:47:54,HYD-P02,Running,156.63,41.12,10.72,15.89,2.2,,40.1,86.0
2026-03-23 23:57:54,HYD-P02,Running,267.66,57.15,71.98,36.58,1.53,,32.2,73.7
2026-03-24 00:07:54,HYD-P02,Running,204.49,57.54,73.19,24.88,2.92,,38.4,83.9
2026-03-24 00:17:54,HYD-P02,Running,241.14,52.82,41.25,32.5,2.7,,44.4,87.4
2026-03-24 00:27:54,HYD-P02,Running,169.86,42.03,29.02,24.4,0.7,,34.0,70.4
2026-03-24 00:37:54,HYD-P02,Running,265.09,51.29,57.32,40.32,1.93,,28.6,74.3
2026-03-24 00:47:54,HYD-P02,Running,208.9,53.62,40.6,38.76,2.14,,33.8,66.3
2026-03-24 00:57:54,HYD-P02,Fault,201.53,45.75,6.84,32.88,0.59,E20,0,0
2026-03-24 01:07:54,HYD-P02,Running,110.52,55.37,65.21,22.64,4.38,,37.7,85.7
2026-03-24 01:17:54,HYD-P02,Running,249.04,61.53,50.14,23.43,1.5,,40.4,76.5
2026-03-24 01:27:54,HYD-P02,Running,113.95,51.2,60.14,23.85,1.5,,41.3,73.4
2026-03-24 01:37:54,HYD-P02,Fault,206.23,80.59,44.25,27.59,6.93,E13,0,0
2026-03-24 01:47:54,HYD-P02,Fault,203.75,77.71,49.78,35.66,2.6,E20,0,0
2026-03-24 01:57:54,HYD-P02,Fault,126.21,41.33,32.98,43.89,6.45,E14,0,0
2026-03-24 02:07:54,HYD-P02,Running,188.62,66.81,40.38,18.98,0.82,,38.3,69.9
2026-03-24 02:17:54,HYD-P02,Running,296.92,39.16,66.99,16.77,0.71,,40.8,74.2
2026-03-24 02:27:54,HYD-P02,Running,230.06,42.56,78.16,12.29,0.52,,34.4,69.4
2026-03-24 02:37:54,HYD-P02,Running,162.76,55.37,77.05,33.27,0.92,,37.4,71.5
2026-03-24 02:47:54,HYD-P02,Running,221.01,68.66,73.17,12.28,2.99,,33.6,88.3
2026-03-24 02:57:54,HYD-P02,Running,245.95,66.91,30.67,38.27,3.44,,44.2,63.2
2026-03-24 03:07:54,HYD-P02,Running,214.81,59.82,23.9,21.56,2.26,,30.9,92.0
2026-03-24 03:17:54,HYD-P02,Running,262.17,46.58,78.68,35.21,0.75,,33.3,76.5
2026-03-24 03:27:54,HYD-P02,Running,113.6,70.86,12.49,29.23,2.62,,33.5,61.4
2026-03-24 03:37:54,HYD-P02,Fault,256.15,81.61,17.12,28.5,1.52,E15,0,0
2026-03-24 03:47:54,HYD-P02,Running,146.93,53.54,34.24,19.77,0.8,,44.6,80.9
2026-03-24 03:57:54,HYD-P02,Running,258.13,57.62,29.16,30.53,2.79,,28.4,94.0
2026-03-24 04:07:54,HYD-P02,Running,212.23,44.51,21.04,36.65,2.32,,30.7,68.8
2026-03-24 04:17:54,HYD-P02,Running,118.52,45.44,27.56,28.98,2.82,,39.1,73.3
2026-03-24 04:27:54,HYD-P02,Running,216.86,35.76,36.26,37.97,3.01,,31.9,83.2
2026-03-24 04:37:54,HYD-P02,Idle,238.37,43.79,27.96,11.47,0.86,,0,0
2026-03-24 04:47:54,HYD-P02,Running,169.5,48.97,64.1,15.74,0.81,,29.5,71.7
2026-03-24 04:57:54,HYD-P02,Fault,221.71,59.9,68.17,59.3,2.87,E17,0,0
2026-03-24 05:07:54,HYD-P02,Running,261.05,58.38,20.77,35.42,1.16,,34.8,94.3
2026-03-24 05:17:54,HYD-P02,Running,106.25,41.43,15.03,25.15,2.91,,28.6,91.5
2026-03-24 05:27:54,HYD-P02,Running,226.15,38.36,49.53,25.31,1.45,,44.7,94.2
2026-03-24 05:37:54,HYD-P02,Running,135.65,51.48,16.47,14.14,2.71,,41.6,90.4
2026-03-24 05:47:54,HYD-P02,Running,101.37,55.77,65.19,12.39,0.54,,31.5,64.2
2026-03-24 05:57:54,HYD-P02,Running,138.45,49.67,39.36,15.05,1.22,,40.1,64.3
2026-03-24 06:07:54,HYD-P02,Running,184.5,65.43,27.69,20.75,4.47,,38.9,88.7
2026-03-24 06:17:54,HYD-P02,Running,133.16,44.85,5.57,32.77,2.07,,41.6,73.3
2026-03-24 06:27:54,HYD-P02,Running,188.95,54.36,52.09,36.58,0.91,,28.0,86.7
2026-03-24 06:37:54,HYD-P02,Running,123.14,36.04,50.85,31.82,2.58,,35.0,77.3
2026-03-24 06:47:54,HYD-P02,Fault,298.47,55.04,78.41,27.24,1.69,E14,0,0
2026-03-24 06:57:54,HYD-P02,Running,130.1,43.06,67.24,28.86,2.25,,37.1,76.0
2026-03-24 07:07:54,HYD-P02,Running,245.05,69.54,43.15,37.86,1.31,,40.7,64.1
2026-03-24 07:17:54,HYD-P02,Running,173.95,40.6,41.34,33.03,1.59,,38.4,75.4
2026-03-24 07:27:54,HYD-P02,Running,135.64,57.84,19.55,25.13,2.59,,31.3,61.3
2026-03-24 07:37:54,HYD-P02,Running,149.09,50.98,36.85,18.42,2.36,,39.3,65.9
2026-03-24 07:47:54,HYD-P02,Idle,182.99,48.0,59.29,40.83,1.77,,0,0
2026-03-24 07:57:54,HYD-P02,Fault,276.12,48.84,18.54,23.16,2.49,E17,0,0
2026-03-24 08:07:54,HYD-P02,Running,172.9,43.16,72.85,27.57,0.6,,36.2,69.4
2026-03-24 08:17:54,HYD-P02,Running,248.58,38.44,57.75,21.85,2.48,,29.1,81.0
2026-03-24 08:27:54,HYD-P02,Running,179.61,45.22,75.53,25.04,0.93,,43.0,72.5
2026-03-24 08:37:54,HYD-P02,Fault,232.91,55.96,34.75,54.97,1.3,E13,0,0
2026-03-24 08:47:54,HYD-P02,Idle,162.52,50.18,58.48,32.45,6.68,,0,0
2026-03-24 08:57:54,HYD-P02,Running,151.51,57.34,76.29,11.94,1.43,,39.5,69.7
2026-03-24 09:07:54,HYD-P02,Running,256.14,43.48,45.77,26.24,2.18,,41.3,71.8
2026-03-24 09:17:54,HYD-P02,Fault,140.82,43.76,54.94,50.19,2.31,E14,0,0
2026-03-24 09:27:54,HYD-P02,Running,145.89,45.8,49.56,22.32,2.88,,42.1,69.3
2026-03-24 09:37:54,HYD-P02,Running,234.64,58.67,37.91,42.11,1.67,,39.3,63.8
2026-03-24 09:47:54,HYD-P02,Running,196.52,56.47,56.87,29.9,2.15,,36.2,66.1
2026-03-24 09:57:54,HYD-P02,Running,170.24,45.03,13.43,31.94,0.74,,42.9,73.1
2026-03-24 10:07:54,HYD-P02,Running,199.78,56.52,78.0,10.53,2.37,,42.2,77.0
2026-03-24 10:17:54,HYD-P02,Running,224.93,47.54,44.15,36.94,2.77,,30.0,66.8
2026-03-24 10:27:54,HYD-P02,Running,132.01,54.68,46.64,23.95,2.52,,35.6,85.1
2026-03-24 10:37:54,HYD-P02,Running,246.86,47.23,69.23,18.73,2.28,,44.9,78.1
2026-03-24 10:47:54,HYD-P02,Fault,240.82,54.16,4.61,34.74,3.16,E11,0,0
2026-03-24 10:57:54,HYD-P02,Running,105.9,71.25,47.6,18.09,6.63,,37.0,71.0
2026-03-24 11:07:54,HYD-P02,Running,268.08,53.73,68.63,26.49,1.96,,39.5,72.4
2026-03-24 11:17:54,HYD-P02,Running,164.27,44.2,41.36,22.23,1.64,,37.2,69.5
2026-03-24 11:27:54,HYD-P02,Running,254.27,55.51,56.73,41.9,2.78,,36.4,70.8
