timestamp,machine_id,status,joint_temp_c,motor_current_a,tcp_speed_mm_s,air_pressure_bar,vibration_mm_s,error_code,cycle_time_s,oee_pct
2026-03-17 11:37:54,ROB-005,Running,47.24,17.89,1241.76,5.08,0.98,,36.3,87.2
2026-03-17 11:47:54,ROB-005,Running,47.16,17.44,670.21,5.11,1.1,,30.0,85.8
2026-03-17 11:57:54,ROB-005,Running,27.96,3.53,2498.99,5.31,0.76,,28.3,68.9
2026-03-17 12:07:54,ROB-005,Running,29.17,11.73,636.46,4.34,0.59,,44.7,79.9
2026-03-17 12:17:54,ROB-005,Fault,35.59,3.02,1633.36,3.85,1.02,E50,0,0
2026-03-17 12:27:54,ROB-005,Running,35.04,6.81,818.72,5.92,0.25,,37.4,88.9
2026-03-17 12:37:54,ROB-005,Running,48.28,5.47,1604.23,5.05,0.65,,34.1,65.3
2026-03-17 12:47:54,ROB-005,Running,33.93,27.22,2093.07,5.59,0.67,,29.1,94.9
2026-03-17 12:57:54,ROB-005,Running,47.71,9.0,480.36,4.8,0.82,,37.7,94.7
2026-03-17 13:07:54,ROB-005,Running,47.92,4.74,1132.32,5.18,0.22,,44.3,66.1
2026-03-17 13:17:54,ROB-005,Running,35.07,22.49,1748.77,4.34,1.41,,43.6,90.9
2026-03-17 13:27:54,ROB-005,Running,69.81,10.81,1198.39,5.64,0.17,,43.6,67.8
2026-03-17 13:37:54,ROB-005,Running,54.92,9.54,1427.44,4.92,1.21,,29.9,62.7
2026-03-17 13:47:54,ROB-005,Running,45.91,15.6,1528.65,5.88,1.06,,32.4,92.7
2026-03-17 13:57:54,ROB-005,Running,32.13,4.41,1494.84,5.59,1.43,,29.1,73.4
2026-03-17 14:07:54,ROB-005,Running,31.28,22.97,837.87,5.71,0.75,,30.7,94.8
2026-03-17 14:17:54,ROB-005,Running,49.71,7.35,1747.12,5.09,1.23,,31.0,79.1
2026-03-17 14:27:54,ROB-005,Running,51.63,2.24,897.57,5.59,1.49,,38.7,90.9
2026-03-17 14:37:54,ROB-005,Running,47.11,14.08,684.5,5.83,1.62,,31.9,94.1
2026-03-17 14:47:54,ROB-005,Running,39.39,12.11,679.33,5.86,1.42,,28.1,92.7
2026-03-17 14:57:54,ROB-005,Running,54.34,17.49,784.11,5.23,1.12,,42.5,84.3
2026-03-17 15:07:54,ROB-005,Running,49.33,9.23,1660.33,4.32,0.96,,42.4,89.3
2026-03-17 15:17:54,ROB-005,Running,52.93,13.61,900.97,5.13,1.1,,40.4,63.3
2026-03-17 15:27:54,ROB-005,Idle,50.05,5.93,1812.04,5.03,0.47,,0,0
2026-03-17 15:37:54,ROB-005,Running,30.58,6.98,758.01,5.81,0.22,,42.3,72.5
2026-03-17 15:47:54,ROB-005,Running,43.99,14.36,491.16,5.18,0.33,,31.1,69.4
2026-03-17 15:57:54,ROB-005,Fault,51.01,26.86,1489.08,5.36,0.66,E50,0,0
2026-03-17 16:07:54,ROB-005,Running,42.88,11.07,501.26,4.87,0.58,,35.7,80.4
2026-03-17 16:17:54,ROB-005,Fault,51.13,18.38,2303.71,5.47,0.27,E43,0,0
2026-03-17 16:27:54,ROB-005,Running,46.41,12.15,573.34,5.67,0.53,,39.3,87.2
2026-03-17 16:37:54,ROB-005,Running,47.06,7.26,401.11,5.46,0.92,,34.5,61.9
2026-03-17 16:47:54,ROB-005,Running,58.04,6.32,320.4,5.28,1.42,,40.5,72.3
2026-03-17 16:57:54,ROB-005,Idle,47.19,16.73,1331.47,5.84,1.27,,0,0
2026-03-17 17:07:54,ROB-005,Running,39.06,12.68,1986.06,5.56,0.96,,32.3,79.6
2026-03-17 17:17:54,ROB-005,Running,46.43,17.16,296.78,5.76,0.92,,43.9,78.1
2026-03-17 17:27:54,ROB-005,Running,49.69,13.54,1329.7,3.24,0.85,,34.2,73.7
2026-03-17 17:37:54,ROB-005,Running,56.41,20.07,953.79,5.98,0.2,,40.0,73.7
2026-03-17 17:47:54,ROB-005,Running,38.86,6.96,1507.94,5.31,0.67,,34.0,84.8
2026-03-17 17:57:54,ROB-005,Fault,42.78,5.26,2218.42,5.21,0.55,E41,0,0
2026-03-17 18:07:54,ROB-005,Running,64.83,16.52,1459.61,5.5,0.39,,28.9,72.5
2026-03-17 18:17:54,ROB-005,Running,26.68,11.88,1795.24,5.65,1.1,,44.2,70.8
2026-03-17 18:27:54,ROB-005,Running,62.5,14.52,1494.19,5.68,0.38,,37.4,73.2
2026-03-17 18:37:54,ROB-005,Fault,33.69,2.29,2478.02,5.49,1.29,E47,0,0
2026-03-17 18:47:54,ROB-005,Running,44.97,11.46,339.9,5.33,0.27,,32.3,94.9
2026-03-17 18:57:54,ROB-005,Running,32.75,5.56,1942.67,5.43,0.39,,36.8,66.4
2026-03-17 19:07:54,ROB-005,Running,65.91,7.29,1286.36,5.89,0.55,,29.7,88.4
2026-03-17 19:17:54,ROB-005,Running,47.12,14.45,651.43,5.32,1.25,,41.6,60.5
2026-03-17 19:27:54,ROB-005,Running,49.49,2.86,1775.01,5.78,1.45,,41.5,88.9
2026-03-17 19:37:54,ROB-005,Running,41.77,8.5,1083.44,3.03,0.58,,31.1,72.1
2026-03-17 19:47:54,ROB-005,Running,47.03,23.87,1792.88,4.25,0.23,,32.0,75.6
2026-03-17 19:57:54,ROB-005,Running,29.86,13.29,176.64,5.89,0.59,,38.5,88.1
2026-03-17 20:07:54,ROB-005,Fault,84.17,17.93,852.83,5.51,2.43,E50,0,0
2026-03-17 20:17:54,ROB-005,Idle,60.22,13.86,390.12,5.56,0.5,,0,0
2026-03-17 20:27:54,ROB-005,Running,59.61,6.16,1561.21,5.52,0.91,,41.4,71.3
2026-03-17 20:37:54,ROB-005,Fault,43.3,4.14,1993.74,5.77,2.59,E45,0,0
2026-03-17 20:47:54,ROB-005,Running,34.24,8.46,119.49,5.98,0.76,,29.7,63.6
2026-03-17 20:57:54,ROB-005,Running,54.82,14.27,613.36,5.94,1.25,,29.7,71.8
2026-03-17 21:07:54,ROB-005,Running,33.4,8.0,1044.88,5.21,0.63,,29.2,94.4
2026-03-17 21:17:54,ROB-005,Running,69.36,7.9,1783.97,5.07,0.7,,36.3,65.7
2026-03-17 21:27:54,ROB-005,Running,32.44,5.26,117.12,5.03,1.23,,31.5,64.1
2026-03-17 21:37:54,ROB-005,Running,45.01,18.38,2022.46,4.08,0.53,,37.5,94.8
2026-03-17 21:47:54,ROB-005,Running,42.06,20.94,1606.4,5.5,0.19,,41.7,78.9
2026-03-17 21:57:54,ROB-005,Fault,48.39,10.14,2299.22,5.46,0.61,E44,0,0
2026-03-17 22:07:54,ROB-005,Running,33.64,4.86,885.08,5.39,0.98,,39.2,73.9
2026-03-17 22:17:54,ROB-005,Running,43.78,2.02,396.23,5.13,0.43,,43.8,82.7
2026-03-17 22:27:54,ROB-005,Running,40.26,13.08,1755.78,5.28,0.72,,43.1,79.2
2026-03-17 22:37:54,ROB-005,Running,44.62,17.27,647.7,5.6,1.64,,28.0,92.3
2026-03-17 22:47:54,ROB-005,Running,31.0,12.54,1642.98,5.62,1.06,,33.0,94.1
2026-03-17 22:57:54,ROB-005,Running,32.92,3.31,933.94,5.4,1.27,,43.2,87.0
2026-03-17 23:07:54,ROB-005,Running,32.47,2.18,123.44,5.59,0.69,,41.5,64.9
2026-03-17 23:17:54,ROB-005,Idle,34.42,2.08,407.67,5.13,0.66,,0,0
2026-03-17 23:27:54,ROB-005,Running,34.61,5.47,396.69,5.23,0.42,,32.6,91.5
2026-03-17 23:37:54,ROB-005,Running,50.49,10.9,1234.73,5.54,0.48,,30.8,83.5
2026-03-17 23:47:54,ROB-005,Running,53.67,10.03,822.45,5.4,0.89,,36.6,63.3
2026-03-17 23:57:54,ROB-005,Running,30.9,16.51,485.52,5.69,1.05,,41.2,72.1
2026-03-18 00:07:54,ROB-005,Fault,34.06,4.47,2120.51,5.52,1.05,E48,0,0
2026-03-18 00:17:54,ROB-005,Running,48.17,4.8,1260.93,5.03,0.82,,39.0,78.4
2026-03-18 00:27:54,ROB-005,Running,38.14,5.56,1377.99,5.99,0.11,,37.4,60.1
2026-03-18 00:37:54,ROB-005,Running,39.63,13.95,1392.77,5.36,1.37,,40.4,91.9
2026-03-18 00:47:54,ROB-005,Running,50.21,7.32,460.18,5.59,2.87,,38.1,93.6
2026-03-18 00:57:54,ROB-005,Running,26.68,13.7,879.45,5.95,1.41,,30.0,86.0
2026-03-18 01:07:54,ROB-005,Running,38.84,4.48,1594.8,5.35,1.02,,33.6,64.1
2026-03-18 01:17:54,ROB-005,Running,32.36,4.42,2055.33,5.94,1.95,,33.7,73.7
2026-03-18 01:27:54,ROB-005,Running,33.83,3.79,870.6,5.3,1.21,,37.6,61.5
2026-03-18 01:37:54,ROB-005,Running,53.48,9.81,1623.53,5.52,1.23,,44.7,80.1
2026-03-18 01:47:54,ROB-005,Running,45.24,17.65,2185.76,5.9,1.46,,41.4,60.6
2026-03-18 01:57:54,ROB-005,Running,43.51,14.44,1703.43,5.19,0.39,,32.2,85.7
2026-03-18 02:07:54,ROB-005,Fault,68.98,14.74,2409.97,5.51,1.37,E50,0,0
2026-03-18 02:17:54,ROB-005,Idle,46.05,17.82,334.82,5.58,0.77,,0,0
2026-03-18 02:27:54,ROB-005,Running,52.22,14.82,1534.62,5.87,1.54,,32.7,75.0
2026-03-18 02:37:54,ROB-005,Running,37.44,2.64,208.09,5.07,0.46,,28.7,82.7
2026-03-18 02:47:54,ROB-005,Running,53.47,15.55,563.36,5.06,0.21,,32.5,65.8
2026-03-18 02:57:54,ROB-005,Fault,30.26,9.35,2140.99,5.05,0.57,E44,0,0
2026-03-18 03:07:54,ROB-005,Running,72.42,16.84,405.48,5.83,1.06,,41.2,85.5
2026-03-18 03:17:54,ROB-005,Running,45.0,15.84,476.73,4.39,0.43,,35.9,86.5
2026-03-18 03:27:54,ROB-005,Running,38.18,9.46,965.18,5.03,1.39,,43.6,71.6
2026-03-18 03:37:54,ROB-005,Running,33.59,2.97,1015.0,5.65,1.19,,36.3,74.9
2026-03-18 03:47:54,ROB-005,Running,54.31,11.83,1397.58,5.19,0.56,,38.1,92.0
2026-03-18 03:57:54,ROB-005,Fault,52.3,18.06,2439.86,5.24,1.49,E43,0,0
2026-03-18 04:07:54,ROB-005,Running,31.1,3.13,1254.07,4.91,0.18,,38.6,68.1
2026-03-18 04:17:54,ROB-005,Running,29.83,6.13,727.56,5.35,1.18,,44.1,75.5
2026-03-18 04:27:54,ROB-005,Idle,46.27,6.64,1487.96,5.46,0.74,,0,0
2026-03-18 04:37:54,ROB-005,Fault,41.74,14.33,313.63,3.77,0.76,E49,0,0
2026-03-18 04:47:54,ROB-005,Running,30.73,15.16,1760.41,5.9,1.38,,36.8,87.0
2026-03-18 04:57:54,ROB-005,Running,43.0,17.72,240.18,5.41,1.38,,37.4,72.8
2026-03-18 05:07:54,ROB-005,Running,26.01,8.22,651.87,5.1,0.54,,44.4,77.8
2026-03-18 05:17:54,ROB-005,Running,31.89,14.76,1651.79,5.72,1.67,,30.3,61.5
2026-03-18 05:27:54,ROB-005,Running,26.4,10.65,1204.55,5.48,1.02,,41.6,76.3
2026-03-18 05:37:54,ROB-005,Running,30.78,18.85,185.35,5.88,0.21,,43.1,83.9
2026-03-18 05:47:54,ROB-005,Running,32.74,21.68,1978.64,5.56,1.46,,41.8,62.4
2026-03-18 05:57:54,ROB-005,Running,40.26,17.87,695.47,5.34,0.47,,34.9,70.2
2026-03-18 06:07:54,ROB-005,Running,44.01,15.56,192.66,5.05,1.31,,40.0,94.1
2026-03-18 06:17:54,ROB-005,Running,29.94,16.22,1338.7,5.05,0.57,,40.2,64.1
2026-03-18 06:27:54,ROB-005,Running,47.96,4.7,585.26,5.81,0.98,,28.2,80.2
2026-03-18 06:37:54,ROB-005,Running,34.91,9.51,504.12,5.67,0.89,,33.4,62.8
2026-03-18 06:47:54,ROB-005,Fault,25.13,8.47,1667.5,3.69,1.44,E48,0,0
2026-03-18 06:57:54,ROB-005,Running,30.09,3.78,1005.77,5.07,1.18,,28.4,85.1
2026-03-18 07:07:54,ROB-005,Fault,52.39,8.12,2431.5,5.28,1.47,E43,0,0
2026-03-18 07:17:54,ROB-005,Fault,41.13,13.41,2153.51,5.23,0.19,E45,0,0
2026-03-18 07:27:54,ROB-005,Running,54.76,5.03,1673.54,5.35,1.45,,39.2,87.8
2026-03-18 07:37:54,ROB-005,Running,35.12,9.79,236.65,5.93,2.47,,42.0,71.4
2026-03-18 07:47:54,ROB-005,Running,44.35,6.02,1754.89,4.18,0.84,,38.3,72.6
2026-03-18 07:57:54,ROB-005,Running,49.43,9.56,910.68,5.51,2.21,,28.7,74.2
2026-03-18 08:07:54,ROB-005,Running,63.62,16.34,585.91,5.47,0.22,,44.9,86.8
2026-03-18 08:17:54,ROB-005,Running,38.84,16.78,774.6,5.64,0.58,,39.4,70.9
2026-03-18 08:27:54,ROB-005,Running,50.85,17.11,383.27,5.37,2.46,,33.5,72.7
2026-03-18 08:37:54,ROB-005,Running,26.54,21.21,1774.82,5.4,0.89,,29.0,72.9
2026-03-18 08:47:54,ROB-005,Running,49.23,2.72,776.68,5.42,0.49,,35.0,74.0
2026-03-18 08:57:54,ROB-005,Running,44.04,5.22,924.25,5.82,0.83,,31.8,82.9
2026-03-18 09:07:54,ROB-005,Running,32.47,15.62,1682.78,5.5,0.98,,44.0,88.2
2026-03-18 09:17:54,ROB-005,Fault,34.66,11.77,1407.08,3.02,0.85,E41,0,0
2026-03-18 09:27:54,ROB-005,Fault,83.44,8.39,893.04,3.72,1.21,E50,0,0
2026-03-18 09:37:54,ROB-005,Fault,42.41,22.86,940.11,5.41,3.8,E45,0,0
2026-03-18 09:47:54,ROB-005,Running,29.85,18.43,1590.32,4.96,0.74,,44.7,65.5
2026-03-18 09:57:54,ROB-005,Running,53.77,8.32,297.62,5.14,0.37,,29.9,83.4
2026-03-18 10:07:54,ROB-005,Running,39.23,3.85,1660.4,5.4,0.51,,34.4,80.1
2026-03-18 10:17:54,ROB-005,Running,34.7,14.14,261.78,5.2,1.82,,32.6,77.5
2026-03-18 10:27:54,ROB-005,Running,50.11,12.21,1743.4,5.35,0.63,,40.5,84.3
2026-03-18 10:37:54,ROB-005,Running,42.33,17.22,871.61,5.19,0.72,,30.7,78.4
2026-03-18 10:47:54,ROB-005,Fault,53.17,8.61,722.83,5.67,2.71,E50,0,0
2026-03-18 10:57:54,ROB-005,Running,32.88,13.44,646.68,5.34,1.42,,37.7,72.8
2026-03-18 11:07:54,ROB-005,Running,39.64,17.41,1750.12,5.66,0.46,,43.8,60.2
2026-03-18 11:17:54,ROB-005,Running,81.42,12.66,2280.82,5.75,1.29,,44.3,63.5
2026-03-18 11:27:54,ROB-005,Running,26.02,9.76,345.26,4.06,0.7,,33.9,93.0
2026-03-18 11:37:54,ROB-005,Running,53.23,15.0,1149.46,5.64,0.5,,29.5,72.2
2026-03-18 11:47:54,ROB-005,Idle,39.94,4.3,1574.73,5.75,0.75,,0,0
2026-03-18 11:57:54,ROB-005,Running,45.39,4.27,1389.86,5.99,0.36,,43.4,83.3
2026-03-18 12:07:54,ROB-005,Running,35.01,7.83,617.08,5.04,1.08,,35.6,64.5
2026-03-18 12:17:54,ROB-005,Running,51.33,5.41,1532.41,5.56,1.25,,30.7,64.5
2026-03-18 12:27:54,ROB-005,Running,68.08,10.47,1632.4,5.14,1.3,,43.2,74.4
2026-03-18 12:37:54,ROB-005,Running,35.9,2.48,1449.72,5.74,0.22,,30.8,67.4
2026-03-18 12:47:54,ROB-005,Running,50.34,3.93,569.63,5.22,0.16,,41.9,80.6
2026-03-18 12:57:54,ROB-005,Running,49.6,20.9,133.55,5.92,0.67,,37.0,73.1
2026-03-18 13:07:54,ROB-005,Running,34.1,4.96,763.25,5.34,1.28,,33.3,65.0
2026-03-18 13:17:54,ROB-005,Running,39.81,26.02,711.25,5.82,0.49,,30.9,74.9
2026-03-18 13:27:54,ROB-005,Idle,69.41,5.05,1758.38,5.45,0.35,,0,0
2026-03-18 13:37:54,ROB-005,Running,31.67,16.1,474.7,5.05,0.82,,31.6,65.1
2026-03-18 13:47:54,ROB-005,Running,27.04,12.23,1343.25,5.3,0.76,,29.1,87.1
2026-03-18 13:57:54,ROB-005,Running,34.61,10.15,1466.56,5.3,1.21,,43.4,80.5
2026-03-18 14:07:54,ROB-005,Running,65.14,11.12,148.51,5.49,0.55,,29.7,69.4
2026-03-18 14:17:54,ROB-005,Running,45.81,12.2,1063.4,5.2,0.67,,35.8,60.8
2026-03-18 14:27:54,ROB-005,Running,27.97,17.16,1465.5,4.93,0.98,,36.9,87.8
2026-03-18 14:37:54,ROB-005,Running,36.43,19.86,146.77,5.73,0.28,,28.1,62.8
2026-03-18 14:47:54,ROB-005,Running,37.44,3.87,386.76,5.19,0.62,,29.2,63.4
2026-03-18 14:57:54,ROB-005,Running,54.55,2.17,667.29,5.41,0.28,,29.1,88.7
2026-03-18 15:07:54,ROB-005,Running,38.43,2.02,520.38,5.11,1.08,,30.1,93.3
2026-03-18 15:17:54,ROB-005,Running,49.95,4.9,1471.75,5.3,1.17,,33.5,84.9
2026-03-18 15:27:54,ROB-005,Running,31.13,3.31,1707.0,5.65,1.48,,41.8,87.7
2026-03-18 15:37:54,ROB-005,Fault,36.59,9.28,2126.65,5.53,0.59,E45,0,0
2026-03-18 15:47:54,ROB-005,Fault,35.85,10.76,261.7,5.9,3.9,E44,0,0
2026-03-18 15:57:54,ROB-005,Running,28.1,15.54,2236.81,5.45,0.46,,37.5,83.9
2026-03-18 16:07:54,ROB-005,Running,43.9,8.54,422.07,5.33,0.43,,37.4,60.3
2026-03-18 16:17:54,ROB-005,Fault,29.01,27.14,1545.37,5.35,0.49,E41,0,0
2026-03-18 16:27:54,ROB-005,Running,29.85,17.67,320.37,5.05,1.32,,31.0,80.7
2026-03-18 16:37:54,ROB-005,Running,46.9,16.44,1696.06,5.59,0.78,,29.1,89.2
2026-03-18 16:47:54,ROB-005,Fault,53.99,8.65,601.93,5.49,3.51,E46,0,0
2026-03-18 16:57:54,ROB-005,Running,46.81,6.31,882.34,5.21,1.29,,33.3,78.3
2026-03-18 17:07:54,ROB-005,Running,53.99,12.41,1632.41,5.9,1.32,,28.4,93.5
2026-03-18 17:17:54,ROB-005,Running,53.02,8.33,427.19,5.49,2.43,,33.8,90.9
2026-03-18 17:27:54,ROB-005,Idle,46.37,4.25,240.26,5.63,1.11,,0,0
2026-03-18 17:37:54,ROB-005,Running,25.37,12.59,1741.47,5.19,0.86,,37.4,73.1
2026-03-18 17:47:54,ROB-005,Running,31.31,14.7,633.58,5.24,0.63,,38.9,66.6
2026-03-18 17:57:54,ROB-005,Running,40.23,16.72,1129.78,5.69,1.07,,40.1,91.4
2026-03-18 18:07:54,ROB-005,Running,34.46,13.14,946.6,5.85,1.32,,31.6,77.6
2026-03-18 18:17:54,ROB-005,Running,44.72,22.75,514.56,5.79,0.94,,32.4,63.9
2026-03-18 18:27:54,ROB-005,Running,33.86,9.3,1251.51,5.57,2.17,,43.0,93.0
2026-03-18 18:37:54,ROB-005,Running,44.29,8.35,1854.45,5.48,1.01,,38.2,60.6
2026-03-18 18:47:54,ROB-005,Running,31.77,20.57,721.69,5.57,1.03,,42.4,63.8
2026-03-18 18:57:54,ROB-005,Fault,29.61,16.16,1109.67,5.49,3.35,E46,0,0
2026-03-18 19:07:54,ROB-005,Running,37.98,11.03,471.43,5.3,1.88,,42.3,80.4
2026-03-18 19:17:54,ROB-005,Running,31.14,7.95,1145.72,5.64,0.76,,33.8,82.8
2026-03-18 19:27:54,ROB-005,Running,26.43,3.34,1293.05,5.51,0.47,,41.2,75.7
2026-03-18 19:37:54,ROB-005,Fault,50.01,5.19,2125.32,4.1,0.45,E49,0,0
2026-03-18 19:47:54,ROB-005,Running,36.82,17.07,957.39,5.69,0.58,,37.5,76.2
2026-03-18 19:57:54,ROB-005,Running,25.63,3.24,2041.81,5.58,1.08,,33.4,87.6
2026-03-18 20:07:54,ROB-005,Running,52.45,8.25,341.16,5.03,1.48,,36.9,71.5
2026-03-18 20:17:54,ROB-005,Running,49.06,14.44,882.33,5.05,0.73,,43.4,79.5
2026-03-18 20:27:54,ROB-005,Fault,26.11,15.89,533.87,3.76,1.45,E46,0,0
2026-03-18 20:37:54,ROB-005,Running,44.64,14.75,1631.86,5.87,1.83,,28.1,75.2
2026-03-18 20:47:54,ROB-005,Running,26.58,14.38,710.36,5.6,0.55,,42.1,73.6
2026-03-18 20:57:54,ROB-005,Running,44.59,15.64,951.45,5.5,1.43,,37.1,88.0
2026-03-18 21:07:54,ROB-005,Running,47.95,16.91,1852.72,5.28,0.59,,31.5,77.5
2026-03-18 21:17:54,ROB-005,Running,29.39,7.35,1310.45,5.38,2.35,,41.5,78.7
2026-03-18 21:27:54,ROB-005,Running,59.8,22.22,1155.02,5.73,0.81,,40.6,61.8
2026-03-18 21:37:54,ROB-005,Running,37.36,11.17,516.18,5.51,0.59,,30.1,88.2
2026-03-18 21:47:54,ROB-005,Running,41.62,9.27,995.42,5.73,0.73,,31.7,67.3
2026-03-18 21:57:54,ROB-005,Running,36.72,21.06,314.01,5.25,1.4,,44.7,82.1
2026-03-18 22:07:54,ROB-005,Running,51.37,6.57,1751.84,5.19,0.38,,28.1,67.7
2026-03-18 22:17:54,ROB-005,Running,56.09,10.61,875.38,5.78,0.16,,33.7,71.4
2026-03-18 22:27:54,ROB-005,Running,36.69,13.99,431.55,5.67,2.42,,39.2,64.9
2026-03-18 22:37:54,ROB-005,Running,50.83,17.49,196.31,5.75,0.87,,28.5,82.5
2026-03-18 22:47:54,ROB-005,Running,53.14,9.97,2026.98,5.2,1.27,,43.8,67.6
2026-03-18 22:57:54,ROB-005,Idle,39.13,11.55,1980.1,5.68,0.32,,0,0
2026-03-18 23:07:54,ROB-005,Running,38.32,7.14,554.12,3.55,1.39,,38.2,62.7
2026-03-18 23:17:54,ROB-005,Running,54.46,10.62,1771.08,5.75,0.86,,35.4,67.8
2026-03-18 23:27:54,ROB-005,Running,25.42,26.43,1055.54,5.92,1.15,,40.0,62.5
2026-03-18 23:37:54,ROB-005,Running,26.87,8.62,1604.87,5.42,1.11,,36.6,82.6
2026-03-18 23:47:54,ROB-005,Running,80.49,6.62,1457.87,5.58,0.43,,36.6,84.9
2026-03-18 23:57:54,ROB-005,Running,46.41,11.29,350.22,4.79,0.88,,39.7,92.1
2026-03-19 00:07:54,ROB-005,Running,31.89,4.27,1543.97,5.5,0.72,,28.6,81.9
2026-03-19 00:17:54,ROB-005,Fault,33.02,27.73,1394.81,5.15,0.51,E45,0,0
2026-03-19 00:27:54,ROB-005,Running,62.44,6.21,173.66,5.13,0.37,,29.1,75.4
2026-03-19 00:37:54,ROB-005,Fault,67.99,26.21,855.88,5.81,0.44,E42,0,0
2026-03-19 00:47:54,ROB-005,Running,81.21,15.6,178.31,5.39,2.42,,37.5,69.9
2026-03-19 00:57:54,ROB-005,Running,63.22,9.49,1244.03,5.42,1.4,,35.4,66.5
2026-03-19 01:07:54,ROB-005,Running,28.76,6.82,937.1,5.55,2.45,,43.1,62.2
2026-03-19 01:17:54,ROB-005,Running,40.81,7.51,404.29,4.34,1.91,,42.3,91.4
2026-03-19 01:27:54,ROB-005,Fault,29.56,10.08,2116.82,5.42,3.05,E41,0,0
2026-03-19 01:37:54,ROB-005,Running,26.29,12.3,1218.9,4.75,2.89,,36.1,89.4
2026-03-19 01:47:54,ROB-005,Running,49.86,15.15,315.69,5.17,1.32,,32.0,83.8
2026-03-19 01:57:54,ROB-005,Running,44.56,12.93,1864.74,5.02,1.26,,30.4,71.6
2026-03-19 02:07:54,ROB-005,Running,25.7,6.96,2043.41,5.47,2.01,,41.9,67.1
2026-03-19 02:17:54,ROB-005,Fault,36.79,23.48,1867.43,5.22,0.92,E49,0,0
2026-03-19 02:27:54,ROB-005,Running,50.22,12.63,586.8,5.3,1.49,,41.9,67.6
2026-03-19 02:37:54,ROB-005,Idle,44.99,13.23,238.26,4.66,0.43,,0,0
2026-03-19 02:47:54,ROB-005,Running,28.76,17.22,156.79,5.8,0.19,,42.5,68.8
2026-03-19 02:57:54,ROB-005,Running,53.04,3.08,1518.92,5.7,1.3,,34.9,79.3
2026-03-19 03:07:54,ROB-005,Running,26.78,4.19,130.67,5.71,1.44,,37.8,84.4
2026-03-19 03:17:54,ROB-005,Running,36.09,4.95,575.98,5.55,1.33,,32.3,64.0
2026-03-19 03:27:54,ROB-005,Running,28.43,13.66,960.96,5.02,0.72,,39.7,74.7
2026-03-19 03:37:54,ROB-005,Running,66.04,14.87,286.63,5.81,0.95,,31.4,63.3
2026-03-19 03:47:54,ROB-005,Running,44.52,11.87,1675.43,5.49,1.24,,37.3,63.5
2026-03-19 03:57:54,ROB-005,Fault,44.83,2.37,1240.26,3.31,1.27,E49,0,0
2026-03-19 04:07:54,ROB-005,Fault,58.42,23.23,904.01,5.01,0.93,E48,0,0
2026-03-19 04:17:54,ROB-005,Running,40.5,4.18,237.82,5.67,0.32,,31.1,82.3
2026-03-19 04:27:54,ROB-005,Running,51.15,6.75,495.3,5.28,0.76,,31.2,82.5
2026-03-19 04:37:54,ROB-005,Running,48.6,15.62,1559.49,5.35,1.27,,40.6,76.3
2026-03-19 04:47:54,ROB-005,Running,49.39,5.02,118.88,5.62,0.61,,43.6,89.0
2026-03-19 04:57:54,ROB-005,Running,40.49,5.53,1641.1,5.97,0.12,,31.9,60.7
2026-03-19 05:07:54,ROB-005,Running,48.73,5.55,1834.85,5.49,0.9,,35.4,62.5
2026-03-19 05:17:54,ROB-005,Running,31.45,13.83,498.27,4.21,1.4,,36.1,71.8
2026-03-19 05:27:54,ROB-005,Running,48.78,5.67,1179.86,5.92,2.45,,37.9,71.4
2026-03-19 05:37:54,ROB-005,Fault,50.7,24.13,344.0,5.31,0.58,E45,0,0
2026-03-19 05:47:54,ROB-005,Running,40.59,14.17,1644.75,5.44,2.46,,36.9,86.8
2026-03-19 05:57:54,ROB-005,Running,39.44,6.19,339.03,5.29,0.59,,38.5,69.2
2026-03-19 06:07:54,ROB-005,Running,26.51,13.63,963.14,5.65,1.12,,40.7,87.5
2026-03-19 06:17:54,ROB-005,Running,44.78,4.81,1180.81,5.9,2.07,,36.5,63.2
2026-03-19 06:27:54,ROB-005,Fault,52.3,17.16,1860.56,5.3,2.72,E45,0,0
2026-03-19 06:37:54,ROB-005,Running,27.85,6.17,1330.53,5.17,0.55,,40.8,73.7
2026-03-19 06:47:54,ROB-005,Running,41.48,3.83,700.95,5.66,0.18,,32.3,64.7
2026-03-19 06:57:54,ROB-005,Running,44.37,5.02,803.94,5.63,0.99,,28.0,86.5
2026-03-19 07:07:54,ROB-005,Running,48.03,7.07,734.34,5.89,0.95,,28.3,75.0
2026-03-19 07:17:54,ROB-005,Running,31.81,14.77,1539.64,5.76,0.26,,34.7,61.9
2026-03-19 07:27:54,ROB-005,Running,67.96,7.26,135.25,5.75,1.35,,32.1,61.7
2026-03-19 07:37:54,ROB-005,Running,45.64,9.95,1261.07,5.4,0.56,,34.8,78.2
2026-03-19 07:47:54,ROB-005,Running,30.01,11.47,1426.87,5.76,0.38,,38.4,90.7
2026-03-19 07:57:54,ROB-005,Running,39.26,16.99,1155.52,5.34,1.22,,32.9,84.7
2026-03-19 08:07:54,ROB-005,Running,49.93,3.3,1125.33,5.16,0.77,,35.3,80.4
2026-03-19 08:17:54,ROB-005,Running,38.18,4.28,1192.91,5.91,0.93,,33.1,77.0
2026-03-19 08:27:54,ROB-005,Running,25.72,5.61,1730.44,5.39,0.74,,35.4,76.1
2026-03-19 08:37:54,ROB-005,Running,49.4,8.55,1380.58,5.04,0.84,,31.5,67.6
2026-03-19 08:47:54,ROB-005,Running,46.82,3.22,1383.12,5.36,0.97,,36.6,75.9
2026-03-19 08:57:54,ROB-005,Idle,28.1,8.13,1075.11,5.22,0.26,,0,0
2026-03-19 09:07:54,ROB-005,Running,48.9,9.4,1427.31,5.34,0.15,,38.5,69.1
2026-03-19 09:17:54,ROB-005,Running,47.89,11.37,777.75,5.85,2.36,,43.4,84.6
2026-03-19 09:27:54,ROB-005,Running,26.22,16.2,769.26,5.38,1.33,,36.3,89.0
2026-03-19 09:37:54,ROB-005,Fault,36.25,7.95,785.15,3.8,0.12,E49,0,0
2026-03-19 09:47:54,ROB-005,Running,46.28,5.7,186.51,4.32,0.86,,41.8,91.3
2026-03-19 09:57:54,ROB-005,Running,25.36,15.64,1216.36,5.54,1.38,,35.0,62.4
2026-03-19 10:07:54,ROB-005,Fault,26.2,12.25,1669.04,3.17,1.05,E47,0,0
2026-03-19 10:17:54,ROB-005,Running,54.17,3.48,710.99,5.41,0.66,,41.8,70.5
2026-03-19 10:27:54,ROB-005,Fault,49.37,14.07,1775.53,5.52,3.37,E47,0,0
2026-03-19 10:37:54,ROB-005,Running,27.33,6.08,861.24,5.3,1.27,,44.2,93.3
2026-03-19 10:47:54,ROB-005,Running,45.41,2.41,647.3,5.05,0.71,,34.6,71.5
2026-03-19 10:57:54,ROB-005,Running,53.51,11.51,901.25,5.84,1.93,,36.3,90.8
2026-03-19 11:07:54,ROB-005,Fault,69.17,23.4,900.72,5.94,1.68,E44,0,0
2026-03-19 11:17:54,ROB-005,Running,37.9,5.47,522.0,5.14,0.24,,44.5,82.9
2026-03-19 11:27:54,ROB-005,Running,44.0,21.7,387.9,5.81,0.91,,43.0,79.9
2026-03-19 11:37:54,ROB-005,Running,32.83,13.11,2032.92,5.72,0.69,,44.0,60.9
2026-03-19 11:47:54,ROB-005,Running,51.25,10.18,919.53,5.49,2.23,,40.1,63.5
2026-03-19 11:57:54,ROB-005,Idle,50.66,6.79,967.34,5.94,0.51,,0,0
2026-03-19 12:07:54,ROB-005,Fault,49.4,25.99,1030.19,5.13,0.76,E45,0,0
2026-03-19 12:17:54,ROB-005,Running,39.85,5.58,820.63,5.05,1.09,,35.9,71.0
2026-03-19 12:27:54,ROB-005,Running,30.68,21.22,1540.4,5.04,1.04,,33.7,85.2
2026-03-19 12:37:54,ROB-005,Running,49.96,13.68,406.87,5.45,0.42,,35.9,86.7
2026-03-19 12:47:54,ROB-005,Running,31.96,15.87,253.68,5.81,1.37,,35.1,84.0
2026-03-19 12:57:54,ROB-005,Running,51.6,3.97,2205.61,5.21,0.12,,39.6,94.3
2026-03-19 13:07:54,ROB-005,Running,36.25,13.11,541.22,5.07,1.3,,29.1,70.0
2026-03-19 13:17:54,ROB-005,Running,36.9,16.36,1293.01,4.63,2.38,,43.8,90.3
2026-03-19 13:27:54,ROB-005,Running,31.78,20.91,361.53,5.81,1.49,,28.8,71.5
2026-03-19 13:37:54,ROB-005,Fault,46.23,24.66,1775.62,5.45,0.48,E48,0,0
2026-03-19 13:47:54,ROB-005,Running,32.88,14.38,1321.29,3.85,0.24,,28.9,94.8
2026-03-19 13:57:54,ROB-005,Running,47.61,11.81,1103.79,5.76,0.75,,33.5,84.5
2026-03-19 14:07:54,ROB-005,Fault,54.94,2.26,607.84,3.14,1.18,E43,0,0
2026-03-19 14:17:54,ROB-005,Running,49.79,12.78,1012.85,5.54,1.11,,43.4,61.4
2026-03-19 14:27:54,ROB-005,Running,39.19,17.51,1009.15,5.42,1.11,,40.7,64.7
2026-03-19 14:37:54,ROB-005,Running,54.77,11.7,1680.85,5.16,0.15,,40.9,67.4
2026-03-19 14:47:54,ROB-005,Running,28.3,8.25,1264.3,5.75,0.2,,42.1,81.3
2026-03-19 14:57:54,ROB-005,Running,45.54,2.14,461.12,5.32,0.73,,39.7,72.5
2026-03-19 15:07:54,ROB-005,Running,26.29,7.17,1605.59,5.86,1.42,,42.6,73.5
2026-03-19 15:17:54,ROB-005,Running,58.6,9.6,1732.17,5.29,0.86,,41.0,89.6
2026-03-19 15:27:54,ROB-005,Running,29.38,14.1,2354.29,5.05,0.29,,38.5,66.6
2026-03-19 15:37:54,ROB-005,Fault,81.57,5.1,1623.01,5.33,3.95,E44,0,0
2026-03-19 15:47:54,ROB-005,Running,48.93,2.97,938.41,5.23,1.09,,42.2,75.7
2026-03-19 15:57:54,ROB-005,Running,48.62,5.53,1294.68,5.56,1.18,,39.7,70.6
2026-03-19 16:07:54,ROB-005,Running,57.59,4.19,1505.57,4.84,0.56,,33.3,92.2
2026-03-19 16:17:54,ROB-005,Running,25.46,14.1,131.1,5.39,1.33,,32.2,76.9
2026-03-19 16:27:54,ROB-005,Idle,50.38,2.24,1172.25,5.71,1.2,,0,0
2026-03-19 16:37:54,ROB-005,Running,39.8,18.2,1699.32,5.01,0.13,,35.6,72.0
2026-03-19 16:47:54,ROB-005,Running,46.23,15.96,1385.95,5.07,1.25,,38.2,68.8
2026-03-19 16:57:54,ROB-005,Running,57.39,10.58,877.28,5.29,1.45,,41.1,67.0
2026-03-19 17:07:54,ROB-005,Running,47.91,11.1,260.83,5.35,2.08,,38.1,84.1
2026-03-19 17:17:54,ROB-005,Fault,54.67,26.78,1677.67,5.96,1.09,E44,0,0
2026-03-19 17:27:54,ROB-005,Idle,28.88,9.38,251.56,5.78,0.57,,0,0
2026-03-19 17:37:54,ROB-005,Running,47.02,14.38,1161.19,5.43,0.53,,35.6,88.7
2026-03-19 17:47:54,ROB-005,Running,29.46,6.09,1312.72,5.17,1.73,,28.1,73.8
2026-03-19 17:57:54,ROB-005,Running,45.56,8.47,1100.43,5.91,0.62,,40.3,74.2
2026-03-19 18:07:54,ROB-005,Running,40.72,16.5,1352.46,4.28,1.16,,29.2,86.8
2026-03-19 18:17:54,ROB-005,Running,26.41,8.27,1932.73,5.05,0.18,,29.8,65.1
2026-03-19 18:27:54,ROB-005,Running,34.45,3.13,535.85,5.03,0.71,,43.3,91.3
2026-03-19 18:37:54,ROB-005,Running,25.31,14.41,1528.65,5.48,0.75,,34.5,85.3
2026-03-19 18:47:54,ROB-005,Running,39.79,16.58,1412.15,5.26,0.54,,31.0,78.9
2026-03-19 18:57:54,ROB-005,Running,37.37,14.56,1351.33,5.98,1.27,,42.7,79.4
2026-03-19 19:07:54,ROB-005,Fault,42.02,12.54,958.52,5.69,3.56,E48,0,0
2026-03-19 19:17:54,ROB-005,Fault,53.91,6.71,2270.16,5.19,0.83,E45,0,0
2026-03-19 19:27:54,ROB-005,Running,25.91,6.41,2081.96,5.39,1.3,,41.3,85.9
2026-03-19 19:37:54,ROB-005,Running,27.09,7.38,2037.46,5.73,1.33,,41.0,60.3
2026-03-19 19:47:54,ROB-005,Running,42.44,16.71,356.63,5.38,0.14,,32.1,79.6
2026-03-19 19:57:54,ROB-005,Running,39.17,17.12,1693.29,5.86,1.4,,44.7,70.9
2026-03-19 20:07:54,ROB-005,Idle,41.98,13.33,1125.17,5.29,0.58,,0,0
2026-03-19 20:17:54,ROB-005,Fault,34.48,21.97,2259.66,5.41,0.82,E50,0,0
2026-03-19 20:27:54,ROB-005,Running,32.83,17.34,672.7,5.51,1.43,,29.0,63.9
2026-03-19 20:37:54,ROB-005,Running,47.47,12.63,2045.41,5.94,1.33,,38.4,81.2
2026-03-19 20:47:54,ROB-005,Running,51.66,11.43,1505.26,5.11,1.37,,32.4,86.3
2026-03-19 20:57:54,ROB-005,Running,53.99,13.85,1872.39,5.95,1.0,,32.8,66.9
2026-03-19 21:07:54,ROB-005,Running,33.46,19.47,1702.46,5.75,0.58,,40.4,90.3
2026-03-19 21:17:54,ROB-005,Fault,59.94,11.0,1922.72,3.98,0.18,E48,0,0
2026-03-19 21:27:54,ROB-005,Running,37.53,13.71,2079.78,5.95,0.23,,40.7,76.5
2026-03-19 21:37:54,ROB-005,Fault,74.39,2.46,946.63,5.13,0.79,E50,0,0
2026-03-19 21:47:54,ROB-005,Running,37.82,11.35,734.03,5.15,1.32,,33.3,80.4
2026-03-19 21:57:54,ROB-005,Fault,41.07,10.85,1505.58,5.69,3.09,E42,0,0
2026-03-19 22:07:54,ROB-005,Running,36.22,7.66,1352.04,5.8,0.87,,38.8,85.1
2026-03-19 22:17:54,ROB-005,Running,42.87,4.1,2078.93,4.65,1.21,,30.7,76.8
2026-03-19 22:27:54,ROB-005,Running,31.47,8.31,1153.13,5.5,1.25,,36.9,83.8
2026-03-19 22:37:54,ROB-005,Running,42.5,17.76,1006.47,5.67,1.46,,37.9,63.8
2026-03-19 22:47:54,ROB-005,Running,52.15,14.36,292.9,5.32,1.25,,32.7,74.4
2026-03-19 22:57:54,ROB-005,Running,26.05,19.91,410.42,5.62,0.77,,35.7,94.7
2026-03-19 23:07:54,ROB-005,Running,49.98,4.8,744.78,5.49,1.91,,33.2,74.7
2026-03-19 23:17:54,ROB-005,Running,27.14,2.74,1045.77,5.16,1.49,,37.9,82.3
2026-03-19 23:27:54,ROB-005,Running,39.06,3.17,1709.79,5.68,1.18,,33.0,90.7
2026-03-19 23:37:54,ROB-005,Running,36.6,3.72,1929.46,5.39,0.87,,28.9,69.1
2026-03-19 23:47:54,ROB-005,Running,45.85,8.4,670.49,5.15,1.13,,41.1,92.4
2026-03-19 23:57:54,ROB-005,Idle,45.37,12.35,296.08,5.64,2.16,,0,0
2026-03-20 00:07:54,ROB-005,Running,53.36,24.89,1034.07,5.17,0.14,,36.9,76.5
2026-03-20 00:17:54,ROB-005,Running,53.77,16.26,1459.02,5.14,1.93,,32.0,69.3
2026-03-20 00:27:54,ROB-005,Fault,40.22,8.36,1135.66,3.74,0.23,E46,0,0
2026-03-20 00:37:54,ROB-005,Running,45.51,8.75,378.28,5.15,1.27,,42.7,84.0
2026-03-20 00:47:54,ROB-005,Fault,32.13,26.49,2328.35,5.24,0.78,E45,0,0
2026-03-20 00:57:54,ROB-005,Running,27.15,2.1,1380.56,5.7,1.49,,39.7,70.6
2026-03-20 01:07:54,ROB-005,Running,34.35,12.73,727.24,5.39,0.94,,31.8,94.6
2026-03-20 01:17:54,ROB-005,Running,53.08,2.16,1717.17,5.81,2.26,,29.7,71.9
2026-03-20 01:27:54,ROB-005,Fault,46.19,9.35,909.17,3.69,1.12,E49,0,0
2026-03-20 01:37:54,ROB-005,Running,52.9,18.09,967.99,5.89,0.94,,44.0,60.3
2026-03-20 01:47:54,ROB-005,Running,54.55,20.81,1412.12,5.23,2.05,,34.0,74.4
2026-03-20 01:57:54,ROB-005,Running,30.57,20.55,1336.86,5.96,0.27,,39.5,72.4
2026-03-20 02:07:54,ROB-005,Running,54.71,4.99,1095.05,5.27,0.47,,34.8,92.4
2026-03-20 02:17:54,ROB-005,Running,50.56,4.83,189.56,5.83,0.49,,29.1,66.6
2026-03-20 02:27:54,ROB-005,Running,30.04,7.4,600.87,5.07,1.98,,34.4,62.1
2026-03-20 02:37:54,ROB-005,Fault,40.35,21.19,293.57,5.94,3.24,E46,0,0
2026-03-20 02:47:54,ROB-005,Running,40.55,15.79,550.73,5.89,0.6,,31.8,72.7
2026-03-20 02:57:54,ROB-005,Running,42.41,2.41,1442.12,5.65,0.94,,40.0,86.1
2026-03-20 03:07:54,ROB-005,Running,43.46,14.94,2065.67,5.73,0.22,,36.2,66.3
2026-03-20 03:17:54,ROB-005,Running,27.14,8.18,407.52,5.15,0.21,,35.1,63.4
2026-03-20 03:27:54,ROB-005,Running,25.4,4.99,1739.2,5.3,0.27,,37.1,89.1
2026-03-20 03:37:54,ROB-005,Running,26.99,15.48,1251.44,5.52,0.18,,29.4,80.6
2026-03-20 03:47:54,ROB-005,Running,41.23,4.87,884.23,5.94,0.52,,36.6,83.5
2026-03-20 03:57:54,ROB-005,Running,25.67,2.22,1482.77,5.62,1.11,,40.5,81.2
2026-03-20 04:07:54,ROB-005,Running,48.49,5.93,1097.86,5.19,1.29,,31.8,90.2
2026-03-20 04:17:54,ROB-005,Running,44.46,12.76,1287.67,5.36,0.34,,32.4,61.5
2026-03-20 04:27:54,ROB-005,Running,41.69,7.8,208.06,5.61,0.24,,28.0,78.3
2026-03-20 04:37:54,ROB-005,Running,41.06,7.43,1436.22,5.6,1.25,,37.5,75.7
2026-03-20 04:47:54,ROB-005,Running,49.6,15.83,662.01,5.76,1.14,,37.1,72.9
2026-03-20 04:57:54,ROB-005,Running,39.15,22.22,2054.14,5.12,0.26,,37.7,87.6
2026-03-20 05:07:54,ROB-005,Running,54.95,14.29,812.34,5.81,1.27,,39.5,73.6
2026-03-20 05:17:54,ROB-005,Fault,46.4,23.24,572.85,4.69,0.91,E41,0,0
2026-03-20 05:27:54,ROB-005,Running,53.65,22.01,294.82,5.78,1.31,,44.5,65.6
2026-03-20 05:37:54,ROB-005,Running,50.3,3.91,750.63,5.65,1.5,,39.7,60.9
2026-03-20 05:47:54,ROB-005,Running,35.58,12.46,375.21,5.21,1.4,,45.0,92.0
2026-03-20 05:57:54,ROB-005,Running,28.4,3.11,794.4,5.91,0.44,,37.6,72.3
2026-03-20 06:07:54,ROB-005,Running,43.51,14.67,944.53,5.48,0.17,,37.6,77.4
2026-03-20 06:17:54,ROB-005,Running,40.38,4.27,1353.44,5.43,1.4,,31.7,81.0
2026-03-20 06:27:54,ROB-005,Idle,40.63,24.02,835.41,5.3,0.47,,0,0
2026-03-20 06:37:54,ROB-005,Fault,53.66,6.8,374.6,5.58,3.44,E42,0,0
2026-03-20 06:47:54,ROB-005,Idle,65.03,4.8,1065.12,5.73,0.15,,0,0
2026-03-20 06:57:54,ROB-005,Running,37.84,9.16,1231.51,5.67,0.17,,35.3,80.4
2026-03-20 07:07:54,ROB-005,Running,32.32,13.65,1721.98,5.68,1.07,,44.1,61.1
2026-03-20 07:17:54,ROB-005,Fault,47.35,22.1,1993.22,5.24,3.71,E49,0,0
2026-03-20 07:27:54,ROB-005,Running,38.8,8.21,1771.31,5.41,0.41,,35.2,88.9
2026-03-20 07:37:54,ROB-005,Running,25.15,4.94,1581.49,5.09,1.02,,29.8,89.9
2026-03-20 07:47:54,ROB-005,Fault,41.04,18.14,226.13,5.09,3.85,E45,0,0
2026-03-20 07:57:54,ROB-005,Fault,51.02,12.68,740.88,5.9,2.88,E48,0,0
2026-03-20 08:07:54,ROB-005,Running,40.46,6.25,1193.41,5.83,0.32,,34.8,67.2
2026-03-20 08:17:54,ROB-005,Running,39.31,16.99,2018.56,5.1,1.24,,32.8,82.8
2026-03-20 08:27:54,ROB-005,Idle,47.35,17.71,1176.81,5.8,0.12,,0,0
2026-03-20 08:37:54,ROB-005,Running,63.82,9.81,273.59,5.66,1.89,,35.1,68.3
2026-03-20 08:47:54,ROB-005,Running,55.56,13.04,907.22,5.46,0.46,,32.1,71.2
2026-03-20 08:57:54,ROB-005,Running,37.84,4.44,1305.3,5.92,0.18,,41.3,91.6
2026-03-20 09:07:54,ROB-005,Running,42.27,3.46,283.38,5.55,0.52,,42.8,81.8
2026-03-20 09:17:54,ROB-005,Running,26.7,10.15,782.74,5.55,0.62,,38.2,71.0
2026-03-20 09:27:54,ROB-005,Idle,46.03,9.47,726.56,5.76,0.51,,0,0
2026-03-20 09:37:54,ROB-005,Running,65.47,11.8,143.1,4.03,0.93,,30.9,63.4
2026-03-20 09:47:54,ROB-005,Running,38.77,2.67,534.79,5.52,1.45,,39.4,79.2
2026-03-20 09:57:54,ROB-005,Fault,38.67,5.38,2014.57,5.15,3.55,E48,0,0
2026-03-20 10:07:54,ROB-005,Running,58.18,10.02,1082.39,5.85,1.14,,34.2,92.5
2026-03-20 10:17:54,ROB-005,Running,34.56,7.09,1151.23,5.31,1.79,,28.9,68.4
2026-03-20 10:27:54,ROB-005,Running,51.7,17.76,1049.28,5.03,1.01,,33.1,85.8
2026-03-20 10:37:54,ROB-005,Idle,49.25,11.08,1084.29,5.5,0.9,,0,0
2026-03-20 10:47:54,ROB-005,Fault,35.66,25.73,443.53,5.29,0.11,E43,0,0
2026-03-20 10:57:54,ROB-005,Running,43.09,9.72,1664.8,5.73,0.95,,42.6,79.2
2026-03-20 11:07:54,ROB-005,Running,26.63,20.63,1798.35,5.36,0.79,,43.5,66.2
2026-03-20 11:17:54,ROB-005,Running,35.19,5.22,747.38,5.04,0.27,,33.1,80.0
2026-03-20 11:27:54,ROB-005,Running,64.4,12.1,770.85,5.31,0.13,,42.7,91.9
2026-03-20 11:37:54,ROB-005,Fault,79.05,27.33,2229.3,3.19,1.54,E45,0,0
2026-03-20 11:47:54,ROB-005,Fault,85.0,18.96,1988.07,4.07,2.61,E42,0,0
2026-03-20 11:57:54,ROB-005,Fault,84.46,25.71,2471.46,4.92,2.55,E48,0,0
2026-03-20 12:07:54,ROB-005,Fault,63.39,20.58,2007.39,3.92,2.19,E47,0,0
2026-03-20 12:17:54,ROB-005,Fault,62.64,27.65,2081.44,3.03,2.84,E43,0,0
2026-03-20 12:27:54,ROB-005,Running,81.83,18.22,1880.83,3.2,2.92,,36.9,76.7
2026-03-20 12:37:54,ROB-005,Fault,83.14,24.58,2294.86,4.72,3.73,E44,0,0
2026-03-20 12:47:54,ROB-005,Running,60.53,25.07,1810.58,3.22,2.67,,39.2,93.6
2026-03-20 12:57:54,ROB-005,Running,55.91,24.15,2375.86,3.05,3.32,,35.9,83.7
2026-03-20 13:07:54,ROB-005,Fault,83.06,24.93,2218.34,3.49,1.5,E42,0,0
2026-03-20 13:17:54,ROB-005,Fault,77.52,27.44,1917.91,3.1,2.16,E49,0,0
2026-03-20 13:27:54,ROB-005,Fault,84.16,24.86,2397.84,3.49,2.61,E44,0,0
2026-03-20 13:37:54,ROB-005,Fault,84.87,24.92,1949.0,4.19,3.33,E41,0,0
2026-03-20 13:47:54,ROB-005,Running,82.47,22.62,2170.79,4.07,3.19,,34.8,90.8
2026-03-20 13:57:54,ROB-005,Fault,78.73,20.35,2219.33,3.73,2.93,E43,0,0
2026-03-20 14:07:54,ROB-005,Running,62.29,22.99,2492.62,4.05,1.79,,37.6,93.4
2026-03-20 14:17:54,ROB-005,Fault,76.49,23.35,2489.34,4.67,3.62,E42,0,0
2026-03-20 14:27:54,ROB-005,Fault,60.76,25.66,1935.43,3.09,3.87,E50,0,0
2026-03-20 14:37:54,ROB-005,Running,83.1,27.46,1956.41,3.85,3.56,,37.3,86.2
2026-03-20 14:47:54,ROB-005,Fault,74.38,26.33,2463.83,4.39,3.49,E48,0,0
2026-03-20 14:57:54,ROB-005,Running,76.5,23.61,2105.79,4.37,2.22,,29.6,90.9
2026-03-20 15:07:54,ROB-005,Running,84.06,23.82,2489.84,3.41,3.49,,32.0,73.0
2026-03-20 15:17:54,ROB-005,Fault,79.85,23.83,2205.81,4.29,2.81,E49,0,0
2026-03-20 15:27:54,ROB-005,Fault,55.84,18.43,1864.38,3.47,1.69,E45,0,0
2026-03-20 15:37:54,ROB-005,Fault,72.71,24.79,2012.58,4.99,2.36,E48,0,0
2026-03-20 15:47:54,ROB-005,Fault,58.48,18.03,2379.16,3.51,3.17,E46,0,0
2026-03-20 15:57:54,ROB-005,Fault,56.1,27.86,1905.95,4.93,1.65,E45,0,0
2026-03-20 16:07:54,ROB-005,Running,81.53,27.45,2137.22,4.91,3.95,,44.4,87.8
2026-03-20 16:17:54,ROB-005,Fault,59.96,20.82,1895.21,3.79,1.6,E46,0,0
2026-03-20 16:27:54,ROB-005,Running,70.16,26.63,2423.24,3.66,2.74,,40.9,73.9
2026-03-20 16:37:54,ROB-005,Fault,79.2,26.15,2316.77,3.33,2.62,E49,0,0
2026-03-20 16:47:54,ROB-005,Fault,55.33,22.62,2396.44,3.91,2.43,E48,0,0
2026-03-20 16:57:54,ROB-005,Running,83.22,23.25,2459.75,3.81,2.99,,28.4,93.8
2026-03-20 17:07:54,ROB-005,Running,67.44,25.58,2219.57,3.87,3.88,,34.3,60.6
2026-03-20 17:17:54,ROB-005,Fault,78.78,23.53,2136.45,3.78,2.48,E44,0,0
2026-03-20 17:27:54,ROB-005,Fault,84.82,24.6,1984.44,3.41,3.49,E47,0,0
2026-03-20 17:37:54,ROB-005,Fault,74.36,23.47,1860.24,4.96,2.06,E47,0,0
2026-03-20 17:47:54,ROB-005,Running,75.16,24.1,1990.28,4.46,3.13,,38.6,65.9
2026-03-20 17:57:54,ROB-005,Fault,79.45,24.11,2042.57,3.68,2.8,E45,0,0
2026-03-20 18:07:54,ROB-005,Running,60.89,19.37,2449.76,4.74,3.86,,41.3,79.9
2026-03-20 18:17:54,ROB-005,Fault,60.35,23.84,2017.28,3.36,3.17,E43,0,0
2026-03-20 18:27:54,ROB-005,Fault,55.6,24.84,2332.77,3.94,3.94,E46,0,0
2026-03-20 18:37:54,ROB-005,Fault,62.09,27.91,2069.45,4.77,2.51,E43,0,0
2026-03-20 18:47:54,ROB-005,Running,77.74,22.62,2477.26,4.49,2.7,,43.5,92.8
2026-03-20 18:57:54,ROB-005,Fault,84.21,20.26,2034.17,3.27,1.65,E49,0,0
2026-03-20 19:07:54,ROB-005,Fault,63.35,24.07,2467.59,4.0,3.81,E42,0,0
2026-03-20 19:17:54,ROB-005,Running,72.52,21.43,1885.09,3.92,3.36,,43.2,94.9
2026-03-20 19:27:54,ROB-005,Running,82.8,18.18,2392.0,4.67,3.25,,29.8,90.2
2026-03-20 19:37:54,ROB-005,Running,69.16,26.88,2465.87,3.82,2.14,,40.7,70.8
2026-03-20 19:47:54,ROB-005,Fault,82.96,16.79,1265.43,5.81,0.62,E50,0,0
2026-03-20 19:57:54,ROB-005,Running,33.4,13.22,1214.33,5.88,0.34,,44.5,68.9
2026-03-20 20:07:54,ROB-005,Running,25.25,17.36,2008.96,5.7,0.29,,41.9,79.1
2026-03-20 20:17:54,ROB-005,Running,52.44,8.52,1650.91,5.03,2.17,,30.7,82.3
2026-03-20 20:27:54,ROB-005,Fault,54.74,3.68,189.72,5.74,3.91,E43,0,0
2026-03-20 20:37:54,ROB-005,Idle,30.43,6.34,131.55,4.19,0.19,,0,0
2026-03-20 20:47:54,ROB-005,Fault,33.44,11.36,1788.41,3.34,0.84,E43,0,0
2026-03-20 20:57:54,ROB-005,Running,49.25,13.33,1403.88,5.76,0.29,,31.5,78.4
2026-03-20 21:07:54,ROB-005,Running,39.72,2.76,341.6,5.28,0.6,,38.6,83.3
2026-03-20 21:17:54,ROB-005,Running,31.0,15.65,1843.38,4.28,0.88,,31.9,75.3
2026-03-20 21:27:54,ROB-005,Running,34.37,11.49,425.82,5.85,0.75,,31.7,69.3
2026-03-20 21:37:54,ROB-005,Running,26.7,6.76,327.29,5.31,1.24,,40.3,70.2
2026-03-20 21:47:54,ROB-005,Running,33.41,17.22,1498.14,5.27,1.2,,40.1,72.7
2026-03-20 21:57:54,ROB-005,Running,52.5,9.7,171.45,4.73,1.71,,44.1,72.5
2026-03-20 22:07:54,ROB-005,Running,46.37,11.56,788.09,5.28,0.79,,35.5,68.9
2026-03-20 22:17:54,ROB-005,Running,27.78,10.17,1093.16,5.73,0.12,,41.2,65.6
2026-03-20 22:27:54,ROB-005,Running,46.05,5.19,1255.31,5.29,0.27,,28.2,69.9
2026-03-20 22:37:54,ROB-005,Running,34.46,15.39,953.75,5.96,0.61,,34.8,62.0
2026-03-20 22:47:54,ROB-005,Running,27.57,9.7,1153.06,5.03,1.49,,32.3,60.6
2026-03-20 22:57:54,ROB-005,Running,60.37,11.45,2079.98,5.32,0.62,,35.3,69.6
2026-03-20 23:07:54,ROB-005,Running,45.95,4.8,1270.32,4.68,0.55,,44.8,63.5
2026-03-20 23:17:54,ROB-005,Running,45.94,19.68,1076.96,5.74,0.34,,38.3,75.4
2026-03-20 23:27:54,ROB-005,Running,35.14,5.47,300.74,4.65,0.39,,39.4,65.3
2026-03-20 23:37:54,ROB-005,Running,41.12,16.02,1505.07,5.12,1.25,,33.7,70.9
2026-03-20 23:47:54,ROB-005,Running,41.36,3.59,600.23,5.55,0.63,,32.0,60.5
2026-03-20 23:57:54,ROB-005,Running,31.27,16.16,1570.21,5.63,1.4,,31.4,63.8
2026-03-21 00:07:54,ROB-005,Running,67.05,3.19,1560.41,5.26,0.63,,42.1,63.9
2026-03-21 00:17:54,ROB-005,Running,45.83,4.85,1107.2,5.26,0.1,,33.0,85.5
2026-03-21 00:27:54,ROB-005,Running,25.28,10.85,578.35,5.37,0.7,,36.2,78.1
2026-03-21 00:37:54,ROB-005,Running,50.51,5.77,515.76,5.62,1.94,,28.5,60.1
2026-03-21 00:47:54,ROB-005,Running,36.6,7.38,968.12,5.43,1.37,,34.4,64.9
2026-03-21 00:57:54,ROB-005,Fault,45.39,9.78,2235.23,5.21,0.93,E43,0,0
2026-03-21 01:07:54,ROB-005,Running,53.67,7.02,522.15,5.44,2.42,,40.6,86.2
2026-03-21 01:17:54,ROB-005,Running,36.9,11.24,931.96,4.08,1.7,,38.3,87.9
2026-03-21 01:27:54,ROB-005,Running,43.54,4.58,389.31,5.77,0.85,,41.1,91.0
2026-03-21 01:37:54,ROB-005,Running,43.75,2.22,1966.58,5.31,0.13,,29.3,68.4
2026-03-21 01:47:54,ROB-005,Idle,54.27,15.55,555.83,5.93,0.56,,0,0
2026-03-21 01:57:54,ROB-005,Running,34.37,5.96,1232.9,5.8,0.65,,35.2,79.0
2026-03-21 02:07:54,ROB-005,Running,43.61,11.36,1287.12,5.66,1.21,,35.1,83.8
2026-03-21 02:17:54,ROB-005,Running,50.8,12.38,1022.23,5.83,0.36,,38.2,70.9
2026-03-21 02:27:54,ROB-005,Running,49.59,12.25,1750.78,5.83,0.74,,40.5,72.2
2026-03-21 02:37:54,ROB-005,Running,64.51,11.4,2017.07,5.31,0.33,,37.2,94.9
2026-03-21 02:47:54,ROB-005,Running,26.3,14.76,1284.77,5.97,2.09,,36.0,65.0
2026-03-21 02:57:54,ROB-005,Running,41.38,10.26,1655.74,5.44,2.31,,32.5,71.4
2026-03-21 03:07:54,ROB-005,Running,54.29,15.87,733.37,5.64,0.77,,43.5,91.9
2026-03-21 03:17:54,ROB-005,Running,52.89,14.01,765.61,5.5,0.76,,28.7,65.7
2026-03-21 03:27:54,ROB-005,Fault,47.91,4.61,2414.45,5.73,1.4,E46,0,0
2026-03-21 03:37:54,ROB-005,Running,48.42,16.84,855.69,5.66,2.29,,39.6,75.1
2026-03-21 03:47:54,ROB-005,Running,32.92,2.5,1062.87,5.82,0.19,,44.8,81.9
2026-03-21 03:57:54,ROB-005,Fault,54.02,7.73,1120.46,5.48,3.05,E49,0,0
2026-03-21 04:07:54,ROB-005,Fault,41.81,7.03,368.17,3.29,1.12,E43,0,0
2026-03-21 04:17:54,ROB-005,Running,51.05,4.97,1271.09,5.4,1.01,,39.7,76.0
2026-03-21 04:27:54,ROB-005,Fault,37.85,5.3,2129.71,4.98,1.45,E48,0,0
2026-03-21 04:37:54,ROB-005,Running,30.67,7.99,768.07,5.07,0.69,,36.0,87.9
2026-03-21 04:47:54,ROB-005,Running,31.15,9.86,127.72,5.24,0.7,,30.2,81.9
2026-03-21 04:57:54,ROB-005,Running,28.5,16.96,1737.0,5.97,2.13,,37.3,66.4
2026-03-21 05:07:54,ROB-005,Running,44.16,3.97,563.51,5.01,0.23,,42.7,93.0
2026-03-21 05:17:54,ROB-005,Running,49.13,15.45,910.54,5.27,0.89,,28.3,93.7
2026-03-21 05:27:54,ROB-005,Fault,77.15,17.18,185.61,5.47,1.0,E44,0,0
2026-03-21 05:37:54,ROB-005,Running,54.04,19.62,1164.11,5.88,1.21,,37.5,83.8
2026-03-21 05:47:54,ROB-005,Running,28.41,3.83,1619.45,5.89,0.37,,35.4,81.7
2026-03-21 05:57:54,ROB-005,Running,50.17,14.86,1384.55,5.26,0.18,,37.6,61.0
2026-03-21 06:07:54,ROB-005,Running,39.41,21.71,1558.36,5.38,1.02,,29.0,86.7
2026-03-21 06:17:54,ROB-005,Idle,52.89,2.96,147.56,4.54,1.12,,0,0
2026-03-21 06:27:54,ROB-005,Running,27.92,6.49,134.48,5.52,1.16,,31.8,75.9
2026-03-21 06:37:54,ROB-005,Running,50.93,7.61,365.72,5.71,2.43,,42.9,88.8
2026-03-21 06:47:54,ROB-005,Running,61.22,4.13,728.86,5.33,0.76,,42.4,85.4
2026-03-21 06:57:54,ROB-005,Fault,37.3,7.18,2470.36,5.99,1.16,E45,0,0
2026-03-21 07:07:54,ROB-005,Running,53.82,16.05,935.8,5.43,0.35,,38.1,68.9
2026-03-21 07:17:54,ROB-005,Running,49.13,17.62,470.03,5.69,0.74,,32.5,80.9
2026-03-21 07:27:54,ROB-005,Running,47.05,14.01,2044.97,5.88,1.02,,43.7,61.1
2026-03-21 07:37:54,ROB-005,Running,52.91,2.21,1822.88,5.41,0.19,,41.3,91.3
2026-03-21 07:47:54,ROB-005,Fault,41.19,14.09,193.54,4.28,3.48,E45,0,0
2026-03-21 07:57:54,ROB-005,Running,50.72,17.86,693.49,5.09,1.07,,41.4,62.7
2026-03-21 08:07:54,ROB-005,Running,25.23,13.62,324.16,5.76,0.29,,34.1,70.5
2026-03-21 08:17:54,ROB-005,Fault,45.41,15.6,2499.93,5.52,0.76,E42,0,0
2026-03-21 08:27:54,ROB-005,Running,38.74,4.56,654.09,5.79,1.06,,40.8,79.7
2026-03-21 08:37:54,ROB-005,Running,41.09,18.22,441.39,5.86,1.29,,44.7,85.3
2026-03-21 08:47:54,ROB-005,Fault,53.72,3.41,2168.0,5.69,0.74,E50,0,0
2026-03-21 08:57:54,ROB-005,Fault,34.91,3.83,1234.22,5.57,2.53,E47,0,0
2026-03-21 09:07:54,ROB-005,Running,39.19,9.33,1516.24,5.54,2.02,,29.6,92.6
2026-03-21 09:17:54,ROB-005,Fault,38.18,14.21,2366.45,5.92,0.85,E48,0,0
2026-03-21 09:27:54,ROB-005,Running,26.35,5.57,896.42,6.0,0.45,,43.1,80.6
2026-03-21 09:37:54,ROB-005,Running,51.99,14.56,1178.2,5.75,0.28,,34.1,64.1
2026-03-21 09:47:54,ROB-005,Running,37.09,17.53,840.97,5.67,0.98,,36.1,69.3
2026-03-21 09:57:54,ROB-005,Running,51.08,6.25,651.81,5.29,0.98,,44.2,74.1
2026-03-21 10:07:54,ROB-005,Running,42.23,17.55,1584.8,5.07,2.33,,31.2,61.1
2026-03-21 10:17:54,ROB-005,Idle,28.79,7.21,1727.83,5.35,0.59,,0,0
2026-03-21 10:27:54,ROB-005,Fault,30.05,26.88,1388.22,6.0,2.43,E47,0,0
2026-03-21 10:37:54,ROB-005,Running,33.64,18.27,1865.68,5.26,0.72,,30.0,86.2
2026-03-21 10:47:54,ROB-005,Running,82.05,2.34,1387.1,3.83,0.69,,40.3,83.3
2026-03-21 10:57:54,ROB-005,Running,62.47,10.11,2424.06,5.95,0.43,,39.8,90.5
2026-03-21 11:07:54,ROB-005,Running,36.38,14.4,1682.21,5.62,0.83,,35.4,62.2
2026-03-21 11:17:54,ROB-005,Running,46.44,19.86,1390.07,5.71,0.59,,36.4,89.5
2026-03-21 11:27:54,ROB-005,Running,28.31,13.51,644.23,5.48,0.76,,35.3,68.4
2026-03-21 11:37:54,ROB-005,Running,47.4,16.11,1412.02,5.65,0.46,,31.7,83.3
2026-03-21 11:47:54,ROB-005,Running,46.03,5.34,253.1,3.04,1.45,,44.6,82.5
2026-03-21 11:57:54,ROB-005,Running,28.45,17.24,1124.11,5.01,1.43,,36.5,73.3
2026-03-21 12:07:54,ROB-005,Fault,25.1,8.05,2125.43,5.69,0.19,E49,0,0
2026-03-21 12:17:54,ROB-005,Running,48.79,21.06,1075.68,5.32,1.49,,33.1,60.6
2026-03-21 12:27:54,ROB-005,Running,56.08,7.81,1868.16,5.75,1.0,,29.1,65.8
2026-03-21 12:37:54,ROB-005,Running,49.81,3.56,993.51,5.08,0.56,,29.1,62.8
2026-03-21 12:47:54,ROB-005,Running,43.75,14.88,451.59,4.39,1.01,,41.6,80.6
2026-03-21 12:57:54,ROB-005,Running,53.93,9.38,1747.89,5.95,1.4,,38.9,60.8
2026-03-21 13:07:54,ROB-005,Running,34.24,9.66,673.76,5.74,0.64,,39.8,66.8
2026-03-21 13:17:54,ROB-005,Running,25.7,15.83,1344.31,5.71,0.62,,42.7,84.7
2026-03-21 13:27:54,ROB-005,Running,30.07,15.87,1827.34,5.39,0.59,,41.2,90.0
2026-03-21 13:37:54,ROB-005,Running,47.04,5.42,269.22,5.9,1.62,,32.2,64.9
2026-03-21 13:47:54,ROB-005,Running,54.56,9.51,192.0,5.95,1.14,,38.7,85.9
2026-03-21 13:57:54,ROB-005,Fault,49.41,20.58,2328.96,5.73,0.92,E44,0,0
2026-03-21 14:07:54,ROB-005,Running,43.03,5.01,1128.02,5.61,1.24,,28.4,60.6
2026-03-21 14:17:54,ROB-005,Running,52.11,11.02,1228.61,5.12,1.74,,43.7,82.6
2026-03-21 14:27:54,ROB-005,Running,40.58,10.68,727.74,5.01,0.83,,36.3,93.3
2026-03-21 14:37:54,ROB-005,Running,40.01,10.9,403.26,5.26,0.38,,37.8,85.3
2026-03-21 14:47:54,ROB-005,Fault,36.45,2.45,1427.03,5.77,2.72,E48,0,0
2026-03-21 14:57:54,ROB-005,Fault,32.67,15.25,1624.23,5.58,2.95,E50,0,0
2026-03-21 15:07:54,ROB-005,Running,50.5,8.43,1131.56,4.9,1.17,,39.5,85.2
2026-03-21 15:17:54,ROB-005,Running,55.81,6.34,1608.83,5.32,0.89,,31.2,86.4
2026-03-21 15:27:54,ROB-005,Running,30.7,12.92,2000.86,4.47,1.34,,41.7,93.3
2026-03-21 15:37:54,ROB-005,Running,44.8,10.31,1095.03,5.61,0.59,,36.2,73.4
2026-03-21 15:47:54,ROB-005,Running,68.03,4.67,1188.79,5.92,0.63,,33.7,72.3
2026-03-21 15:57:54,ROB-005,Fault,47.81,17.67,2368.68,5.43,0.48,E45,0,0
2026-03-21 16:07:54,ROB-005,Running,46.09,13.52,1832.8,5.44,0.66,,35.3,67.5
2026-03-21 16:17:54,ROB-005,Fault,45.94,23.18,1219.7,5.95,0.17,E50,0,0
2026-03-21 16:27:54,ROB-005,Fault,47.9,6.4,1715.22,5.3,3.56,E46,0,0
2026-03-21 16:37:54,ROB-005,Running,48.68,22.87,451.22,5.94,1.34,,29.5,86.8
2026-03-21 16:47:54,ROB-005,Idle,54.25,6.62,1282.33,4.98,1.14,,0,0
2026-03-21 16:57:54,ROB-005,Running,51.83,2.78,985.23,5.87,1.36,,29.4,75.6
2026-03-21 17:07:54,ROB-005,Running,40.61,16.67,974.38,5.42,0.62,,28.3,84.4
2026-03-21 17:17:54,ROB-005,Running,61.29,4.77,485.66,5.08,0.23,,41.8,75.4
2026-03-21 17:27:54,ROB-005,Running,41.49,20.52,887.39,5.95,1.34,,40.8,80.6
2026-03-21 17:37:54,ROB-005,Running,47.2,4.24,472.17,5.6,0.62,,37.0,84.2
2026-03-21 17:47:54,ROB-005,Running,44.1,7.08,1740.85,5.29,0.54,,41.5,66.5
2026-03-21 17:57:54,ROB-005,Running,45.23,16.77,1269.67,5.54,0.28,,35.5,63.6
2026-03-21 18:07:54,ROB-005,Running,28.22,16.99,1512.28,5.59,0.73,,28.3,83.7
2026-03-21 18:17:54,ROB-005,Running,46.02,10.65,242.45,5.19,0.89,,44.5,73.9
2026-03-21 18:27:54,ROB-005,Running,40.17,14.12,1323.45,5.04,2.72,,41.3,80.9
2026-03-21 18:37:54,ROB-005,Running,45.88,9.35,217.43,5.72,1.46,,37.7,88.8
2026-03-21 18:47:54,ROB-005,Fault,30.62,12.77,1185.07,3.78,0.79,E41,0,0
2026-03-21 18:57:54,ROB-005,Running,42.01,16.97,1169.15,5.5,0.91,,44.1,84.5
2026-03-21 19:07:54,ROB-005,Fault,51.39,21.79,321.52,3.74,1.83,E47,0,0
2026-03-21 19:17:54,ROB-005,Running,36.86,6.04,1274.86,5.72,1.41,,33.6,72.8
2026-03-21 19:27:54,ROB-005,Fault,38.98,10.33,951.45,5.84,3.74,E46,0,0
2026-03-21 19:37:54,ROB-005,Running,33.61,23.64,1350.57,5.8,0.73,,42.7,89.8
2026-03-21 19:47:54,ROB-005,Running,45.29,2.96,1647.58,5.92,0.95,,42.7,88.9
2026-03-21 19:57:54,ROB-005,Running,48.82,14.32,478.91,5.34,0.54,,31.0,65.3
2026-03-21 20:07:54,ROB-005,Running,27.58,14.75,1176.83,4.38,0.36,,39.1,68.1
2026-03-21 20:17:54,ROB-005,Idle,54.91,21.91,424.28,5.89,2.04,,0,0
2026-03-21 20:27:54,ROB-005,Running,33.33,11.16,1723.35,5.37,0.92,,45.0,86.6
2026-03-21 20:37:54,ROB-005,Fault,80.61,12.53,609.66,5.72,0.16,E42,0,0
2026-03-21 20:47:54,ROB-005,Running,75.56,9.77,1083.9,5.0,0.63,,29.9,91.1
2026-03-21 20:57:54,ROB-005,Running,30.45,5.59,380.61,5.37,1.63,,42.9,65.5
2026-03-21 21:07:54,ROB-005,Running,49.34,11.24,1674.79,5.93,1.35,,31.2,68.2
2026-03-21 21:17:54,ROB-005,Running,72.06,14.5,244.19,5.05,0.94,,39.6,93.7
2026-03-21 21:27:54,ROB-005,Running,79.16,6.75,404.47,5.93,1.22,,38.8,89.4
2026-03-21 21:37:54,ROB-005,Running,43.57,13.3,1070.73,5.79,0.78,,39.3,80.8
2026-03-21 21:47:54,ROB-005,Running,50.55,3.73,1666.53,5.81,1.5,,33.0,93.0
2026-03-21 21:57:54,ROB-005,Fault,83.87,17.65,987.09,5.41,0.63,E41,0,0
2026-03-21 22:07:54,ROB-005,Running,43.48,4.82,836.78,5.65,1.46,,30.2,94.5
2026-03-21 22:17:54,ROB-005,Running,28.79,12.2,800.43,5.62,2.26,,42.3,91.3
2026-03-21 22:27:54,ROB-005,Running,49.53,11.86,1298.68,4.02,0.73,,31.4,82.7
2026-03-21 22:37:54,ROB-005,Running,48.17,14.89,435.98,5.43,0.76,,35.4,64.1
2026-03-21 22:47:54,ROB-005,Running,52.94,21.36,1492.7,5.7,0.48,,40.8,75.0
2026-03-21 22:57:54,ROB-005,Running,54.43,7.12,1895.78,5.65,1.22,,30.0,86.5
2026-03-21 23:07:54,ROB-005,Running,33.71,13.97,1301.01,5.28,0.15,,35.4,81.4
2026-03-21 23:17:54,ROB-005,Running,27.88,11.31,1057.77,4.82,1.44,,31.3,70.4
2026-03-21 23:27:54,ROB-005,Running,43.34,11.62,1208.05,5.05,1.37,,36.6,84.1
2026-03-21 23:37:54,ROB-005,Running,60.45,11.83,2175.65,5.34,0.71,,29.3,88.5
2026-03-21 23:47:54,ROB-005,Running,45.97,14.33,526.86,5.75,0.99,,42.8,94.4
2026-03-21 23:57:54,ROB-005,Running,51.63,12.98,576.03,5.94,2.25,,42.2,88.2
2026-03-22 00:07:54,ROB-005,Running,42.11,16.26,558.8,5.84,0.97,,39.3,91.2
2026-03-22 00:17:54,ROB-005,Running,33.88,17.39,1119.43,5.74,2.92,,33.8,79.9
2026-03-22 00:27:54,ROB-005,Running,34.13,12.44,584.6,5.2,0.34,,29.1,94.9
2026-03-22 00:37:54,ROB-005,Running,46.59,4.57,1831.41,5.5,0.5,,44.7,93.7
2026-03-22 00:47:54,ROB-005,Fault,51.79,16.37,478.69,5.87,3.9,E44,0,0
2026-03-22 00:57:54,ROB-005,Running,42.43,3.26,602.04,5.9,1.48,,34.9,70.0
2026-03-22 01:07:54,ROB-005,Running,68.98,16.55,678.35,5.15,1.11,,34.5,65.2
2026-03-22 01:17:54,ROB-005,Running,51.1,3.62,1472.51,5.92,1.06,,43.3,74.1
2026-03-22 01:27:54,ROB-005,Fault,73.19,7.44,860.95,4.42,0.74,E44,0,0
2026-03-22 01:37:54,ROB-005,Running,54.08,11.35,362.34,5.2,0.34,,29.4,74.5
2026-03-22 01:47:54,ROB-005,Running,31.19,14.32,1172.44,4.74,0.45,,28.9,61.9
2026-03-22 01:57:54,ROB-005,Fault,41.13,8.13,725.08,6.0,2.99,E42,0,0
2026-03-22 02:07:54,ROB-005,Running,47.19,7.8,1325.67,5.91,2.18,,42.4,73.4
2026-03-22 02:17:54,ROB-005,Running,50.59,17.45,730.61,5.39,1.27,,34.4,90.8
2026-03-22 02:27:54,ROB-005,Running,51.44,14.48,344.2,4.62,0.22,,34.6,93.2
2026-03-22 02:37:54,ROB-005,Running,37.56,11.72,1256.44,5.93,0.8,,30.8,87.6
2026-03-22 02:47:54,ROB-005,Running,36.2,3.2,1287.12,5.69,1.44,,35.1,61.0
2026-03-22 02:57:54,ROB-005,Running,36.85,12.55,1490.07,5.91,1.24,,35.6,69.3
2026-03-22 03:07:54,ROB-005,Running,54.55,6.33,412.58,4.8,0.14,,43.6,92.1
2026-03-22 03:17:54,ROB-005,Running,49.2,5.91,1393.82,5.01,1.15,,41.0,93.9
2026-03-22 03:27:54,ROB-005,Fault,72.9,17.71,1005.75,5.6,1.05,E50,0,0
2026-03-22 03:37:54,ROB-005,Running,30.48,10.76,808.38,5.06,0.12,,43.5,75.4
2026-03-22 03:47:54,ROB-005,Fault,36.55,12.5,2203.43,5.77,1.89,E42,0,0
2026-03-22 03:57:54,ROB-005,Idle,25.11,6.55,1074.8,5.63,1.28,,0,0
2026-03-22 04:07:54,ROB-005,Running,48.59,16.69,1209.23,6.0,0.83,,34.1,84.8
2026-03-22 04:17:54,ROB-005,Running,46.62,19.5,952.88,4.22,1.16,,39.7,71.8
2026-03-22 04:27:54,ROB-005,Fault,50.9,6.3,1020.42,5.78,3.79,E44,0,0
2026-03-22 04:37:54,ROB-005,Running,53.85,11.61,227.4,5.35,1.0,,33.0,85.7
2026-03-22 04:47:54,ROB-005,Running,31.85,7.74,1658.23,5.83,0.71,,44.5,68.5
2026-03-22 04:57:54,ROB-005,Running,30.96,15.35,1169.77,5.76,0.16,,43.3,87.8
2026-03-22 05:07:54,ROB-005,Running,26.02,6.33,2054.62,5.18,0.67,,32.1,88.5
2026-03-22 05:17:54,ROB-005,Fault,53.76,21.98,2493.88,5.62,0.41,E41,0,0
2026-03-22 05:27:54,ROB-005,Running,30.61,14.26,1228.29,5.14,0.66,,33.6,86.7
2026-03-22 05:37:54,ROB-005,Fault,45.27,19.99,194.61,3.77,0.64,E47,0,0
2026-03-22 05:47:54,ROB-005,Running,32.92,7.17,1406.43,5.95,1.39,,39.4,92.9
2026-03-22 05:57:54,ROB-005,Running,44.51,5.31,793.26,5.02,0.21,,30.8,62.4
2026-03-22 06:07:54,ROB-005,Idle,31.84,4.55,850.0,5.04,2.09,,0,0
2026-03-22 06:17:54,ROB-005,Running,31.22,17.51,1843.74,5.34,0.11,,43.2,79.4
2026-03-22 06:27:54,ROB-005,Running,52.33,12.55,1049.11,5.16,1.33,,38.8,77.3
2026-03-22 06:37:54,ROB-005,Running,38.55,14.84,549.45,5.93,1.41,,30.2,67.3
2026-03-22 06:47:54,ROB-005,Running,47.2,2.23,1727.48,5.29,1.46,,39.3,60.6
2026-03-22 06:57:54,ROB-005,Running,30.01,2.49,1349.42,5.35,0.44,,37.2,76.8
2026-03-22 07:07:54,ROB-005,Running,27.92,5.73,692.18,5.79,0.93,,40.7,80.7
2026-03-22 07:17:54,ROB-005,Fault,51.32,15.28,1647.57,3.72,1.1,E50,0,0
2026-03-22 07:27:54,ROB-005,Running,46.09,15.93,867.44,5.42,2.54,,36.1,80.6
2026-03-22 07:37:54,ROB-005,Running,54.41,7.37,1554.39,5.58,0.98,,31.7,86.7
2026-03-22 07:47:54,ROB-005,Running,25.25,5.47,493.22,5.92,2.5,,36.5,69.0
2026-03-22 07:57:54,ROB-005,Running,53.01,12.64,205.1,5.8,0.59,,30.9,78.0
2026-03-22 08:07:54,ROB-005,Running,42.41,2.11,654.8,5.65,0.24,,33.9,91.1
2026-03-22 08:17:54,ROB-005,Running,40.62,13.67,211.38,5.85,1.13,,29.8,77.5
2026-03-22 08:27:54,ROB-005,Running,38.58,17.05,301.24,5.41,0.68,,32.7,67.6
2026-03-22 08:37:54,ROB-005,Running,30.41,16.52,1184.79,5.74,0.43,,34.5,73.7
2026-03-22 08:47:54,ROB-005,Running,37.8,5.5,263.98,5.72,0.89,,43.0,76.9
2026-03-22 08:57:54,ROB-005,Running,40.22,16.38,272.2,5.07,0.82,,36.2,74.7
2026-03-22 09:07:54,ROB-005,Fault,49.87,10.53,968.78,5.48,3.39,E43,0,0
2026-03-22 09:17:54,ROB-005,Running,45.71,6.42,517.35,5.79,0.48,,40.8,92.3
2026-03-22 09:27:54,ROB-005,Running,47.3,3.64,1074.68,5.61,1.49,,36.6,62.5
2026-03-22 09:37:54,ROB-005,Running,52.21,9.45,1860.77,5.62,0.17,,30.4,85.7
2026-03-22 09:47:54,ROB-005,Running,47.53,3.78,1075.36,5.56,0.49,,40.1,69.4
2026-03-22 09:57:54,ROB-005,Running,38.01,2.73,1635.22,5.56,1.15,,38.8,67.4
2026-03-22 10:07:54,ROB-005,Fault,26.82,14.37,1417.44,5.16,3.42,E45,0,0
2026-03-22 10:17:54,ROB-005,Running,30.38,16.82,836.91,5.75,0.88,,44.5,95.0
2026-03-22 10:27:54,ROB-005,Running,42.75,6.91,2058.53,5.74,0.39,,44.4,83.1
2026-03-22 10:37:54,ROB-005,Running,40.61,6.79,1069.95,4.97,2.94,,38.4,63.8
2026-03-22 10:47:54,ROB-005,Running,27.79,12.69,1673.99,5.71,0.33,,29.3,65.9
2026-03-22 10:57:54,ROB-005,Fault,34.39,10.17,2148.08,4.16,1.5,E42,0,0
2026-03-22 11:07:54,ROB-005,Running,48.57,7.64,593.73,5.8,1.43,,43.6,74.8
2026-03-22 11:17:54,ROB-005,Idle,32.81,16.1,814.93,5.92,0.17,,0,0
2026-03-22 11:27:54,ROB-005,Running,41.98,17.21,1316.96,5.78,1.37,,44.2,64.5
2026-03-22 11:37:54,ROB-005,Running,46.02,13.0,1758.14,5.77,1.06,,34.0,92.7
2026-03-22 11:47:54,ROB-005,Running,43.53,13.49,1494.94,4.56,1.38,,29.5,79.2
2026-03-22 11:57:54,ROB-005,Running,40.85,4.22,893.05,5.5,0.91,,33.9,74.1
2026-03-22 12:07:54,ROB-005,Idle,30.3,22.76,539.21,5.78,1.16,,0,0
2026-03-22 12:17:54,ROB-005,Running,51.87,14.86,2122.03,5.92,1.41,,43.7,70.6
2026-03-22 12:27:54,ROB-005,Running,42.67,21.95,598.81,5.8,0.72,,30.3,68.3
2026-03-22 12:37:54,ROB-005,Running,51.92,17.99,769.41,3.37,1.09,,38.6,74.1
2026-03-22 12:47:54,ROB-005,Running,51.84,2.84,2099.43,5.87,0.81,,31.9,65.2
2026-03-22 12:57:54,ROB-005,Running,36.82,10.04,1805.35,4.39,0.56,,29.2,85.9
2026-03-22 13:07:54,ROB-005,Running,30.6,9.97,579.16,5.52,1.36,,39.7,91.3
2026-03-22 13:17:54,ROB-005,Running,39.95,19.08,1439.79,5.76,0.32,,38.5,84.6
2026-03-22 13:27:54,ROB-005,Running,34.59,19.02,184.23,5.29,1.22,,33.1,71.3
2026-03-22 13:37:54,ROB-005,Running,33.85,19.01,1153.28,5.03,1.11,,38.4,64.1
2026-03-22 13:47:54,ROB-005,Running,25.38,3.57,880.51,5.5,0.39,,28.2,69.7
2026-03-22 13:57:54,ROB-005,Running,34.4,7.47,337.48,5.23,0.39,,42.4,84.1
2026-03-22 14:07:54,ROB-005,Running,31.03,7.0,909.72,5.16,1.37,,29.2,82.7
2026-03-22 14:17:54,ROB-005,Running,32.26,16.79,1973.94,5.99,0.82,,33.3,92.7
2026-03-22 14:27:54,ROB-005,Fault,39.53,27.61,962.9,5.61,3.15,E42,0,0
2026-03-22 14:37:54,ROB-005,Running,50.85,11.2,1046.44,5.84,0.63,,34.8,60.2
2026-03-22 14:47:54,ROB-005,Running,42.14,5.9,139.11,5.78,1.48,,41.6,94.6
2026-03-22 14:57:54,ROB-005,Running,28.1,11.68,203.19,5.42,0.33,,43.1,62.6
2026-03-22 15:07:54,ROB-005,Running,26.19,11.59,278.33,5.63,0.31,,35.8,94.8
2026-03-22 15:17:54,ROB-005,Running,41.74,6.98,717.97,5.78,0.61,,33.5,94.5
2026-03-22 15:27:54,ROB-005,Idle,59.48,13.04,321.69,5.39,0.75,,0,0
2026-03-22 15:37:54,ROB-005,Running,32.56,22.08,1037.45,5.55,1.49,,34.0,92.5
2026-03-22 15:47:54,ROB-005,Running,54.96,15.17,1265.63,4.44,0.59,,37.3,88.9
2026-03-22 15:57:54,ROB-005,Fault,59.75,3.6,1520.64,3.85,0.33,E45,0,0
2026-03-22 16:07:54,ROB-005,Running,25.65,9.81,952.09,5.08,1.1,,28.5,90.0
2026-03-22 16:17:54,ROB-005,Running,45.94,8.45,968.57,3.44,1.32,,41.0,61.9
2026-03-22 16:27:54,ROB-005,Running,56.61,4.72,1191.99,5.7,0.34,,39.0,72.1
2026-03-22 16:37:54,ROB-005,Idle,37.73,10.5,129.5,5.15,0.7,,0,0
2026-03-22 16:47:54,ROB-005,Running,41.18,18.93,1659.47,5.52,1.41,,43.9,62.7
2026-03-22 16:57:54,ROB-005,Running,27.62,5.18,1259.82,5.35,1.25,,28.5,88.1
2026-03-22 17:07:54,ROB-005,Running,30.35,13.61,158.53,5.08,1.11,,36.6,77.9
2026-03-22 17:17:54,ROB-005,Running,28.7,3.01,1702.32,5.66,0.33,,42.5,62.1
2026-03-22 17:27:54,ROB-005,Running,69.64,9.29,663.55,5.18,0.16,,38.0,68.6
2026-03-22 17:37:54,ROB-005,Fault,79.25,21.03,1648.97,5.6,3.05,E45,0,0
2026-03-22 17:47:54,ROB-005,Running,41.14,3.93,1378.15,4.57,1.21,,40.3,71.9
2026-03-22 17:57:54,ROB-005,Running,49.5,16.01,1366.58,5.87,0.96,,31.1,68.0
2026-03-22 18:07:54,ROB-005,Fault,46.96,9.62,2409.42,5.85,0.87,E47,0,0
2026-03-22 18:17:54,ROB-005,Fault,44.4,6.32,2352.3,5.37,0.81,E49,0,0
2026-03-22 18:27:54,ROB-005,Running,38.51,22.91,867.23,6.0,0.28,,29.2,89.8
2026-03-22 18:37:54,ROB-005,Fault,28.1,23.86,524.81,5.92,0.43,E43,0,0
2026-03-22 18:47:54,ROB-005,Running,26.96,17.34,115.92,5.86,0.64,,43.0,81.2
2026-03-22 18:57:54,ROB-005,Running,62.81,13.43,203.31,5.96,1.8,,41.0,69.2
2026-03-22 19:07:54,ROB-005,Running,43.07,4.79,1114.68,5.59,0.25,,37.1,92.3
2026-03-22 19:17:54,ROB-005,Running,52.42,12.32,642.04,5.18,1.29,,35.8,94.8
2026-03-22 19:27:54,ROB-005,Running,30.71,11.68,799.71,5.39,1.71,,42.0,94.5
2026-03-22 19:37:54,ROB-005,Running,43.77,3.08,901.63,5.46,1.0,,37.7,68.5
2026-03-22 19:47:54,ROB-005,Running,52.68,9.55,1042.17,4.79,0.11,,31.2,71.6
2026-03-22 19:57:54,ROB-005,Running,48.11,8.15,668.27,5.0,0.14,,31.1,72.7
2026-03-22 20:07:54,ROB-005,Running,29.69,14.29,435.94,5.26,0.12,,37.9,66.1
2026-03-22 20:17:54,ROB-005,Running,28.62,14.42,1934.34,5.95,0.72,,37.7,60.5
2026-03-22 20:27:54,ROB-005,Idle,49.3,2.9,372.33,5.84,0.5,,0,0
2026-03-22 20:37:54,ROB-005,Running,47.23,4.73,2034.07,5.75,1.09,,30.0,72.1
2026-03-22 20:47:54,ROB-005,Fault,26.55,3.59,1303.06,3.48,0.41,E47,0,0
2026-03-22 20:57:54,ROB-005,Running,49.8,18.17,1440.85,4.32,1.41,,36.2,92.3
2026-03-22 21:07:54,ROB-005,Running,45.56,13.4,1254.8,4.76,0.94,,30.4,60.5
2026-03-22 21:17:54,ROB-005,Fault,82.74,8.78,974.99,5.64,0.93,E44,0,0
2026-03-22 21:27:54,ROB-005,Running,60.2,22.38,1048.16,5.51,1.73,,29.2,81.7
2026-03-22 21:37:54,ROB-005,Running,30.91,8.8,2095.47,5.98,2.28,,41.9,88.1
2026-03-22 21:47:54,ROB-005,Running,54.33,12.4,324.83,5.69,0.58,,31.3,64.1
2026-03-22 21:57:54,ROB-005,Running,53.7,15.39,1715.56,5.96,1.03,,32.7,66.4
2026-03-22 22:07:54,ROB-005,Running,35.05,7.0,244.34,5.45,1.26,,39.6,71.0
2026-03-22 22:17:54,ROB-005,Running,50.28,10.12,1393.25,5.06,1.12,,39.6,71.5
2026-03-22 22:27:54,ROB-005,Running,38.35,18.66,1111.38,5.61,0.29,,35.6,63.2
2026-03-22 22:37:54,ROB-005,Running,45.37,10.56,1257.62,4.22,3.44,,34.2,62.8
2026-03-22 22:47:54,ROB-005,Running,34.42,10.72,763.88,5.87,1.51,,35.0,89.5
2026-03-22 22:57:54,ROB-005,Running,35.72,10.67,2173.45,5.94,1.56,,44.0,66.8
2026-03-22 23:07:54,ROB-005,Running,37.45,4.55,1848.54,5.73,1.0,,33.5,76.6
2026-03-22 23:17:54,ROB-005,Running,47.27,3.94,1669.83,4.98,2.08,,43.6,88.1
2026-03-22 23:27:54,ROB-005,Running,51.59,14.79,867.03,5.18,0.79,,41.1,82.5
2026-03-22 23:37:54,ROB-005,Running,35.98,13.39,801.6,5.59,0.5,,37.5,74.9
2026-03-22 23:47:54,ROB-005,Running,33.89,17.32,294.36,5.91,0.61,,44.0,78.9
2026-03-22 23:57:54,ROB-005,Running,54.74,2.68,2019.32,5.09,0.78,,38.0,94.1
2026-03-23 00:07:54,ROB-005,Running,33.15,17.13,743.48,5.17,1.36,,37.9,83.0
2026-03-23 00:17:54,ROB-005,Running,34.67,13.36,897.99,4.05,1.47,,37.4,78.8
2026-03-23 00:27:54,ROB-005,Running,41.82,5.92,905.78,5.69,0.38,,37.7,78.8
2026-03-23 00:37:54,ROB-005,Running,41.53,7.45,716.34,5.94,1.01,,36.7,69.6
2026-03-23 00:47:54,ROB-005,Idle,45.48,3.84,987.22,5.73,0.16,,0,0
2026-03-23 00:57:54,ROB-005,Running,61.34,14.7,969.01,3.69,1.29,,29.2,73.0
2026-03-23 01:07:54,ROB-005,Idle,29.11,19.24,1884.57,5.51,1.48,,0,0
2026-03-23 01:17:54,ROB-005,Running,60.21,6.95,113.37,5.36,1.03,,37.3,70.1
2026-03-23 01:27:54,ROB-005,Running,39.15,3.21,713.25,5.88,1.4,,32.1,80.5
2026-03-23 01:37:54,ROB-005,Idle,52.25,10.04,1631.64,5.96,1.01,,0,0
2026-03-23 01:47:54,ROB-005,Idle,32.56,8.19,1335.9,5.17,0.78,,0,0
2026-03-23 01:57:54,ROB-005,Running,50.51,9.58,574.71,5.29,1.3,,35.2,92.6
2026-03-23 02:07:54,ROB-005,Running,50.93,5.51,369.61,5.77,1.04,,30.5,75.6
2026-03-23 02:17:54,ROB-005,Idle,39.97,17.99,463.99,5.67,1.96,,0,0
2026-03-23 02:27:54,ROB-005,Running,40.22,3.34,1377.63,5.57,0.3,,42.7,65.0
2026-03-23 02:37:54,ROB-005,Idle,67.74,17.7,1124.24,5.14,0.42,,0,0
2026-03-23 02:47:54,ROB-005,Fault,42.66,11.89,2110.62,5.18,0.72,E42,0,0
2026-03-23 02:57:54,ROB-005,Running,35.49,13.76,564.73,5.79,1.0,,36.3,75.0
2026-03-23 03:07:54,ROB-005,Running,48.76,14.82,444.77,5.37,0.99,,42.7,77.2
2026-03-23 03:17:54,ROB-005,Running,31.96,17.65,2059.5,5.33,2.36,,33.9,73.3
2026-03-23 03:27:54,ROB-005,Fault,36.35,15.43,2291.07,5.48,1.0,E44,0,0
2026-03-23 03:37:54,ROB-005,Running,48.68,7.86,1174.9,5.34,0.57,,29.9,87.1
2026-03-23 03:47:54,ROB-005,Running,32.28,3.25,427.36,5.02,1.02,,29.4,93.0
2026-03-23 03:57:54,ROB-005,Running,49.57,15.6,1416.92,3.8,0.98,,40.7,74.5
2026-03-23 04:07:54,ROB-005,Fault,47.5,26.11,582.49,5.41,0.93,E48,0,0
2026-03-23 04:17:54,ROB-005,Running,37.88,11.22,1394.08,5.96,1.52,,36.9,80.4
2026-03-23 04:27:54,ROB-005,Running,50.81,15.05,1687.21,5.13,0.95,,40.7,66.7
2026-03-23 04:37:54,ROB-005,Fault,28.77,3.31,1695.16,3.4,0.38,E50,0,0
2026-03-23 04:47:54,ROB-005,Running,36.76,11.75,1224.32,5.31,0.26,,29.6,86.2
2026-03-23 04:57:54,ROB-005,Running,46.05,6.03,666.49,5.19,0.62,,36.0,65.3
2026-03-23 05:07:54,ROB-005,Running,26.55,24.41,2174.93,5.74,0.81,,43.9,66.6
2026-03-23 05:17:54,ROB-005,Running,31.04,11.91,1597.74,5.97,0.82,,38.2,63.5
2026-03-23 05:27:54,ROB-005,Idle,46.1,16.06,954.89,5.14,0.27,,0,0
2026-03-23 05:37:54,ROB-005,Running,64.96,9.87,1529.46,5.95,0.34,,40.7,82.4
2026-03-23 05:47:54,ROB-005,Fault,84.5,2.09,180.08,5.49,0.89,E45,0,0
2026-03-23 05:57:54,ROB-005,Running,44.2,11.31,1717.08,5.41,1.04,,44.5,61.8
2026-03-23 06:07:54,ROB-005,Running,35.02,21.64,1305.05,5.13,0.56,,30.8,62.8
2026-03-23 06:17:54,ROB-005,Running,39.45,12.3,919.15,5.15,0.28,,43.5,73.0
2026-03-23 06:27:54,ROB-005,Running,33.2,16.12,477.64,5.92,1.03,,37.9,89.8
2026-03-23 06:37:54,ROB-005,Idle,25.27,8.37,971.18,5.78,0.41,,0,0
2026-03-23 06:47:54,ROB-005,Running,38.95,16.19,732.71,5.24,0.27,,29.7,67.4
2026-03-23 06:57:54,ROB-005,Running,41.72,18.72,850.81,5.17,1.41,,44.8,90.5
2026-03-23 07:07:54,ROB-005,Running,35.1,5.43,340.74,5.82,0.28,,29.3,64.3
2026-03-23 07:17:54,ROB-005,Running,53.59,16.31,1498.2,5.75,0.12,,29.8,82.3
2026-03-23 07:27:54,ROB-005,Running,28.73,6.83,1020.46,5.62,1.4,,39.9,79.8
2026-03-23 07:37:54,ROB-005,Running,28.01,6.18,979.04,5.15,1.03,,36.1,86.0
2026-03-23 07:47:54,ROB-005,Running,43.89,22.13,1719.21,5.43,0.79,,39.6,92.2
2026-03-23 07:57:54,ROB-005,Running,34.78,9.3,1434.17,5.92,1.05,,28.7,79.3
2026-03-23 08:07:54,ROB-005,Running,50.25,6.76,1379.31,5.54,0.51,,34.4,70.3
2026-03-23 08:17:54,ROB-005,Running,45.04,2.65,1947.11,5.25,1.31,,40.6,78.3
2026-03-23 08:27:54,ROB-005,Running,28.87,16.04,1886.32,5.23,0.32,,38.8,94.3
2026-03-23 08:37:54,ROB-005,Idle,49.77,14.72,1036.06,5.81,2.22,,0,0
2026-03-23 08:47:54,ROB-005,Fault,72.86,21.95,1527.93,5.64,0.22,E44,0,0
2026-03-23 08:57:54,ROB-005,Fault,40.08,15.69,729.85,3.8,0.78,E41,0,0
2026-03-23 09:07:54,ROB-005,Running,27.12,6.56,191.53,5.89,1.09,,38.8,87.8
2026-03-23 09:17:54,ROB-005,Running,44.96,13.4,778.34,5.0,1.32,,42.3,76.9
2026-03-23 09:27:54,ROB-005,Running,48.54,19.52,500.49,5.94,0.79,,28.5,79.9
2026-03-23 09:37:54,ROB-005,Running,52.37,21.19,678.88,5.24,1.31,,31.3,71.3
2026-03-23 09:47:54,ROB-005,Running,44.36,17.06,179.36,5.01,0.68,,41.7,82.0
2026-03-23 09:57:54,ROB-005,Fault,73.7,8.33,173.7,4.83,0.71,E50,0,0
2026-03-23 10:07:54,ROB-005,Fault,83.45,2.35,1105.94,5.06,0.9,E45,0,0
2026-03-23 10:17:54,ROB-005,Running,46.29,21.25,1985.27,5.56,0.89,,39.2,64.9
2026-03-23 10:27:54,ROB-005,Running,52.56,6.87,1153.95,5.34,1.29,,44.2,61.3
2026-03-23 10:37:54,ROB-005,Running,31.96,2.21,1306.21,5.98,0.89,,43.8,90.3
2026-03-23 10:47:54,ROB-005,Running,31.02,14.74,556.92,5.18,0.46,,34.4,77.9
2026-03-23 10:57:54,ROB-005,Running,42.55,16.57,1588.68,5.41,2.48,,34.1,76.3
2026-03-23 11:07:54,ROB-005,Idle,25.55,15.23,262.34,5.89,0.14,,0,0
2026-03-23 11:17:54,ROB-005,Fault,41.28,4.23,205.52,3.7,0.33,E49,0,0
2026-03-23 11:27:54,ROB-005,Fault,46.0,20.38,929.93,5.82,3.67,E41,0,0
2026-03-23 11:37:54,ROB-005,Running,28.39,9.21,1412.07,5.3,0.11,,37.5,83.2
2026-03-23 11:47:54,ROB-005,Running,60.12,19.55,664.81,5.35,0.62,,41.6,64.7
2026-03-23 11:57:54,ROB-005,Running,25.88,3.75,1570.74,5.15,1.45,,32.9,80.5
2026-03-23 12:07:54,ROB-005,Running,51.58,17.37,1882.23,5.02,1.13,,33.7,79.3
2026-03-23 12:17:54,ROB-005,Fault,70.64,4.14,1722.82,5.09,1.62,E43,0,0
2026-03-23 12:27:54,ROB-005,Running,54.34,10.03,595.27,5.2,0.99,,34.4,89.9
2026-03-23 12:37:54,ROB-005,Running,27.72,13.01,820.82,5.07,0.97,,43.8,63.8
2026-03-23 12:47:54,ROB-005,Running,32.08,4.62,1146.09,5.07,1.29,,34.2,94.4
2026-03-23 12:57:54,ROB-005,Running,51.75,12.08,114.51,5.73,1.18,,44.0,94.7
2026-03-23 13:07:54,ROB-005,Running,67.93,2.28,634.04,5.34,0.44,,43.4,69.7
2026-03-23 13:17:54,ROB-005,Idle,27.3,11.56,455.36,5.52,0.38,,0,0
2026-03-23 13:27:54,ROB-005,Running,51.94,17.86,1516.36,5.22,0.92,,40.8,78.7
2026-03-23 13:37:54,ROB-005,Running,26.82,12.19,1165.22,5.75,0.48,,34.4,89.5
2026-03-23 13:47:54,ROB-005,Running,27.63,14.72,889.36,5.92,2.07,,38.6,82.4
2026-03-23 13:57:54,ROB-005,Fault,77.36,22.68,1779.62,5.91,0.18,E46,0,0
2026-03-23 14:07:54,ROB-005,Running,32.0,16.84,1845.02,5.49,0.74,,35.6,68.2
2026-03-23 14:17:54,ROB-005,Running,41.99,16.04,1287.62,5.43,0.86,,29.9,69.8
2026-03-23 14:27:54,ROB-005,Running,30.17,10.11,1063.2,5.93,1.05,,30.5,91.7
2026-03-23 14:37:54,ROB-005,Running,48.92,9.49,793.04,5.12,0.75,,29.6,60.7
2026-03-23 14:47:54,ROB-005,Running,26.8,9.6,1654.07,5.32,1.22,,38.3,94.5
2026-03-23 14:57:54,ROB-005,Running,29.95,19.33,1028.89,5.07,0.8,,42.7,93.1
2026-03-23 15:07:54,ROB-005,Fault,44.61,9.64,389.53,5.8,3.91,E44,0,0
2026-03-23 15:17:54,ROB-005,Running,48.15,3.19,151.57,5.6,1.31,,44.7,88.5
2026-03-23 15:27:54,ROB-005,Running,53.62,21.42,1857.02,5.52,1.31,,43.2,63.2
2026-03-23 15:37:54,ROB-005,Running,65.28,15.46,969.35,5.61,0.42,,33.5,71.4
2026-03-23 15:47:54,ROB-005,Running,36.73,11.92,1506.15,5.72,1.69,,34.6,76.3
2026-03-23 15:57:54,ROB-005,Running,54.2,16.92,980.82,5.69,1.09,,41.4,77.3
2026-03-23 16:07:54,ROB-005,Running,31.79,10.42,594.13,5.3,1.19,,34.2,72.3
2026-03-23 16:17:54,ROB-005,Running,26.85,18.68,827.44,5.7,1.41,,35.6,62.5
2026-03-23 16:27:54,ROB-005,Running,53.88,7.97,266.1,5.2,0.79,,35.7,60.3
2026-03-23 16:37:54,ROB-005,Running,46.62,12.35,809.03,5.28,0.34,,34.1,71.6
2026-03-23 16:47:54,ROB-005,Running,51.16,15.0,353.29,3.85,1.47,,40.3,64.8
2026-03-23 16:57:54,ROB-005,Running,47.37,11.84,2024.1,5.04,2.34,,37.7,64.1
2026-03-23 17:07:54,ROB-005,Running,45.18,2.99,168.8,5.48,0.97,,37.6,92.4
2026-03-23 17:17:54,ROB-005,Fault,33.87,3.55,2386.29,5.84,1.06,E45,0,0
2026-03-23 17:27:54,ROB-005,Running,27.2,15.81,607.5,5.56,0.68,,36.0,86.1
2026-03-23 17:37:54,ROB-005,Running,43.2,13.12,300.47,5.9,0.35,,39.9,93.0
2026-03-23 17:47:54,ROB-005,Running,48.56,2.89,1205.93,5.39,0.8,,34.2,75.5
2026-03-23 17:57:54,ROB-005,Running,45.28,15.63,265.13,4.22,0.96,,34.5,69.6
2026-03-23 18:07:54,ROB-005,Running,53.59,18.0,1849.2,5.87,0.64,,36.5,67.7
2026-03-23 18:17:54,ROB-005,Fault,44.85,13.37,1767.33,3.52,1.06,E45,0,0
2026-03-23 18:27:54,ROB-005,Fault,72.0,10.46,177.97,5.51,0.95,E48,0,0
2026-03-23 18:37:54,ROB-005,Running,52.57,6.07,2079.94,5.49,0.2,,30.8,71.3
2026-03-23 18:47:54,ROB-005,Running,79.51,17.5,1547.2,5.19,1.22,,41.2,89.4
2026-03-23 18:57:54,ROB-005,Running,30.16,3.53,1351.78,5.82,1.41,,29.8,62.9
2026-03-23 19:07:54,ROB-005,Running,73.44,3.44,1119.32,5.9,0.93,,38.1,78.3
2026-03-23 19:17:54,ROB-005,Running,37.04,14.12,2038.5,5.66,0.79,,31.7,65.7
2026-03-23 19:27:54,ROB-005,Running,28.33,9.23,1667.63,4.35,1.22,,44.3,81.2
2026-03-23 19:37:54,ROB-005,Running,29.61,14.73,1513.64,5.62,0.46,,36.8,85.7
2026-03-23 19:47:54,ROB-005,Running,40.01,7.18,1672.32,5.13,0.28,,41.9,90.7
2026-03-23 19:57:54,ROB-005,Running,28.19,12.84,953.74,5.91,0.84,,38.3,89.5
2026-03-23 20:07:54,ROB-005,Running,52.31,10.88,2018.77,5.6,1.11,,37.6,80.7
2026-03-23 20:17:54,ROB-005,Running,44.96,10.02,552.12,4.07,0.29,,29.1,60.2
2026-03-23 20:27:54,ROB-005,Running,46.72,4.41,741.84,5.19,0.88,,36.3,85.0
2026-03-23 20:37:54,ROB-005,Running,31.85,8.74,622.1,5.44,0.73,,29.5,92.4
2026-03-23 20:47:54,ROB-005,Running,35.21,12.8,506.9,3.93,2.24,,40.3,74.0
2026-03-23 20:57:54,ROB-005,Idle,40.86,6.92,1189.41,5.99,1.58,,0,0
2026-03-23 21:07:54,ROB-005,Running,52.35,18.77,943.22,5.33,1.12,,28.1,80.7
2026-03-23 21:17:54,ROB-005,Idle,58.91,8.44,2065.21,5.87,0.61,,0,0
2026-03-23 21:27:54,ROB-005,Running,36.98,14.51,1765.12,5.02,1.27,,30.6,66.5
2026-03-23 21:37:54,ROB-005,Running,54.19,6.39,1292.22,5.86,1.06,,35.7,71.8
2026-03-23 21:47:54,ROB-005,Running,32.77,9.73,1455.5,5.02,0.19,,34.4,61.5
2026-03-23 21:57:54,ROB-005,Running,76.75,7.96,1137.75,5.29,3.31,,33.4,89.9
2026-03-23 22:07:54,ROB-005,Running,44.29,2.27,1752.1,5.58,1.31,,29.6,79.4
2026-03-23 22:17:54,ROB-005,Running,36.83,6.41,1557.86,5.4,0.55,,29.3,92.9
2026-03-23 22:27:54,ROB-005,Running,26.51,4.21,1763.65,5.71,0.93,,34.4,70.6
2026-03-23 22:37:54,ROB-005,Running,52.01,3.56,1023.36,5.85,1.13,,40.0,73.6
2026-03-23 22:47:54,ROB-005,Running,44.49,3.65,358.45,5.82,1.58,,41.9,73.4
2026-03-23 22:57:54,ROB-005,Running,35.87,3.44,1314.01,5.49,0.47,,41.7,78.9
2026-03-23 23:07:54,ROB-005,Running,44.78,11.64,1017.74,5.41,0.83,,31.9,85.5
2026-03-23 23:17:54,ROB-005,Running,39.45,9.47,1670.74,5.73,0.19,,39.2,88.6
2026-03-23 23:27:54,ROB-005,Running,35.05,13.51,379.75,5.4,1.02,,43.2,73.7
2026-03-23 23:37:54,ROB-005,Running,52.52,22.33,1303.66,5.33,0.2,,30.0,64.6
2026-03-23 23:47:54,ROB-005,Running,55.51,16.04,669.98,5.25,1.48,,39.4,63.2
2026-03-23 23:57:54,ROB-005,Running,51.79,7.73,1011.41,5.73,0.82,,42.7,60.9
2026-03-24 00:07:54,ROB-005,Fault,52.85,4.5,2381.43,4.74,0.62,E47,0,0
2026-03-24 00:17:54,ROB-005,Running,27.81,4.32,282.5,5.21,0.88,,31.9,74.8
2026-03-24 00:27:54,ROB-005,Fault,79.12,16.73,1782.88,5.88,0.99,E46,0,0
2026-03-24 00:37:54,ROB-005,Running,53.04,7.55,931.34,5.35,1.08,,44.3,90.8
2026-03-24 00:47:54,ROB-005,Fault,43.65,27.66,1300.51,5.71,0.68,E44,0,0
2026-03-24 00:57:54,ROB-005,Fault,34.8,13.97,431.09,4.79,3.65,E45,0,0
2026-03-24 01:07:54,ROB-005,Idle,50.52,3.99,115.28,5.61,0.64,,0,0
2026-03-24 01:17:54,ROB-005,Running,39.0,9.16,1908.63,5.39,0.36,,36.4,70.8
2026-03-24 01:27:54,ROB-005,Running,54.98,13.79,876.17,5.62,1.49,,37.9,64.2
2026-03-24 01:37:54,ROB-005,Running,52.7,24.56,1781.67,5.02,0.28,,41.0,64.7
2026-03-24 01:47:54,ROB-005,Running,47.0,18.49,142.85,5.03,1.29,,35.0,92.4
2026-03-24 01:57:54,ROB-005,Running,43.73,12.44,857.79,3.94,2.01,,44.1,60.3
2026-03-24 02:07:54,ROB-005,Running,51.91,8.94,582.42,5.34,2.34,,44.0,69.0
2026-03-24 02:17:54,ROB-005,Running,48.79,22.04,1815.01,5.63,0.79,,33.7,78.7
2026-03-24 02:27:54,ROB-005,Running,53.92,6.93,577.46,5.28,0.7,,37.5,71.8
2026-03-24 02:37:54,ROB-005,Running,50.78,4.95,448.52,5.65,0.43,,29.4,62.2
2026-03-24 02:47:54,ROB-005,Running,35.68,3.62,1694.85,5.84,0.42,,33.9,62.1
2026-03-24 02:57:54,ROB-005,Running,42.1,6.42,1553.38,5.46,1.17,,32.2,81.9
2026-03-24 03:07:54,ROB-005,Fault,78.72,16.27,1564.28,4.47,1.85,E48,0,0
2026-03-24 03:17:54,ROB-005,Running,46.23,17.13,277.13,5.77,0.91,,41.9,86.1
2026-03-24 03:27:54,ROB-005,Running,37.59,9.92,1571.2,5.36,0.13,,42.4,78.8
2026-03-24 03:37:54,ROB-005,Running,40.61,5.11,270.7,5.67,0.6,,33.1,68.7
2026-03-24 03:47:54,ROB-005,Running,39.68,6.06,724.16,5.78,1.53,,30.6,87.2
2026-03-24 03:57:54,ROB-005,Running,34.0,5.07,629.82,5.06,1.1,,32.3,68.8
2026-03-24 04:07:54,ROB-005,Running,36.09,4.18,1987.11,5.01,0.21,,39.5,73.5
2026-03-24 04:17:54,ROB-005,Running,45.09,15.38,1183.88,5.32,1.16,,40.6,91.7
2026-03-24 04:27:54,ROB-005,Running,49.22,13.14,1575.96,5.03,0.92,,35.2,85.7
2026-03-24 04:37:54,ROB-005,Running,62.05,19.84,2058.43,5.89,1.45,,41.5,62.2
2026-03-24 04:47:54,ROB-005,Running,45.62,3.44,375.02,5.83,1.46,,35.5,70.4
2026-03-24 04:57:54,ROB-005,Running,45.58,15.97,476.98,5.21,1.02,,37.9,66.4
2026-03-24 05:07:54,ROB-005,Running,29.54,13.65,603.15,5.64,0.19,,32.3,86.6
2026-03-24 05:17:54,ROB-005,Running,35.78,12.77,167.94,5.5,0.6,,33.7,80.0
2026-03-24 05:27:54,ROB-005,Running,68.53,11.06,473.54,5.46,0.48,,33.9,90.3
2026-03-24 05:37:54,ROB-005,Running,31.35,14.37,2026.02,5.07,1.23,,30.5,89.3
2026-03-24 05:47:54,ROB-005,Running,57.8,14.31,2075.51,5.96,0.69,,29.6,87.7
2026-03-24 05:57:54,ROB-005,Running,50.2,18.15,1225.83,5.82,0.23,,43.8,64.9
2026-03-24 06:07:54,ROB-005,Running,25.05,20.22,1389.25,5.55,0.77,,34.1,78.3
2026-03-24 06:17:54,ROB-005,Fault,81.75,14.94,197.34,5.41,1.44,E44,0,0
2026-03-24 06:27:54,ROB-005,Running,53.55,4.34,1410.01,5.98,1.18,,32.5,83.8
2026-03-24 06:37:54,ROB-005,Running,35.79,11.01,125.7,5.56,0.75,,34.3,81.0
2026-03-24 06:47:54,ROB-005,Idle,44.84,2.91,910.28,5.13,1.39,,0,0
2026-03-24 06:57:54,ROB-005,Running,37.14,17.75,678.09,3.01,0.15,,36.1,92.8
2026-03-24 07:07:54,ROB-005,Running,29.83,4.03,645.41,5.88,1.33,,36.6,83.2
2026-03-24 07:17:54,ROB-005,Running,33.19,5.73,914.93,5.44,1.05,,43.1,88.6
2026-03-24 07:27:54,ROB-005,Running,49.51,15.16,166.56,5.88,0.91,,32.3,74.1
2026-03-24 07:37:54,ROB-005,Running,25.99,17.86,347.59,5.64,1.35,,43.9,92.4
2026-03-24 07:47:54,ROB-005,Running,26.46,4.25,493.67,5.07,0.76,,43.9,70.3
2026-03-24 07:57:54,ROB-005,Running,41.99,10.58,1387.73,3.58,1.47,,38.0,66.8
2026-03-24 08:07:54,ROB-005,Fault,78.98,13.59,210.57,5.95,0.28,E44,0,0
2026-03-24 08:17:54,ROB-005,Running,26.99,17.43,335.6,5.9,0.37,,39.7,76.3
2026-03-24 08:27:54,ROB-005,Running,47.0,2.81,1737.24,5.95,0.45,,29.9,82.5
2026-03-24 08:37:54,ROB-005,Fault,40.03,8.47,2382.58,5.51,1.13,E45,0,0
2026-03-24 08:47:54,ROB-005,Running,43.88,25.52,985.1,5.14,1.01,,43.5,60.2
2026-03-24 08:57:54,ROB-005,Fault,26.19,13.43,1716.37,5.51,3.5,E46,0,0
2026-03-24 09:07:54,ROB-005,Running,69.6,18.61,377.72,6.0,0.73,,41.7,85.5
2026-03-24 09:17:54,ROB-005,Running,41.16,8.22,2069.51,5.55,0.34,,38.2,81.7
2026-03-24 09:27:54,ROB-005,Running,34.76,17.27,1039.5,5.89,2.22,,33.0,63.5
2026-03-24 09:37:54,ROB-005,Running,28.57,14.86,317.35,5.21,1.04,,36.5,80.3
2026-03-24 09:47:54,ROB-005,Running,76.78,12.88,1575.61,5.58,1.12,,31.3,77.1
2026-03-24 09:57:54,ROB-005,Running,29.41,12.16,1143.87,5.02,0.77,,28.6,79.4
2026-03-24 10:07:54,ROB-005,Running,28.94,8.65,103.71,5.05,1.15,,29.1,82.5
2026-03-24 10:17:54,ROB-005,Running,29.43,14.47,349.06,5.65,1.33,,30.1,84.3
2026-03-24 10:27:54,ROB-005,Fault,48.45,20.11,2179.67,5.61,1.16,E44,0,0
2026-03-24 10:37:54,ROB-005,Running,27.39,22.53,1335.75,5.99,1.23,,28.9,76.1
2026-03-24 10:47:54,ROB-005,Running,39.0,17.08,1274.57,5.25,0.49,,30.3,65.1
2026-03-24 10:57:54,ROB-005,Running,45.08,20.39,286.66,5.8,1.43,,34.2,75.1
2026-03-24 11:07:54,ROB-005,Running,25.65,3.08,305.17,5.31,0.19,,43.4,73.2
2026-03-24 11:17:54,ROB-005,Running,50.57,17.7,762.54,5.34,0.11,,32.3,62.3
2026-03-24 11:27:54,ROB-005,Running,33.11,8.01,622.34,5.25,0.97,,36.7,76.5
